#pragma once
#include <pgmspace.h>

// Auto-generated Vietnamese Smooth Font (16pt Segoe UI Semibold)
// Glyphs: 242, Total size: 34602 bytes

const uint8_t FontAmi16[] PROGMEM = {
    0x00, 0x00, 0x00, 0xF2, 0x00, 0x00, 0x00, 0x0B, 0x00, 0x00, 0x00, 0x10, 0x00, 0x00, 0x00, 0x00,
    0x00, 0x00, 0x00, 0x12, 0x00, 0x00, 0x00, 0x05, 0x00, 0x00, 0x00, 0x20, 0x00, 0x00, 0x00, 0x00,
    0x00, 0x00, 0x00, 0x00, 0x00, 0x00, 0x00, 0x04, 0x00, 0x00, 0x00, 0x00, 0x00, 0x00, 0x00, 0x00,
    0x00, 0x00, 0x00, 0x00, 0x00, 0x00, 0x00, 0x21, 0x00, 0x00, 0x00, 0x0B, 0x00, 0x00, 0x00, 0x05,
    0x00, 0x00, 0x00, 0x05, 0x00, 0x00, 0x00, 0x0B, 0x00, 0x00, 0x00, 0x00, 0x00, 0x00, 0x00, 0x00,
    0x00, 0x00, 0x00, 0x22, 0x00, 0x00, 0x00, 0x0B, 0x00, 0x00, 0x00, 0x07, 0x00, 0x00, 0x00, 0x07,
    0x00, 0x00, 0x00, 0x0B, 0x00, 0x00, 0x00, 0x00, 0x00, 0x00, 0x00, 0x00, 0x00, 0x00, 0x00, 0x23,
    0x00, 0x00, 0x00, 0x0B, 0x00, 0x00, 0x00, 0x0A, 0x00, 0x00, 0x00, 0x09, 0x00, 0x00, 0x00, 0x0B,
    0x00, 0x00, 0x00, 0x00, 0x00, 0x00, 0x00, 0x00, 0x00, 0x00, 0x00, 0x24, 0x00, 0x00, 0x00, 0x0E,
    0x00, 0x00, 0x00, 0x09, 0x00, 0x00, 0x00, 0x09, 0x00, 0x00, 0x00, 0x0C, 0x00, 0x00, 0x00, 0x00,
    0x00, 0x00, 0x00, 0x00, 0x00, 0x00, 0x00, 0x25, 0x00, 0x00, 0x00, 0x0B, 0x00, 0x00, 0x00, 0x0D,
    0x00, 0x00, 0x00, 0x0D, 0x00, 0x00, 0x00, 0x0B, 0x00, 0x00, 0x00, 0x00, 0x00, 0x00, 0x00, 0x00,
    0x00, 0x00, 0x00, 0x26, 0x00, 0x00, 0x00, 0x0B, 0x00, 0x00, 0x00, 0x0C, 0x00, 0x00, 0x00, 0x0B,
    0x00, 0x00, 0x00, 0x0B, 0x00, 0x00, 0x00, 0x00, 0x00, 0x00, 0x00, 0x00, 0x00, 0x00, 0x00, 0x27,
    0x00, 0x00, 0x00, 0x0B, 0x00, 0x00, 0x00, 0x04, 0x00, 0x00, 0x00, 0x04, 0x00, 0x00, 0x00, 0x0B,
    0x00, 0x00, 0x00, 0x00, 0x00, 0x00, 0x00, 0x00, 0x00, 0x00, 0x00, 0x28, 0x00, 0x00, 0x00, 0x0E,
    0x00, 0x00, 0x00, 0x06, 0x00, 0x00, 0x00, 0x05, 0x00, 0x00, 0x00, 0x0B, 0x00, 0x00, 0x00, 0x00,
    0x00, 0x00, 0x00, 0x00, 0x00, 0x00, 0x00, 0x29, 0x00, 0x00, 0x00, 0x0E, 0x00, 0x00, 0x00, 0x05,
    0x00, 0x00, 0x00, 0x05, 0x00, 0x00, 0x00, 0x0B, 0x00, 0x00, 0x00, 0x00, 0x00, 0x00, 0x00, 0x00,
    0x00, 0x00, 0x00, 0x2A, 0x00, 0x00, 0x00, 0x0B, 0x00, 0x00, 0x00, 0x07, 0x00, 0x00, 0x00, 0x07,
    0x00, 0x00, 0x00, 0x0B, 0x00, 0x00, 0x00, 0x00, 0x00, 0x00, 0x00, 0x00, 0x00, 0x00, 0x00, 0x2B,
    0x00, 0x00, 0x00, 0x08, 0x00, 0x00, 0x00, 0x0B, 0x00, 0x00, 0x00, 0x0B, 0x00, 0x00, 0x00, 0x08,
    0x00, 0x00, 0x00, 0x00, 0x00, 0x00, 0x00, 0x00, 0x00, 0x00, 0x00, 0x2C, 0x00, 0x00, 0x00, 0x04,
    0x00, 0x00, 0x00, 0x04, 0x00, 0x00, 0x00, 0x04, 0x00, 0x00, 0x00, 0x02, 0x00, 0x00, 0x00, 0x00,
    0x00, 0x00, 0x00, 0x00, 0x00, 0x00, 0x00, 0x2D, 0x00, 0x00, 0x00, 0x05, 0x00, 0x00, 0x00, 0x06,
    0x00, 0x00, 0x00, 0x06, 0x00, 0x00, 0x00, 0x05, 0x00, 0x00, 0x00, 0x00, 0x00, 0x00, 0x00, 0x00,
    0x00, 0x00, 0x00, 0x2E, 0x00, 0x00, 0x00, 0x02, 0x00, 0x00, 0x00, 0x04, 0x00, 0x00, 0x00, 0x04,
    0x00, 0x00, 0x00, 0x02, 0x00, 0x00, 0x00, 0x00, 0x00, 0x00, 0x00, 0x00, 0x00, 0x00, 0x00, 0x2F,
    0x00, 0x00, 0x00, 0x0D, 0x00, 0x00, 0x00, 0x08, 0x00, 0x00, 0x00, 0x07, 0x00, 0x00, 0x00, 0x0B,
    0xFF, 0xFF, 0xFF, 0xFF, 0x00, 0x00, 0x00, 0x00, 0x00, 0x00, 0x00, 0x30, 0x00, 0x00, 0x00, 0x0B,
    0x00, 0x00, 0x00, 0x09, 0x00, 0x00, 0x00, 0x09, 0x00, 0x00, 0x00, 0x0B, 0x00, 0x00, 0x00, 0x00,
    0x00, 0x00, 0x00, 0x00, 0x00, 0x00, 0x00, 0x31, 0x00, 0x00, 0x00, 0x0B, 0x00, 0x00, 0x00, 0x06,
    0x00, 0x00, 0x00, 0x06, 0x00, 0x00, 0x00, 0x0B, 0x00, 0x00, 0x00, 0x00, 0x00, 0x00, 0x00, 0x00,
    0x00, 0x00, 0x00, 0x32, 0x00, 0x00, 0x00, 0x0B, 0x00, 0x00, 0x00, 0x09, 0x00, 0x00, 0x00, 0x09,
    0x00, 0x00, 0x00, 0x0B, 0x00, 0x00, 0x00, 0x00, 0x00, 0x00, 0x00, 0x00, 0x00, 0x00, 0x00, 0x33,
    0x00, 0x00, 0x00, 0x0B, 0x00, 0x00, 0x00, 0x09, 0x00, 0x00, 0x00, 0x09, 0x00, 0x00, 0x00, 0x0B,
    0x00, 0x00, 0x00, 0x00, 0x00, 0x00, 0x00, 0x00, 0x00, 0x00, 0x00, 0x34, 0x00, 0x00, 0x00, 0x0B,
    0x00, 0x00, 0x00, 0x09, 0x00, 0x00, 0x00, 0x09, 0x00, 0x00, 0x00, 0x0B, 0x00, 0x00, 0x00, 0x00,
    0x00, 0x00, 0x00, 0x00, 0x00, 0x00, 0x00, 0x35, 0x00, 0x00, 0x00, 0x0B, 0x00, 0x00, 0x00, 0x09,
    0x00, 0x00, 0x00, 0x09, 0x00, 0x00, 0x00, 0x0B, 0x00, 0x00, 0x00, 0x00, 0x00, 0x00, 0x00, 0x00,
    0x00, 0x00, 0x00, 0x36, 0x00, 0x00, 0x00, 0x0B, 0x00, 0x00, 0x00, 0x09, 0x00, 0x00, 0x00, 0x09,
    0x00, 0x00, 0x00, 0x0B, 0x00, 0x00, 0x00, 0x00, 0x00, 0x00, 0x00, 0x00, 0x00, 0x00, 0x00, 0x37,
    0x00, 0x00, 0x00, 0x0B, 0x00, 0x00, 0x00, 0x09, 0x00, 0x00, 0x00, 0x09, 0x00, 0x00, 0x00, 0x0B,
    0x00, 0x00, 0x00, 0x00, 0x00, 0x00, 0x00, 0x00, 0x00, 0x00, 0x00, 0x38, 0x00, 0x00, 0x00, 0x0B,
    0x00, 0x00, 0x00, 0x09, 0x00, 0x00, 0x00, 0x09, 0x00, 0x00, 0x00, 0x0B, 0x00, 0x00, 0x00, 0x00,
    0x00, 0x00, 0x00, 0x00, 0x00, 0x00, 0x00, 0x39, 0x00, 0x00, 0x00, 0x0B, 0x00, 0x00, 0x00, 0x09,
    0x00, 0x00, 0x00, 0x09, 0x00, 0x00, 0x00, 0x0B, 0x00, 0x00, 0x00, 0x00, 0x00, 0x00, 0x00, 0x00,
    0x00, 0x00, 0x00, 0x3A, 0x00, 0x00, 0x00, 0x08, 0x00, 0x00, 0x00, 0x04, 0x00, 0x00, 0x00, 0x04,
    0x00, 0x00, 0x00, 0x08, 0x00, 0x00, 0x00, 0x00, 0x00, 0x00, 0x00, 0x00, 0x00, 0x00, 0x00, 0x3B,
    0x00, 0x00, 0x00, 0x0A, 0x00, 0x00, 0x00, 0x04, 0x00, 0x00, 0x00, 0x04, 0x00, 0x00, 0x00, 0x08,
    0x00, 0x00, 0x00, 0x00, 0x00, 0x00, 0x00, 0x00, 0x00, 0x00, 0x00, 0x3C, 0x00, 0x00, 0x00, 0x08,
    0x00, 0x00, 0x00, 0x0B, 0x00, 0x00, 0x00, 0x0B, 0x00, 0x00, 0x00, 0x08, 0x00, 0x00, 0x00, 0x00,
    0x00, 0x00, 0x00, 0x00, 0x00, 0x00, 0x00, 0x3D, 0x00, 0x00, 0x00, 0x07, 0x00, 0x00, 0x00, 0x0B,
    0x00, 0x00, 0x00, 0x0B, 0x00, 0x00, 0x00, 0x07, 0x00, 0x00, 0x00, 0x00, 0x00, 0x00, 0x00, 0x00,
    0x00, 0x00, 0x00, 0x3E, 0x00, 0x00, 0x00, 0x08, 0x00, 0x00, 0x00, 0x0B, 0x00, 0x00, 0x00, 0x0B,
    0x00, 0x00, 0x00, 0x08, 0x00, 0x00, 0x00, 0x00, 0x00, 0x00, 0x00, 0x00, 0x00, 0x00, 0x00, 0x3F,
    0x00, 0x00, 0x00, 0x0B, 0x00, 0x00, 0x00, 0x07, 0x00, 0x00, 0x00, 0x07, 0x00, 0x00, 0x00, 0x0B,
    0x00, 0x00, 0x00, 0x00, 0x00, 0x00, 0x00, 0x00, 0x00, 0x00, 0x00, 0x40, 0x00, 0x00, 0x00, 0x0C,
    0x00, 0x00, 0x00, 0x0F, 0x00, 0x00, 0x00, 0x0F, 0x00, 0x00, 0x00, 0x0B, 0x00, 0x00, 0x00, 0x00,
    0x00, 0x00, 0x00, 0x00, 0x00, 0x00, 0x00, 0x41, 0x00, 0x00, 0x00, 0x0B, 0x00, 0x00, 0x00, 0x0B,
    0x00, 0x00, 0x00, 0x0B, 0x00, 0x00, 0x00, 0x0B, 0x00, 0x00, 0x00, 0x00, 0x00, 0x00, 0x00, 0x00,
    0x00, 0x00, 0x00, 0x42, 0x00, 0x00, 0x00, 0x0B, 0x00, 0x00, 0x00, 0x0A, 0x00, 0x00, 0x00, 0x0A,
    0x00, 0x00, 0x00, 0x0B, 0x00, 0x00, 0x00, 0x00, 0x00, 0x00, 0x00, 0x00, 0x00, 0x00, 0x00, 0x43,
    0x00, 0x00, 0x00, 0x0B, 0x00, 0x00, 0x00, 0x0A, 0x00, 0x00, 0x00, 0x0A, 0x00, 0x00, 0x00, 0x0B,
    0x00, 0x00, 0x00, 0x00, 0x00, 0x00, 0x00, 0x00, 0x00, 0x00, 0x00, 0x44, 0x00, 0x00, 0x00, 0x0B,
    0x00, 0x00, 0x00, 0x0B, 0x00, 0x00, 0x00, 0x0B, 0x00, 0x00, 0x00, 0x0B, 0x00, 0x00, 0x00, 0x00,
    0x00, 0x00, 0x00, 0x00, 0x00, 0x00, 0x00, 0x45, 0x00, 0x00, 0x00, 0x0B, 0x00, 0x00, 0x00, 0x08,
    0x00, 0x00, 0x00, 0x08, 0x00, 0x00, 0x00, 0x0B, 0x00, 0x00, 0x00, 0x00, 0x00, 0x00, 0x00, 0x00,
    0x00, 0x00, 0x00, 0x46, 0x00, 0x00, 0x00, 0x0B, 0x00, 0x00, 0x00, 0x08, 0x00, 0x00, 0x00, 0x08,
    0x00, 0x00, 0x00, 0x0B, 0x00, 0x00, 0x00, 0x00, 0x00, 0x00, 0x00, 0x00, 0x00, 0x00, 0x00, 0x47,
    0x00, 0x00, 0x00, 0x0B, 0x00, 0x00, 0x00, 0x0B, 0x00, 0x00, 0x00, 0x0B, 0x00, 0x00, 0x00, 0x0B,
    0x00, 0x00, 0x00, 0x00, 0x00, 0x00, 0x00, 0x00, 0x00, 0x00, 0x00, 0x48, 0x00, 0x00, 0x00, 0x0B,
    0x00, 0x00, 0x00, 0x0C, 0x00, 0x00, 0x00, 0x0C, 0x00, 0x00, 0x00, 0x0B, 0x00, 0x00, 0x00, 0x00,
    0x00, 0x00, 0x00, 0x00, 0x00, 0x00, 0x00, 0x49, 0x00, 0x00, 0x00, 0x0B, 0x00, 0x00, 0x00, 0x05,
    0x00, 0x00, 0x00, 0x05, 0x00, 0x00, 0x00, 0x0B, 0x00, 0x00, 0x00, 0x00, 0x00, 0x00, 0x00, 0x00,
    0x00, 0x00, 0x00, 0x4A, 0x00, 0x00, 0x00, 0x0B, 0x00, 0x00, 0x00, 0x06, 0x00, 0x00, 0x00, 0x06,
    0x00, 0x00, 0x00, 0x0B, 0x00, 0x00, 0x00, 0x00, 0x00, 0x00, 0x00, 0x00, 0x00, 0x00, 0x00, 0x4B,
    0x00, 0x00, 0x00, 0x0B, 0x00, 0x00, 0x00, 0x0A, 0x00, 0x00, 0x00, 0x0A, 0x00, 0x00, 0x00, 0x0B,
    0x00, 0x00, 0x00, 0x00, 0x00, 0x00, 0x00, 0x00, 0x00, 0x00, 0x00, 0x4C, 0x00, 0x00, 0x00, 0x0B,
    0x00, 0x00, 0x00, 0x08, 0x00, 0x00, 0x00, 0x08, 0x00, 0x00, 0x00, 0x0B, 0x00, 0x00, 0x00, 0x00,
    0x00, 0x00, 0x00, 0x00, 0x00, 0x00, 0x00, 0x4D, 0x00, 0x00, 0x00, 0x0B, 0x00, 0x00, 0x00, 0x0F,
    0x00, 0x00, 0x00, 0x0F, 0x00, 0x00, 0x00, 0x0B, 0x00, 0x00, 0x00, 0x00, 0x00, 0x00, 0x00, 0x00,
    0x00, 0x00, 0x00, 0x4E, 0x00, 0x00, 0x00, 0x0B, 0x00, 0x00, 0x00, 0x0C, 0x00, 0x00, 0x00, 0x0C,
    0x00, 0x00, 0x00, 0x0B, 0x00, 0x00, 0x00, 0x00, 0x00, 0x00, 0x00, 0x00, 0x00, 0x00, 0x00, 0x4F,
    0x00, 0x00, 0x00, 0x0B, 0x00, 0x00, 0x00, 0x0C, 0x00, 0x00, 0x00, 0x0C, 0x00, 0x00, 0x00, 0x0B,
    0x00, 0x00, 0x00, 0x00, 0x00, 0x00, 0x00, 0x00, 0x00, 0x00, 0x00, 0x50, 0x00, 0x00, 0x00, 0x0B,
    0x00, 0x00, 0x00, 0x09, 0x00, 0x00, 0x00, 0x09, 0x00, 0x00, 0x00, 0x0B, 0x00, 0x00, 0x00, 0x00,
    0x00, 0x00, 0x00, 0x00, 0x00, 0x00, 0x00, 0x51, 0x00, 0x00, 0x00, 0x0D, 0x00, 0x00, 0x00, 0x0D,
    0x00, 0x00, 0x00, 0x0C, 0x00, 0x00, 0x00, 0x0B, 0x00, 0x00, 0x00, 0x00, 0x00, 0x00, 0x00, 0x00,
    0x00, 0x00, 0x00, 0x52, 0x00, 0x00, 0x00, 0x0B, 0x00, 0x00, 0x00, 0x0B, 0x00, 0x00, 0x00, 0x0A,
    0x00, 0x00, 0x00, 0x0B, 0x00, 0x00, 0x00, 0x00, 0x00, 0x00, 0x00, 0x00, 0x00, 0x00, 0x00, 0x53,
    0x00, 0x00, 0x00, 0x0B, 0x00, 0x00, 0x00, 0x09, 0x00, 0x00, 0x00, 0x09, 0x00, 0x00, 0x00, 0x0B,
    0x00, 0x00, 0x00, 0x00, 0x00, 0x00, 0x00, 0x00, 0x00, 0x00, 0x00, 0x54, 0x00, 0x00, 0x00, 0x0B,
    0x00, 0x00, 0x00, 0x09, 0x00, 0x00, 0x00, 0x09, 0x00, 0x00, 0x00, 0x0B, 0x00, 0x00, 0x00, 0x00,
    0x00, 0x00, 0x00, 0x00, 0x00, 0x00, 0x00, 0x55, 0x00, 0x00, 0x00, 0x0B, 0x00, 0x00, 0x00, 0x0B,
    0x00, 0x00, 0x00, 0x0B, 0x00, 0x00, 0x00, 0x0B, 0x00, 0x00, 0x00, 0x00, 0x00, 0x00, 0x00, 0x00,
    0x00, 0x00, 0x00, 0x56, 0x00, 0x00, 0x00, 0x0B, 0x00, 0x00, 0x00, 0x0B, 0x00, 0x00, 0x00, 0x0A,
    0x00, 0x00, 0x00, 0x0B, 0x00, 0x00, 0x00, 0x00, 0x00, 0x00, 0x00, 0x00, 0x00, 0x00, 0x00, 0x57,
    0x00, 0x00, 0x00, 0x0B, 0x00, 0x00, 0x00, 0x10, 0x00, 0x00, 0x00, 0x0F, 0x00, 0x00, 0x00, 0x0B,
    0x00, 0x00, 0x00, 0x00, 0x00, 0x00, 0x00, 0x00, 0x00, 0x00, 0x00, 0x58, 0x00, 0x00, 0x00, 0x0B,
    0x00, 0x00, 0x00, 0x0A, 0x00, 0x00, 0x00, 0x0A, 0x00, 0x00, 0x00, 0x0B, 0x00, 0x00, 0x00, 0x00,
    0x00, 0x00, 0x00, 0x00, 0x00, 0x00, 0x00, 0x59, 0x00, 0x00, 0x00, 0x0B, 0x00, 0x00, 0x00, 0x0A,
    0x00, 0x00, 0x00, 0x09, 0x00, 0x00, 0x00, 0x0B, 0x00, 0x00, 0x00, 0x00, 0x00, 0x00, 0x00, 0x00,
    0x00, 0x00, 0x00, 0x5A, 0x00, 0x00, 0x00, 0x0B, 0x00, 0x00, 0x00, 0x0A, 0x00, 0x00, 0x00, 0x09,
    0x00, 0x00, 0x00, 0x0B, 0x00, 0x00, 0x00, 0x00, 0x00, 0x00, 0x00, 0x00, 0x00, 0x00, 0x00, 0x5B,
    0x00, 0x00, 0x00, 0x0E, 0x00, 0x00, 0x00, 0x05, 0x00, 0x00, 0x00, 0x05, 0x00, 0x00, 0x00, 0x0B,
    0x00, 0x00, 0x00, 0x00, 0x00, 0x00, 0x00, 0x00, 0x00, 0x00, 0x00, 0x5C, 0x00, 0x00, 0x00, 0x0D,
    0x00, 0x00, 0x00, 0x08, 0x00, 0x00, 0x00, 0x06, 0x00, 0x00, 0x00, 0x0B, 0xFF, 0xFF, 0xFF, 0xFF,
    0x00, 0x00, 0x00, 0x00, 0x00, 0x00, 0x00, 0x5D, 0x00, 0x00, 0x00, 0x0E, 0x00, 0x00, 0x00, 0x05,
    0x00, 0x00, 0x00, 0x05, 0x00, 0x00, 0x00, 0x0B, 0x00, 0x00, 0x00, 0x00, 0x00, 0x00, 0x00, 0x00,
    0x00, 0x00, 0x00, 0x5E, 0x00, 0x00, 0x00, 0x0B, 0x00, 0x00, 0x00, 0x0B, 0x00, 0x00, 0x00, 0x0B,
    0x00, 0x00, 0x00, 0x0B, 0x00, 0x00, 0x00, 0x00, 0x00, 0x00, 0x00, 0x00, 0x00, 0x00, 0x00, 0x5F,
    0x00, 0x00, 0x00, 0x02, 0x00, 0x00, 0x00, 0x07, 0x00, 0x00, 0x00, 0x07, 0x00, 0x00, 0x00, 0x00,
    0x00, 0x00, 0x00, 0x00, 0x00, 0x00, 0x00, 0x00, 0x00, 0x00, 0x00, 0x60, 0x00, 0x00, 0x00, 0x0C,
    0x00, 0x00, 0x00, 0x05, 0x00, 0x00, 0x00, 0x05, 0x00, 0x00, 0x00, 0x0C, 0x00, 0x00, 0x00, 0x00,
    0x00, 0x00, 0x00, 0x00, 0x00, 0x00, 0x00, 0x61, 0x00, 0x00, 0x00, 0x08, 0x00, 0x00, 0x00, 0x08,
    0x00, 0x00, 0x00, 0x08, 0x00, 0x00, 0x00, 0x08, 0x00, 0x00, 0x00, 0x00, 0x00, 0x00, 0x00, 0x00,
    0x00, 0x00, 0x00, 0x62, 0x00, 0x00, 0x00, 0x0C, 0x00, 0x00, 0x00, 0x0A, 0x00, 0x00, 0x00, 0x0A,
    0x00, 0x00, 0x00, 0x0C, 0x00, 0x00, 0x00, 0x00, 0x00, 0x00, 0x00, 0x00, 0x00, 0x00, 0x00, 0x63,
    0x00, 0x00, 0x00, 0x08, 0x00, 0x00, 0x00, 0x08, 0x00, 0x00, 0x00, 0x08, 0x00, 0x00, 0x00, 0x08,
    0x00, 0x00, 0x00, 0x00, 0x00, 0x00, 0x00, 0x00, 0x00, 0x00, 0x00, 0x64, 0x00, 0x00, 0x00, 0x0C,
    0x00, 0x00, 0x00, 0x0A, 0x00, 0x00, 0x00, 0x0A, 0x00, 0x00, 0x00, 0x0C, 0x00, 0x00, 0x00, 0x00,
    0x00, 0x00, 0x00, 0x00, 0x00, 0x00, 0x00, 0x65, 0x00, 0x00, 0x00, 0x08, 0x00, 0x00, 0x00, 0x09,
    0x00, 0x00, 0x00, 0x09, 0x00, 0x00, 0x00, 0x08, 0x00, 0x00, 0x00, 0x00, 0x00, 0x00, 0x00, 0x00,
    0x00, 0x00, 0x00, 0x66, 0x00, 0x00, 0x00, 0x0C, 0x00, 0x00, 0x00, 0x06, 0x00, 0x00, 0x00, 0x06,
    0x00, 0x00, 0x00, 0x0C, 0x00, 0x00, 0x00, 0x00, 0x00, 0x00, 0x00, 0x00, 0x00, 0x00, 0x00, 0x67,
    0x00, 0x00, 0x00, 0x0C, 0x00, 0x00, 0x00, 0x0A, 0x00, 0x00, 0x00, 0x0A, 0x00, 0x00, 0x00, 0x08,
    0x00, 0x00, 0x00, 0x00, 0x00, 0x00, 0x00, 0x00, 0x00, 0x00, 0x00, 0x68, 0x00, 0x00, 0x00, 0x0C,
    0x00, 0x00, 0x00, 0x09, 0x00, 0x00, 0x00, 0x09, 0x00, 0x00, 0x00, 0x0C, 0x00, 0x00, 0x00, 0x00,
    0x00, 0x00, 0x00, 0x00, 0x00, 0x00, 0x00, 0x69, 0x00, 0x00, 0x00, 0x0D, 0x00, 0x00, 0x00, 0x04,
    0x00, 0x00, 0x00, 0x04, 0x00, 0x00, 0x00, 0x0D, 0x00, 0x00, 0x00, 0x00, 0x00, 0x00, 0x00, 0x00,
    0x00, 0x00, 0x00, 0x6A, 0x00, 0x00, 0x00, 0x11, 0x00, 0x00, 0x00, 0x06, 0x00, 0x00, 0x00, 0x04,
    0x00, 0x00, 0x00, 0x0D, 0xFF, 0xFF, 0xFF, 0xFE, 0x00, 0x00, 0x00, 0x00, 0x00, 0x00, 0x00, 0x6B,
    0x00, 0x00, 0x00, 0x0C, 0x00, 0x00, 0x00, 0x09, 0x00, 0x00, 0x00, 0x08, 0x00, 0x00, 0x00, 0x0C,
    0x00, 0x00, 0x00, 0x00, 0x00, 0x00, 0x00, 0x00, 0x00, 0x00, 0x00, 0x6C, 0x00, 0x00, 0x00, 0x0C,
    0x00, 0x00, 0x00, 0x04, 0x00, 0x00, 0x00, 0x04, 0x00, 0x00, 0x00, 0x0C, 0x00, 0x00, 0x00, 0x00,
    0x00, 0x00, 0x00, 0x00, 0x00, 0x00, 0x00, 0x6D, 0x00, 0x00, 0x00, 0x08, 0x00, 0x00, 0x00, 0x0E,
    0x00, 0x00, 0x00, 0x0E, 0x00, 0x00, 0x00, 0x08, 0x00, 0x00, 0x00, 0x00, 0x00, 0x00, 0x00, 0x00,
    0x00, 0x00, 0x00, 0x6E, 0x00, 0x00, 0x00, 0x08, 0x00, 0x00, 0x00, 0x09, 0x00, 0x00, 0x00, 0x09,
    0x00, 0x00, 0x00, 0x08, 0x00, 0x00, 0x00, 0x00, 0x00, 0x00, 0x00, 0x00, 0x00, 0x00, 0x00, 0x6F,
    0x00, 0x00, 0x00, 0x08, 0x00, 0x00, 0x00, 0x0A, 0x00, 0x00, 0x00, 0x0A, 0x00, 0x00, 0x00, 0x08,
    0x00, 0x00, 0x00, 0x00, 0x00, 0x00, 0x00, 0x00, 0x00, 0x00, 0x00, 0x70, 0x00, 0x00, 0x00, 0x0C,
    0x00, 0x00, 0x00, 0x0A, 0x00, 0x00, 0x00, 0x0A, 0x00, 0x00, 0x00, 0x08, 0x00, 0x00, 0x00, 0x00,
    0x00, 0x00, 0x00, 0x00, 0x00, 0x00, 0x00, 0x71, 0x00, 0x00, 0x00, 0x0C, 0x00, 0x00, 0x00, 0x0A,
    0x00, 0x00, 0x00, 0x0A, 0x00, 0x00, 0x00, 0x08, 0x00, 0x00, 0x00, 0x00, 0x00, 0x00, 0x00, 0x00,
    0x00, 0x00, 0x00, 0x72, 0x00, 0x00, 0x00, 0x08, 0x00, 0x00, 0x00, 0x06, 0x00, 0x00, 0x00, 0x06,
    0x00, 0x00, 0x00, 0x08, 0x00, 0x00, 0x00, 0x00, 0x00, 0x00, 0x00, 0x00, 0x00, 0x00, 0x00, 0x73,
    0x00, 0x00, 0x00, 0x08, 0x00, 0x00, 0x00, 0x07, 0x00, 0x00, 0x00, 0x07, 0x00, 0x00, 0x00, 0x08,
    0x00, 0x00, 0x00, 0x00, 0x00, 0x00, 0x00, 0x00, 0x00, 0x00, 0x00, 0x74, 0x00, 0x00, 0x00, 0x0A,
    0x00, 0x00, 0x00, 0x06, 0x00, 0x00, 0x00, 0x06, 0x00, 0x00, 0x00, 0x0A, 0x00, 0x00, 0x00, 0x00,
    0x00, 0x00, 0x00, 0x00, 0x00, 0x00, 0x00, 0x75, 0x00, 0x00, 0x00, 0x08, 0x00, 0x00, 0x00, 0x09,
    0x00, 0x00, 0x00, 0x09, 0x00, 0x00, 0x00, 0x08, 0x00, 0x00, 0x00, 0x00, 0x00, 0x00, 0x00, 0x00,
    0x00, 0x00, 0x00, 0x76, 0x00, 0x00, 0x00, 0x08, 0x00, 0x00, 0x00, 0x09, 0x00, 0x00, 0x00, 0x08,
    0x00, 0x00, 0x00, 0x08, 0x00, 0x00, 0x00, 0x00, 0x00, 0x00, 0x00, 0x00, 0x00, 0x00, 0x00, 0x77,
    0x00, 0x00, 0x00, 0x08, 0x00, 0x00, 0x00, 0x0C, 0x00, 0x00, 0x00, 0x0C, 0x00, 0x00, 0x00, 0x08,
    0x00, 0x00, 0x00, 0x00, 0x00, 0x00, 0x00, 0x00, 0x00, 0x00, 0x00, 0x78, 0x00, 0x00, 0x00, 0x08,
    0x00, 0x00, 0x00, 0x08, 0x00, 0x00, 0x00, 0x08, 0x00, 0x00, 0x00, 0x08, 0x00, 0x00, 0x00, 0x00,
    0x00, 0x00, 0x00, 0x00, 0x00, 0x00, 0x00, 0x79, 0x00, 0x00, 0x00, 0x0C, 0x00, 0x00, 0x00, 0x09,
    0x00, 0x00, 0x00, 0x08, 0x00, 0x00, 0x00, 0x08, 0x00, 0x00, 0x00, 0x00, 0x00, 0x00, 0x00, 0x00,
    0x00, 0x00, 0x00, 0x7A, 0x00, 0x00, 0x00, 0x08, 0x00, 0x00, 0x00, 0x08, 0x00, 0x00, 0x00, 0x07,
    0x00, 0x00, 0x00, 0x08, 0x00, 0x00, 0x00, 0x00, 0x00, 0x00, 0x00, 0x00, 0x00, 0x00, 0x00, 0x7B,
    0x00, 0x00, 0x00, 0x0E, 0x00, 0x00, 0x00, 0x05, 0x00, 0x00, 0x00, 0x05, 0x00, 0x00, 0x00, 0x0B,
    0x00, 0x00, 0x00, 0x00, 0x00, 0x00, 0x00, 0x00, 0x00, 0x00, 0x00, 0x7C, 0x00, 0x00, 0x00, 0x10,
    0x00, 0x00, 0x00, 0x04, 0x00, 0x00, 0x00, 0x04, 0x00, 0x00, 0x00, 0x0C, 0x00, 0x00, 0x00, 0x00,
    0x00, 0x00, 0x00, 0x00, 0x00, 0x00, 0x00, 0x7D, 0x00, 0x00, 0x00, 0x0E, 0x00, 0x00, 0x00, 0x05,
    0x00, 0x00, 0x00, 0x05, 0x00, 0x00, 0x00, 0x0B, 0x00, 0x00, 0x00, 0x00, 0x00, 0x00, 0x00, 0x00,
    0x00, 0x00, 0x00, 0x7E, 0x00, 0x00, 0x00, 0x06, 0x00, 0x00, 0x00, 0x0B, 0x00, 0x00, 0x00, 0x0B,
    0x00, 0x00, 0x00, 0x06, 0x00, 0x00, 0x00, 0x00, 0x00, 0x00, 0x00, 0x00, 0x00, 0x00, 0x00, 0xB0,
    0x00, 0x00, 0x00, 0x0B, 0x00, 0x00, 0x00, 0x06, 0x00, 0x00, 0x00, 0x06, 0x00, 0x00, 0x00, 0x0B,
    0x00, 0x00, 0x00, 0x00, 0x00, 0x00, 0x00, 0x00, 0x00, 0x00, 0x00, 0xB1, 0x00, 0x00, 0x00, 0x0A,
    0x00, 0x00, 0x00, 0x0B, 0x00, 0x00, 0x00, 0x0B, 0x00, 0x00, 0x00, 0x0A, 0x00, 0x00, 0x00, 0x00,
    0x00, 0x00, 0x00, 0x00, 0x00, 0x00, 0x00, 0xB5, 0x00, 0x00, 0x00, 0x0B, 0x00, 0x00, 0x00, 0x0A,
    0x00, 0x00, 0x00, 0x0A, 0x00, 0x00, 0x00, 0x08, 0x00, 0x00, 0x00, 0x00, 0x00, 0x00, 0x00, 0x00,
    0x00, 0x00, 0x00, 0xC0, 0x00, 0x00, 0x00, 0x0F, 0x00, 0x00, 0x00, 0x0B, 0x00, 0x00, 0x00, 0x0B,
    0x00, 0x00, 0x00, 0x0F, 0x00, 0x00, 0x00, 0x00, 0x00, 0x00, 0x00, 0x00, 0x00, 0x00, 0x00, 0xC1,
    0x00, 0x00, 0x00, 0x0F, 0x00, 0x00, 0x00, 0x0B, 0x00, 0x00, 0x00, 0x0B, 0x00, 0x00, 0x00, 0x0F,
    0x00, 0x00, 0x00, 0x00, 0x00, 0x00, 0x00, 0x00, 0x00, 0x00, 0x00, 0xC2, 0x00, 0x00, 0x00, 0x0F,
    0x00, 0x00, 0x00, 0x0B, 0x00, 0x00, 0x00, 0x0B, 0x00, 0x00, 0x00, 0x0F, 0x00, 0x00, 0x00, 0x00,
    0x00, 0x00, 0x00, 0x00, 0x00, 0x00, 0x00, 0xC3, 0x00, 0x00, 0x00, 0x0E, 0x00, 0x00, 0x00, 0x0B,
    0x00, 0x00, 0x00, 0x0B, 0x00, 0x00, 0x00, 0x0E, 0x00, 0x00, 0x00, 0x00, 0x00, 0x00, 0x00, 0x00,
    0x00, 0x00, 0x00, 0xC8, 0x00, 0x00, 0x00, 0x0F, 0x00, 0x00, 0x00, 0x08, 0x00, 0x00, 0x00, 0x08,
    0x00, 0x00, 0x00, 0x0F, 0x00, 0x00, 0x00, 0x00, 0x00, 0x00, 0x00, 0x00, 0x00, 0x00, 0x00, 0xC9,
    0x00, 0x00, 0x00, 0x0F, 0x00, 0x00, 0x00, 0x08, 0x00, 0x00, 0x00, 0x08, 0x00, 0x00, 0x00, 0x0F,
    0x00, 0x00, 0x00, 0x00, 0x00, 0x00, 0x00, 0x00, 0x00, 0x00, 0x00, 0xCA, 0x00, 0x00, 0x00, 0x0F,
    0x00, 0x00, 0x00, 0x08, 0x00, 0x00, 0x00, 0x08, 0x00, 0x00, 0x00, 0x0F, 0x00, 0x00, 0x00, 0x00,
    0x00, 0x00, 0x00, 0x00, 0x00, 0x00, 0x00, 0xCC, 0x00, 0x00, 0x00, 0x0F, 0x00, 0x00, 0x00, 0x05,
    0x00, 0x00, 0x00, 0x05, 0x00, 0x00, 0x00, 0x0F, 0x00, 0x00, 0x00, 0x00, 0x00, 0x00, 0x00, 0x00,
    0x00, 0x00, 0x00, 0xCD, 0x00, 0x00, 0x00, 0x0F, 0x00, 0x00, 0x00, 0x05, 0x00, 0x00, 0x00, 0x05,
    0x00, 0x00, 0x00, 0x0F, 0x00, 0x00, 0x00, 0x00, 0x00, 0x00, 0x00, 0x00, 0x00, 0x00, 0x00, 0xD2,
    0x00, 0x00, 0x00, 0x0F, 0x00, 0x00, 0x00, 0x0C, 0x00, 0x00, 0x00, 0x0C, 0x00, 0x00, 0x00, 0x0F,
    0x00, 0x00, 0x00, 0x00, 0x00, 0x00, 0x00, 0x00, 0x00, 0x00, 0x00, 0xD3, 0x00, 0x00, 0x00, 0x0F,
    0x00, 0x00, 0x00, 0x0C, 0x00, 0x00, 0x00, 0x0C, 0x00, 0x00, 0x00, 0x0F, 0x00, 0x00, 0x00, 0x00,
    0x00, 0x00, 0x00, 0x00, 0x00, 0x00, 0x00, 0xD4, 0x00, 0x00, 0x00, 0x0F, 0x00, 0x00, 0x00, 0x0C,
    0x00, 0x00, 0x00, 0x0C, 0x00, 0x00, 0x00, 0x0F, 0x00, 0x00, 0x00, 0x00, 0x00, 0x00, 0x00, 0x00,
    0x00, 0x00, 0x00, 0xD5, 0x00, 0x00, 0x00, 0x0E, 0x00, 0x00, 0x00, 0x0C, 0x00, 0x00, 0x00, 0x0C,
    0x00, 0x00, 0x00, 0x0E, 0x00, 0x00, 0x00, 0x00, 0x00, 0x00, 0x00, 0x00, 0x00, 0x00, 0x00, 0xD9,
    0x00, 0x00, 0x00, 0x0F, 0x00, 0x00, 0x00, 0x0B, 0x00, 0x00, 0x00, 0x0B, 0x00, 0x00, 0x00, 0x0F,
    0x00, 0x00, 0x00, 0x00, 0x00, 0x00, 0x00, 0x00, 0x00, 0x00, 0x00, 0xDA, 0x00, 0x00, 0x00, 0x0F,
    0x00, 0x00, 0x00, 0x0B, 0x00, 0x00, 0x00, 0x0B, 0x00, 0x00, 0x00, 0x0F, 0x00, 0x00, 0x00, 0x00,
    0x00, 0x00, 0x00, 0x00, 0x00, 0x00, 0x00, 0xDD, 0x00, 0x00, 0x00, 0x0F, 0x00, 0x00, 0x00, 0x0A,
    0x00, 0x00, 0x00, 0x09, 0x00, 0x00, 0x00, 0x0F, 0x00, 0x00, 0x00, 0x00, 0x00, 0x00, 0x00, 0x00,
    0x00, 0x00, 0x00, 0xE0, 0x00, 0x00, 0x00, 0x0C, 0x00, 0x00, 0x00, 0x08, 0x00, 0x00, 0x00, 0x08,
    0x00, 0x00, 0x00, 0x0C, 0x00, 0x00, 0x00, 0x00, 0x00, 0x00, 0x00, 0x00, 0x00, 0x00, 0x00, 0xE1,
    0x00, 0x00, 0x00, 0x0C, 0x00, 0x00, 0x00, 0x08, 0x00, 0x00, 0x00, 0x08, 0x00, 0x00, 0x00, 0x0C,
    0x00, 0x00, 0x00, 0x00, 0x00, 0x00, 0x00, 0x00, 0x00, 0x00, 0x00, 0xE2, 0x00, 0x00, 0x00, 0x0C,
    0x00, 0x00, 0x00, 0x08, 0x00, 0x00, 0x00, 0x08, 0x00, 0x00, 0x00, 0x0C, 0x00, 0x00, 0x00, 0x00,
    0x00, 0x00, 0x00, 0x00, 0x00, 0x00, 0x00, 0xE3, 0x00, 0x00, 0x00, 0x0B, 0x00, 0x00, 0x00, 0x08,
    0x00, 0x00, 0x00, 0x08, 0x00, 0x00, 0x00, 0x0B, 0x00, 0x00, 0x00, 0x00, 0x00, 0x00, 0x00, 0x00,
    0x00, 0x00, 0x00, 0xE8, 0x00, 0x00, 0x00, 0x0C, 0x00, 0x00, 0x00, 0x09, 0x00, 0x00, 0x00, 0x09,
    0x00, 0x00, 0x00, 0x0C, 0x00, 0x00, 0x00, 0x00, 0x00, 0x00, 0x00, 0x00, 0x00, 0x00, 0x00, 0xE9,
    0x00, 0x00, 0x00, 0x0C, 0x00, 0x00, 0x00, 0x09, 0x00, 0x00, 0x00, 0x09, 0x00, 0x00, 0x00, 0x0C,
    0x00, 0x00, 0x00, 0x00, 0x00, 0x00, 0x00, 0x00, 0x00, 0x00, 0x00, 0xEA, 0x00, 0x00, 0x00, 0x0C,
    0x00, 0x00, 0x00, 0x09, 0x00, 0x00, 0x00, 0x09, 0x00, 0x00, 0x00, 0x0C, 0x00, 0x00, 0x00, 0x00,
    0x00, 0x00, 0x00, 0x00, 0x00, 0x00, 0x00, 0xEC, 0x00, 0x00, 0x00, 0x0C, 0x00, 0x00, 0x00, 0x04,
    0x00, 0x00, 0x00, 0x04, 0x00, 0x00, 0x00, 0x0C, 0x00, 0x00, 0x00, 0x00, 0x00, 0x00, 0x00, 0x00,
    0x00, 0x00, 0x00, 0xED, 0x00, 0x00, 0x00, 0x0C, 0x00, 0x00, 0x00, 0x05, 0x00, 0x00, 0x00, 0x04,
    0x00, 0x00, 0x00, 0x0C, 0x00, 0x00, 0x00, 0x00, 0x00, 0x00, 0x00, 0x00, 0x00, 0x00, 0x00, 0xF2,
    0x00, 0x00, 0x00, 0x0C, 0x00, 0x00, 0x00, 0x0A, 0x00, 0x00, 0x00, 0x0A, 0x00, 0x00, 0x00, 0x0C,
    0x00, 0x00, 0x00, 0x00, 0x00, 0x00, 0x00, 0x00, 0x00, 0x00, 0x00, 0xF3, 0x00, 0x00, 0x00, 0x0C,
    0x00, 0x00, 0x00, 0x0A, 0x00, 0x00, 0x00, 0x0A, 0x00, 0x00, 0x00, 0x0C, 0x00, 0x00, 0x00, 0x00,
    0x00, 0x00, 0x00, 0x00, 0x00, 0x00, 0x00, 0xF4, 0x00, 0x00, 0x00, 0x0C, 0x00, 0x00, 0x00, 0x0A,
    0x00, 0x00, 0x00, 0x0A, 0x00, 0x00, 0x00, 0x0C, 0x00, 0x00, 0x00, 0x00, 0x00, 0x00, 0x00, 0x00,
    0x00, 0x00, 0x00, 0xF5, 0x00, 0x00, 0x00, 0x0B, 0x00, 0x00, 0x00, 0x0A, 0x00, 0x00, 0x00, 0x0A,
    0x00, 0x00, 0x00, 0x0B, 0x00, 0x00, 0x00, 0x00, 0x00, 0x00, 0x00, 0x00, 0x00, 0x00, 0x00, 0xF9,
    0x00, 0x00, 0x00, 0x0C, 0x00, 0x00, 0x00, 0x09, 0x00, 0x00, 0x00, 0x09, 0x00, 0x00, 0x00, 0x0C,
    0x00, 0x00, 0x00, 0x00, 0x00, 0x00, 0x00, 0x00, 0x00, 0x00, 0x00, 0xFA, 0x00, 0x00, 0x00, 0x0C,
    0x00, 0x00, 0x00, 0x09, 0x00, 0x00, 0x00, 0x09, 0x00, 0x00, 0x00, 0x0C, 0x00, 0x00, 0x00, 0x00,
    0x00, 0x00, 0x00, 0x00, 0x00, 0x00, 0x00, 0xFD, 0x00, 0x00, 0x00, 0x10, 0x00, 0x00, 0x00, 0x09,
    0x00, 0x00, 0x00, 0x08, 0x00, 0x00, 0x00, 0x0C, 0x00, 0x00, 0x00, 0x00, 0x00, 0x00, 0x00, 0x00,
    0x00, 0x00, 0x01, 0x02, 0x00, 0x00, 0x00, 0x0E, 0x00, 0x00, 0x00, 0x0B, 0x00, 0x00, 0x00, 0x0B,
    0x00, 0x00, 0x00, 0x0E, 0x00, 0x00, 0x00, 0x00, 0x00, 0x00, 0x00, 0x00, 0x00, 0x00, 0x01, 0x03,
    0x00, 0x00, 0x00, 0x0B, 0x00, 0x00, 0x00, 0x08, 0x00, 0x00, 0x00, 0x08, 0x00, 0x00, 0x00, 0x0B,
    0x00, 0x00, 0x00, 0x00, 0x00, 0x00, 0x00, 0x00, 0x00, 0x00, 0x01, 0x10, 0x00, 0x00, 0x00, 0x0B,
    0x00, 0x00, 0x00, 0x0B, 0x00, 0x00, 0x00, 0x0B, 0x00, 0x00, 0x00, 0x0B, 0x00, 0x00, 0x00, 0x00,
    0x00, 0x00, 0x00, 0x00, 0x00, 0x00, 0x01, 0x11, 0x00, 0x00, 0x00, 0x0C, 0x00, 0x00, 0x00, 0x0A,
    0x00, 0x00, 0x00, 0x0A, 0x00, 0x00, 0x00, 0x0C, 0x00, 0x00, 0x00, 0x00, 0x00, 0x00, 0x00, 0x00,
    0x00, 0x00, 0x01, 0x28, 0x00, 0x00, 0x00, 0x0E, 0x00, 0x00, 0x00, 0x06, 0x00, 0x00, 0x00, 0x05,
    0x00, 0x00, 0x00, 0x0E, 0xFF, 0xFF, 0xFF, 0xFF, 0x00, 0x00, 0x00, 0x00, 0x00, 0x00, 0x01, 0x29,
    0x00, 0x00, 0x00, 0x0B, 0x00, 0x00, 0x00, 0x06, 0x00, 0x00, 0x00, 0x04, 0x00, 0x00, 0x00, 0x0B,
    0xFF, 0xFF, 0xFF, 0xFF, 0x00, 0x00, 0x00, 0x00, 0x00, 0x00, 0x01, 0x68, 0x00, 0x00, 0x00, 0x0E,
    0x00, 0x00, 0x00, 0x0B, 0x00, 0x00, 0x00, 0x0B, 0x00, 0x00, 0x00, 0x0E, 0x00, 0x00, 0x00, 0x00,
    0x00, 0x00, 0x00, 0x00, 0x00, 0x00, 0x01, 0x69, 0x00, 0x00, 0x00, 0x0B, 0x00, 0x00, 0x00, 0x09,
    0x00, 0x00, 0x00, 0x09, 0x00, 0x00, 0x00, 0x0B, 0x00, 0x00, 0x00, 0x00, 0x00, 0x00, 0x00, 0x00,
    0x00, 0x00, 0x01, 0xA0, 0x00, 0x00, 0x00, 0x0C, 0x00, 0x00, 0x00, 0x0D, 0x00, 0x00, 0x00, 0x0C,
    0x00, 0x00, 0x00, 0x0C, 0x00, 0x00, 0x00, 0x00, 0x00, 0x00, 0x00, 0x00, 0x00, 0x00, 0x01, 0xA1,
    0x00, 0x00, 0x00, 0x0A, 0x00, 0x00, 0x00, 0x0A, 0x00, 0x00, 0x00, 0x0A, 0x00, 0x00, 0x00, 0x0A,
    0x00, 0x00, 0x00, 0x00, 0x00, 0x00, 0x00, 0x00, 0x00, 0x00, 0x01, 0xAF, 0x00, 0x00, 0x00, 0x0D,
    0x00, 0x00, 0x00, 0x0D, 0x00, 0x00, 0x00, 0x0C, 0x00, 0x00, 0x00, 0x0D, 0x00, 0x00, 0x00, 0x00,
    0x00, 0x00, 0x00, 0x00, 0x00, 0x00, 0x01, 0xB0, 0x00, 0x00, 0x00, 0x0A, 0x00, 0x00, 0x00, 0x0B,
    0x00, 0x00, 0x00, 0x0A, 0x00, 0x00, 0x00, 0x0A, 0x00, 0x00, 0x00, 0x00, 0x00, 0x00, 0x00, 0x00,
    0x00, 0x00, 0x03, 0xA9, 0x00, 0x00, 0x00, 0x0B, 0x00, 0x00, 0x00, 0x0C, 0x00, 0x00, 0x00, 0x0C,
    0x00, 0x00, 0x00, 0x0B, 0x00, 0x00, 0x00, 0x00, 0x00, 0x00, 0x00, 0x00, 0x00, 0x00, 0x1E, 0xA0,
    0x00, 0x00, 0x00, 0x0E, 0x00, 0x00, 0x00, 0x0B, 0x00, 0x00, 0x00, 0x0B, 0x00, 0x00, 0x00, 0x0B,
    0x00, 0x00, 0x00, 0x00, 0x00, 0x00, 0x00, 0x00, 0x00, 0x00, 0x1E, 0xA1, 0x00, 0x00, 0x00, 0x0B,
    0x00, 0x00, 0x00, 0x08, 0x00, 0x00, 0x00, 0x08, 0x00, 0x00, 0x00, 0x08, 0x00, 0x00, 0x00, 0x00,
    0x00, 0x00, 0x00, 0x00, 0x00, 0x00, 0x1E, 0xA2, 0x00, 0x00, 0x00, 0x0F, 0x00, 0x00, 0x00, 0x0B,
    0x00, 0x00, 0x00, 0x0B, 0x00, 0x00, 0x00, 0x0F, 0x00, 0x00, 0x00, 0x00, 0x00, 0x00, 0x00, 0x00,
    0x00, 0x00, 0x1E, 0xA3, 0x00, 0x00, 0x00, 0x0C, 0x00, 0x00, 0x00, 0x08, 0x00, 0x00, 0x00, 0x08,
    0x00, 0x00, 0x00, 0x0C, 0x00, 0x00, 0x00, 0x00, 0x00, 0x00, 0x00, 0x00, 0x00, 0x00, 0x1E, 0xA4,
    0x00, 0x00, 0x00, 0x0F, 0x00, 0x00, 0x00, 0x0B, 0x00, 0x00, 0x00, 0x0B, 0x00, 0x00, 0x00, 0x0F,
    0x00, 0x00, 0x00, 0x00, 0x00, 0x00, 0x00, 0x00, 0x00, 0x00, 0x1E, 0xA5, 0x00, 0x00, 0x00, 0x0C,
    0x00, 0x00, 0x00, 0x0A, 0x00, 0x00, 0x00, 0x08, 0x00, 0x00, 0x00, 0x0C, 0x00, 0x00, 0x00, 0x00,
    0x00, 0x00, 0x00, 0x00, 0x00, 0x00, 0x1E, 0xA6, 0x00, 0x00, 0x00, 0x0F, 0x00, 0x00, 0x00, 0x0B,
    0x00, 0x00, 0x00, 0x0B, 0x00, 0x00, 0x00, 0x0F, 0x00, 0x00, 0x00, 0x00, 0x00, 0x00, 0x00, 0x00,
    0x00, 0x00, 0x1E, 0xA7, 0x00, 0x00, 0x00, 0x0C, 0x00, 0x00, 0x00, 0x09, 0x00, 0x00, 0x00, 0x08,
    0x00, 0x00, 0x00, 0x0C, 0xFF, 0xFF, 0xFF, 0xFF, 0x00, 0x00, 0x00, 0x00, 0x00, 0x00, 0x1E, 0xA8,
    0x00, 0x00, 0x00, 0x10, 0x00, 0x00, 0x00, 0x0B, 0x00, 0x00, 0x00, 0x0B, 0x00, 0x00, 0x00, 0x10,
    0x00, 0x00, 0x00, 0x00, 0x00, 0x00, 0x00, 0x00, 0x00, 0x00, 0x1E, 0xA9, 0x00, 0x00, 0x00, 0x0D,
    0x00, 0x00, 0x00, 0x09, 0x00, 0x00, 0x00, 0x08, 0x00, 0x00, 0x00, 0x0D, 0x00, 0x00, 0x00, 0x00,
    0x00, 0x00, 0x00, 0x00, 0x00, 0x00, 0x1E, 0xAA, 0x00, 0x00, 0x00, 0x11, 0x00, 0x00, 0x00, 0x0B,
    0x00, 0x00, 0x00, 0x0B, 0x00, 0x00, 0x00, 0x11, 0x00, 0x00, 0x00, 0x00, 0x00, 0x00, 0x00, 0x00,
    0x00, 0x00, 0x1E, 0xAB, 0x00, 0x00, 0x00, 0x10, 0x00, 0x00, 0x00, 0x08, 0x00, 0x00, 0x00, 0x08,
    0x00, 0x00, 0x00, 0x10, 0x00, 0x00, 0x00, 0x00, 0x00, 0x00, 0x00, 0x00, 0x00, 0x00, 0x1E, 0xAC,
    0x00, 0x00, 0x00, 0x12, 0x00, 0x00, 0x00, 0x0B, 0x00, 0x00, 0x00, 0x0B, 0x00, 0x00, 0x00, 0x0F,
    0x00, 0x00, 0x00, 0x00, 0x00, 0x00, 0x00, 0x00, 0x00, 0x00, 0x1E, 0xAD, 0x00, 0x00, 0x00, 0x0F,
    0x00, 0x00, 0x00, 0x08, 0x00, 0x00, 0x00, 0x08, 0x00, 0x00, 0x00, 0x0C, 0x00, 0x00, 0x00, 0x00,
    0x00, 0x00, 0x00, 0x00, 0x00, 0x00, 0x1E, 0xAE, 0x00, 0x00, 0x00, 0x10, 0x00, 0x00, 0x00, 0x0B,
    0x00, 0x00, 0x00, 0x0B, 0x00, 0x00, 0x00, 0x10, 0x00, 0x00, 0x00, 0x00, 0x00, 0x00, 0x00, 0x00,
    0x00, 0x00, 0x1E, 0xAF, 0x00, 0x00, 0x00, 0x0E, 0x00, 0x00, 0x00, 0x08, 0x00, 0x00, 0x00, 0x08,
    0x00, 0x00, 0x00, 0x0E, 0x00, 0x00, 0x00, 0x00, 0x00, 0x00, 0x00, 0x00, 0x00, 0x00, 0x1E, 0xB0,
    0x00, 0x00, 0x00, 0x10, 0x00, 0x00, 0x00, 0x0B, 0x00, 0x00, 0x00, 0x0B, 0x00, 0x00, 0x00, 0x10,
    0x00, 0x00, 0x00, 0x00, 0x00, 0x00, 0x00, 0x00, 0x00, 0x00, 0x1E, 0xB1, 0x00, 0x00, 0x00, 0x0E,
    0x00, 0x00, 0x00, 0x08, 0x00, 0x00, 0x00, 0x08, 0x00, 0x00, 0x00, 0x0E, 0x00, 0x00, 0x00, 0x00,
    0x00, 0x00, 0x00, 0x00, 0x00, 0x00, 0x1E, 0xB2, 0x00, 0x00, 0x00, 0x10, 0x00, 0x00, 0x00, 0x0B,
    0x00, 0x00, 0x00, 0x0B, 0x00, 0x00, 0x00, 0x10, 0x00, 0x00, 0x00, 0x00, 0x00, 0x00, 0x00, 0x00,
    0x00, 0x00, 0x1E, 0xB3, 0x00, 0x00, 0x00, 0x0E, 0x00, 0x00, 0x00, 0x08, 0x00, 0x00, 0x00, 0x08,
    0x00, 0x00, 0x00, 0x0E, 0x00, 0x00, 0x00, 0x00, 0x00, 0x00, 0x00, 0x00, 0x00, 0x00, 0x1E, 0xB4,
    0x00, 0x00, 0x00, 0x11, 0x00, 0x00, 0x00, 0x0B, 0x00, 0x00, 0x00, 0x0B, 0x00, 0x00, 0x00, 0x11,
    0x00, 0x00, 0x00, 0x00, 0x00, 0x00, 0x00, 0x00, 0x00, 0x00, 0x1E, 0xB5, 0x00, 0x00, 0x00, 0x0F,
    0x00, 0x00, 0x00, 0x08, 0x00, 0x00, 0x00, 0x08, 0x00, 0x00, 0x00, 0x0F, 0x00, 0x00, 0x00, 0x00,
    0x00, 0x00, 0x00, 0x00, 0x00, 0x00, 0x1E, 0xB6, 0x00, 0x00, 0x00, 0x11, 0x00, 0x00, 0x00, 0x0B,
    0x00, 0x00, 0x00, 0x0B, 0x00, 0x00, 0x00, 0x0E, 0x00, 0x00, 0x00, 0x00, 0x00, 0x00, 0x00, 0x00,
    0x00, 0x00, 0x1E, 0xB7, 0x00, 0x00, 0x00, 0x0E, 0x00, 0x00, 0x00, 0x08, 0x00, 0x00, 0x00, 0x08,
    0x00, 0x00, 0x00, 0x0B, 0x00, 0x00, 0x00, 0x00, 0x00, 0x00, 0x00, 0x00, 0x00, 0x00, 0x1E, 0xB8,
    0x00, 0x00, 0x00, 0x0E, 0x00, 0x00, 0x00, 0x08, 0x00, 0x00, 0x00, 0x08, 0x00, 0x00, 0x00, 0x0B,
    0x00, 0x00, 0x00, 0x00, 0x00, 0x00, 0x00, 0x00, 0x00, 0x00, 0x1E, 0xB9, 0x00, 0x00, 0x00, 0x0B,
    0x00, 0x00, 0x00, 0x09, 0x00, 0x00, 0x00, 0x09, 0x00, 0x00, 0x00, 0x08, 0x00, 0x00, 0x00, 0x00,
    0x00, 0x00, 0x00, 0x00, 0x00, 0x00, 0x1E, 0xBA, 0x00, 0x00, 0x00, 0x0F, 0x00, 0x00, 0x00, 0x08,
    0x00, 0x00, 0x00, 0x08, 0x00, 0x00, 0x00, 0x0F, 0x00, 0x00, 0x00, 0x00, 0x00, 0x00, 0x00, 0x00,
    0x00, 0x00, 0x1E, 0xBB, 0x00, 0x00, 0x00, 0x0C, 0x00, 0x00, 0x00, 0x09, 0x00, 0x00, 0x00, 0x09,
    0x00, 0x00, 0x00, 0x0C, 0x00, 0x00, 0x00, 0x00, 0x00, 0x00, 0x00, 0x00, 0x00, 0x00, 0x1E, 0xBC,
    0x00, 0x00, 0x00, 0x0E, 0x00, 0x00, 0x00, 0x08, 0x00, 0x00, 0x00, 0x08, 0x00, 0x00, 0x00, 0x0E,
    0x00, 0x00, 0x00, 0x00, 0x00, 0x00, 0x00, 0x00, 0x00, 0x00, 0x1E, 0xBD, 0x00, 0x00, 0x00, 0x0B,
    0x00, 0x00, 0x00, 0x09, 0x00, 0x00, 0x00, 0x09, 0x00, 0x00, 0x00, 0x0B, 0x00, 0x00, 0x00, 0x00,
    0x00, 0x00, 0x00, 0x00, 0x00, 0x00, 0x1E, 0xBE, 0x00, 0x00, 0x00, 0x0F, 0x00, 0x00, 0x00, 0x0A,
    0x00, 0x00, 0x00, 0x08, 0x00, 0x00, 0x00, 0x0F, 0x00, 0x00, 0x00, 0x00, 0x00, 0x00, 0x00, 0x00,
    0x00, 0x00, 0x1E, 0xBF, 0x00, 0x00, 0x00, 0x0C, 0x00, 0x00, 0x00, 0x0A, 0x00, 0x00, 0x00, 0x09,
    0x00, 0x00, 0x00, 0x0C, 0x00, 0x00, 0x00, 0x00, 0x00, 0x00, 0x00, 0x00, 0x00, 0x00, 0x1E, 0xC0,
    0x00, 0x00, 0x00, 0x0F, 0x00, 0x00, 0x00, 0x09, 0x00, 0x00, 0x00, 0x08, 0x00, 0x00, 0x00, 0x0F,
    0xFF, 0xFF, 0xFF, 0xFF, 0x00, 0x00, 0x00, 0x00, 0x00, 0x00, 0x1E, 0xC1, 0x00, 0x00, 0x00, 0x0C,
    0x00, 0x00, 0x00, 0x0A, 0x00, 0x00, 0x00, 0x09, 0x00, 0x00, 0x00, 0x0C, 0xFF, 0xFF, 0xFF, 0xFF,
    0x00, 0x00, 0x00, 0x00, 0x00, 0x00, 0x1E, 0xC2, 0x00, 0x00, 0x00, 0x10, 0x00, 0x00, 0x00, 0x09,
    0x00, 0x00, 0x00, 0x08, 0x00, 0x00, 0x00, 0x10, 0x00, 0x00, 0x00, 0x00, 0x00, 0x00, 0x00, 0x00,
    0x00, 0x00, 0x1E, 0xC3, 0x00, 0x00, 0x00, 0x0D, 0x00, 0x00, 0x00, 0x09, 0x00, 0x00, 0x00, 0x09,
    0x00, 0x00, 0x00, 0x0D, 0x00, 0x00, 0x00, 0x00, 0x00, 0x00, 0x00, 0x00, 0x00, 0x00, 0x1E, 0xC4,
    0x00, 0x00, 0x00, 0x11, 0x00, 0x00, 0x00, 0x08, 0x00, 0x00, 0x00, 0x08, 0x00, 0x00, 0x00, 0x11,
    0x00, 0x00, 0x00, 0x00, 0x00, 0x00, 0x00, 0x00, 0x00, 0x00, 0x1E, 0xC5, 0x00, 0x00, 0x00, 0x10,
    0x00, 0x00, 0x00, 0x09, 0x00, 0x00, 0x00, 0x09, 0x00, 0x00, 0x00, 0x10, 0x00, 0x00, 0x00, 0x00,
    0x00, 0x00, 0x00, 0x00, 0x00, 0x00, 0x1E, 0xC6, 0x00, 0x00, 0x00, 0x12, 0x00, 0x00, 0x00, 0x08,
    0x00, 0x00, 0x00, 0x08, 0x00, 0x00, 0x00, 0x0F, 0x00, 0x00, 0x00, 0x00, 0x00, 0x00, 0x00, 0x00,
    0x00, 0x00, 0x1E, 0xC7, 0x00, 0x00, 0x00, 0x0F, 0x00, 0x00, 0x00, 0x09, 0x00, 0x00, 0x00, 0x09,
    0x00, 0x00, 0x00, 0x0C, 0x00, 0x00, 0x00, 0x00, 0x00, 0x00, 0x00, 0x00, 0x00, 0x00, 0x1E, 0xC8,
    0x00, 0x00, 0x00, 0x0F, 0x00, 0x00, 0x00, 0x05, 0x00, 0x00, 0x00, 0x05, 0x00, 0x00, 0x00, 0x0F,
    0x00, 0x00, 0x00, 0x00, 0x00, 0x00, 0x00, 0x00, 0x00, 0x00, 0x1E, 0xC9, 0x00, 0x00, 0x00, 0x0C,
    0x00, 0x00, 0x00, 0x04, 0x00, 0x00, 0x00, 0x04, 0x00, 0x00, 0x00, 0x0C, 0x00, 0x00, 0x00, 0x00,
    0x00, 0x00, 0x00, 0x00, 0x00, 0x00, 0x1E, 0xCA, 0x00, 0x00, 0x00, 0x0E, 0x00, 0x00, 0x00, 0x05,
    0x00, 0x00, 0x00, 0x05, 0x00, 0x00, 0x00, 0x0B, 0x00, 0x00, 0x00, 0x00, 0x00, 0x00, 0x00, 0x00,
    0x00, 0x00, 0x1E, 0xCB, 0x00, 0x00, 0x00, 0x10, 0x00, 0x00, 0x00, 0x04, 0x00, 0x00, 0x00, 0x04,
    0x00, 0x00, 0x00, 0x0D, 0x00, 0x00, 0x00, 0x00, 0x00, 0x00, 0x00, 0x00, 0x00, 0x00, 0x1E, 0xCC,
    0x00, 0x00, 0x00, 0x0E, 0x00, 0x00, 0x00, 0x0C, 0x00, 0x00, 0x00, 0x0C, 0x00, 0x00, 0x00, 0x0B,
    0x00, 0x00, 0x00, 0x00, 0x00, 0x00, 0x00, 0x00, 0x00, 0x00, 0x1E, 0xCD, 0x00, 0x00, 0x00, 0x0B,
    0x00, 0x00, 0x00, 0x0A, 0x00, 0x00, 0x00, 0x0A, 0x00, 0x00, 0x00, 0x08, 0x00, 0x00, 0x00, 0x00,
    0x00, 0x00, 0x00, 0x00, 0x00, 0x00, 0x1E, 0xCE, 0x00, 0x00, 0x00, 0x0F, 0x00, 0x00, 0x00, 0x0C,
    0x00, 0x00, 0x00, 0x0C, 0x00, 0x00, 0x00, 0x0F, 0x00, 0x00, 0x00, 0x00, 0x00, 0x00, 0x00, 0x00,
    0x00, 0x00, 0x1E, 0xCF, 0x00, 0x00, 0x00, 0x0C, 0x00, 0x00, 0x00, 0x0A, 0x00, 0x00, 0x00, 0x0A,
    0x00, 0x00, 0x00, 0x0C, 0x00, 0x00, 0x00, 0x00, 0x00, 0x00, 0x00, 0x00, 0x00, 0x00, 0x1E, 0xD0,
    0x00, 0x00, 0x00, 0x0F, 0x00, 0x00, 0x00, 0x0C, 0x00, 0x00, 0x00, 0x0C, 0x00, 0x00, 0x00, 0x0F,
    0x00, 0x00, 0x00, 0x00, 0x00, 0x00, 0x00, 0x00, 0x00, 0x00, 0x1E, 0xD1, 0x00, 0x00, 0x00, 0x0C,
    0x00, 0x00, 0x00, 0x0A, 0x00, 0x00, 0x00, 0x0A, 0x00, 0x00, 0x00, 0x0C, 0x00, 0x00, 0x00, 0x00,
    0x00, 0x00, 0x00, 0x00, 0x00, 0x00, 0x1E, 0xD2, 0x00, 0x00, 0x00, 0x0F, 0x00, 0x00, 0x00, 0x0C,
    0x00, 0x00, 0x00, 0x0C, 0x00, 0x00, 0x00, 0x0F, 0x00, 0x00, 0x00, 0x00, 0x00, 0x00, 0x00, 0x00,
    0x00, 0x00, 0x1E, 0xD3, 0x00, 0x00, 0x00, 0x0C, 0x00, 0x00, 0x00, 0x0B, 0x00, 0x00, 0x00, 0x0A,
    0x00, 0x00, 0x00, 0x0C, 0xFF, 0xFF, 0xFF, 0xFF, 0x00, 0x00, 0x00, 0x00, 0x00, 0x00, 0x1E, 0xD4,
    0x00, 0x00, 0x00, 0x10, 0x00, 0x00, 0x00, 0x0C, 0x00, 0x00, 0x00, 0x0C, 0x00, 0x00, 0x00, 0x10,
    0x00, 0x00, 0x00, 0x00, 0x00, 0x00, 0x00, 0x00, 0x00, 0x00, 0x1E, 0xD5, 0x00, 0x00, 0x00, 0x0D,
    0x00, 0x00, 0x00, 0x0A, 0x00, 0x00, 0x00, 0x0A, 0x00, 0x00, 0x00, 0x0D, 0x00, 0x00, 0x00, 0x00,
    0x00, 0x00, 0x00, 0x00, 0x00, 0x00, 0x1E, 0xD6, 0x00, 0x00, 0x00, 0x11, 0x00, 0x00, 0x00, 0x0C,
    0x00, 0x00, 0x00, 0x0C, 0x00, 0x00, 0x00, 0x11, 0x00, 0x00, 0x00, 0x00, 0x00, 0x00, 0x00, 0x00,
    0x00, 0x00, 0x1E, 0xD7, 0x00, 0x00, 0x00, 0x10, 0x00, 0x00, 0x00, 0x0A, 0x00, 0x00, 0x00, 0x0A,
    0x00, 0x00, 0x00, 0x10, 0x00, 0x00, 0x00, 0x00, 0x00, 0x00, 0x00, 0x00, 0x00, 0x00, 0x1E, 0xD8,
    0x00, 0x00, 0x00, 0x12, 0x00, 0x00, 0x00, 0x0C, 0x00, 0x00, 0x00, 0x0C, 0x00, 0x00, 0x00, 0x0F,
    0x00, 0x00, 0x00, 0x00, 0x00, 0x00, 0x00, 0x00, 0x00, 0x00, 0x1E, 0xD9, 0x00, 0x00, 0x00, 0x0F,
    0x00, 0x00, 0x00, 0x0A, 0x00, 0x00, 0x00, 0x0A, 0x00, 0x00, 0x00, 0x0C, 0x00, 0x00, 0x00, 0x00,
    0x00, 0x00, 0x00, 0x00, 0x00, 0x00, 0x1E, 0xDA, 0x00, 0x00, 0x00, 0x0F, 0x00, 0x00, 0x00, 0x0D,
    0x00, 0x00, 0x00, 0x0C, 0x00, 0x00, 0x00, 0x0F, 0x00, 0x00, 0x00, 0x00, 0x00, 0x00, 0x00, 0x00,
    0x00, 0x00, 0x1E, 0xDB, 0x00, 0x00, 0x00, 0x0C, 0x00, 0x00, 0x00, 0x0A, 0x00, 0x00, 0x00, 0x0A,
    0x00, 0x00, 0x00, 0x0C, 0x00, 0x00, 0x00, 0x00, 0x00, 0x00, 0x00, 0x00, 0x00, 0x00, 0x1E, 0xDC,
    0x00, 0x00, 0x00, 0x0F, 0x00, 0x00, 0x00, 0x0D, 0x00, 0x00, 0x00, 0x0C, 0x00, 0x00, 0x00, 0x0F,
    0x00, 0x00, 0x00, 0x00, 0x00, 0x00, 0x00, 0x00, 0x00, 0x00, 0x1E, 0xDD, 0x00, 0x00, 0x00, 0x0C,
    0x00, 0x00, 0x00, 0x0A, 0x00, 0x00, 0x00, 0x0A, 0x00, 0x00, 0x00, 0x0C, 0x00, 0x00, 0x00, 0x00,
    0x00, 0x00, 0x00, 0x00, 0x00, 0x00, 0x1E, 0xDE, 0x00, 0x00, 0x00, 0x0F, 0x00, 0x00, 0x00, 0x0D,
    0x00, 0x00, 0x00, 0x0C, 0x00, 0x00, 0x00, 0x0F, 0x00, 0x00, 0x00, 0x00, 0x00, 0x00, 0x00, 0x00,
    0x00, 0x00, 0x1E, 0xDF, 0x00, 0x00, 0x00, 0x0C, 0x00, 0x00, 0x00, 0x0A, 0x00, 0x00, 0x00, 0x0A,
    0x00, 0x00, 0x00, 0x0C, 0x00, 0x00, 0x00, 0x00, 0x00, 0x00, 0x00, 0x00, 0x00, 0x00, 0x1E, 0xE0,
    0x00, 0x00, 0x00, 0x0E, 0x00, 0x00, 0x00, 0x0D, 0x00, 0x00, 0x00, 0x0C, 0x00, 0x00, 0x00, 0x0E,
    0x00, 0x00, 0x00, 0x00, 0x00, 0x00, 0x00, 0x00, 0x00, 0x00, 0x1E, 0xE1, 0x00, 0x00, 0x00, 0x0B,
    0x00, 0x00, 0x00, 0x0A, 0x00, 0x00, 0x00, 0x0A, 0x00, 0x00, 0x00, 0x0B, 0x00, 0x00, 0x00, 0x00,
    0x00, 0x00, 0x00, 0x00, 0x00, 0x00, 0x1E, 0xE2, 0x00, 0x00, 0x00, 0x0F, 0x00, 0x00, 0x00, 0x0D,
    0x00, 0x00, 0x00, 0x0C, 0x00, 0x00, 0x00, 0x0C, 0x00, 0x00, 0x00, 0x00, 0x00, 0x00, 0x00, 0x00,
    0x00, 0x00, 0x1E, 0xE3, 0x00, 0x00, 0x00, 0x0D, 0x00, 0x00, 0x00, 0x0A, 0x00, 0x00, 0x00, 0x0A,
    0x00, 0x00, 0x00, 0x0A, 0x00, 0x00, 0x00, 0x00, 0x00, 0x00, 0x00, 0x00, 0x00, 0x00, 0x1E, 0xE4,
    0x00, 0x00, 0x00, 0x0E, 0x00, 0x00, 0x00, 0x0B, 0x00, 0x00, 0x00, 0x0B, 0x00, 0x00, 0x00, 0x0B,
    0x00, 0x00, 0x00, 0x00, 0x00, 0x00, 0x00, 0x00, 0x00, 0x00, 0x1E, 0xE5, 0x00, 0x00, 0x00, 0x0B,
    0x00, 0x00, 0x00, 0x09, 0x00, 0x00, 0x00, 0x09, 0x00, 0x00, 0x00, 0x08, 0x00, 0x00, 0x00, 0x00,
    0x00, 0x00, 0x00, 0x00, 0x00, 0x00, 0x1E, 0xE6, 0x00, 0x00, 0x00, 0x0F, 0x00, 0x00, 0x00, 0x0B,
    0x00, 0x00, 0x00, 0x0B, 0x00, 0x00, 0x00, 0x0F, 0x00, 0x00, 0x00, 0x00, 0x00, 0x00, 0x00, 0x00,
    0x00, 0x00, 0x1E, 0xE7, 0x00, 0x00, 0x00, 0x0C, 0x00, 0x00, 0x00, 0x09, 0x00, 0x00, 0x00, 0x09,
    0x00, 0x00, 0x00, 0x0C, 0x00, 0x00, 0x00, 0x00, 0x00, 0x00, 0x00, 0x00, 0x00, 0x00, 0x1E, 0xE8,
    0x00, 0x00, 0x00, 0x0F, 0x00, 0x00, 0x00, 0x0D, 0x00, 0x00, 0x00, 0x0C, 0x00, 0x00, 0x00, 0x0F,
    0x00, 0x00, 0x00, 0x00, 0x00, 0x00, 0x00, 0x00, 0x00, 0x00, 0x1E, 0xE9, 0x00, 0x00, 0x00, 0x0C,
    0x00, 0x00, 0x00, 0x0B, 0x00, 0x00, 0x00, 0x0A, 0x00, 0x00, 0x00, 0x0C, 0x00, 0x00, 0x00, 0x00,
    0x00, 0x00, 0x00, 0x00, 0x00, 0x00, 0x1E, 0xEA, 0x00, 0x00, 0x00, 0x0F, 0x00, 0x00, 0x00, 0x0D,
    0x00, 0x00, 0x00, 0x0C, 0x00, 0x00, 0x00, 0x0F, 0x00, 0x00, 0x00, 0x00, 0x00, 0x00, 0x00, 0x00,
    0x00, 0x00, 0x1E, 0xEB, 0x00, 0x00, 0x00, 0x0C, 0x00, 0x00, 0x00, 0x0B, 0x00, 0x00, 0x00, 0x0A,
    0x00, 0x00, 0x00, 0x0C, 0x00, 0x00, 0x00, 0x00, 0x00, 0x00, 0x00, 0x00, 0x00, 0x00, 0x1E, 0xEC,
    0x00, 0x00, 0x00, 0x0F, 0x00, 0x00, 0x00, 0x0D, 0x00, 0x00, 0x00, 0x0C, 0x00, 0x00, 0x00, 0x0F,
    0x00, 0x00, 0x00, 0x00, 0x00, 0x00, 0x00, 0x00, 0x00, 0x00, 0x1E, 0xED, 0x00, 0x00, 0x00, 0x0C,
    0x00, 0x00, 0x00, 0x0B, 0x00, 0x00, 0x00, 0x0A, 0x00, 0x00, 0x00, 0x0C, 0x00, 0x00, 0x00, 0x00,
    0x00, 0x00, 0x00, 0x00, 0x00, 0x00, 0x1E, 0xEE, 0x00, 0x00, 0x00, 0x0E, 0x00, 0x00, 0x00, 0x0D,
    0x00, 0x00, 0x00, 0x0C, 0x00, 0x00, 0x00, 0x0E, 0x00, 0x00, 0x00, 0x00, 0x00, 0x00, 0x00, 0x00,
    0x00, 0x00, 0x1E, 0xEF, 0x00, 0x00, 0x00, 0x0B, 0x00, 0x00, 0x00, 0x0B, 0x00, 0x00, 0x00, 0x0A,
    0x00, 0x00, 0x00, 0x0B, 0x00, 0x00, 0x00, 0x00, 0x00, 0x00, 0x00, 0x00, 0x00, 0x00, 0x1E, 0xF0,
    0x00, 0x00, 0x00, 0x10, 0x00, 0x00, 0x00, 0x0D, 0x00, 0x00, 0x00, 0x0C, 0x00, 0x00, 0x00, 0x0D,
    0x00, 0x00, 0x00, 0x00, 0x00, 0x00, 0x00, 0x00, 0x00, 0x00, 0x1E, 0xF1, 0x00, 0x00, 0x00, 0x0D,
    0x00, 0x00, 0x00, 0x0B, 0x00, 0x00, 0x00, 0x0A, 0x00, 0x00, 0x00, 0x0A, 0x00, 0x00, 0x00, 0x00,
    0x00, 0x00, 0x00, 0x00, 0x00, 0x00, 0x1E, 0xF2, 0x00, 0x00, 0x00, 0x0F, 0x00, 0x00, 0x00, 0x0A,
    0x00, 0x00, 0x00, 0x09, 0x00, 0x00, 0x00, 0x0F, 0x00, 0x00, 0x00, 0x00, 0x00, 0x00, 0x00, 0x00,
    0x00, 0x00, 0x1E, 0xF3, 0x00, 0x00, 0x00, 0x10, 0x00, 0x00, 0x00, 0x09, 0x00, 0x00, 0x00, 0x08,
    0x00, 0x00, 0x00, 0x0C, 0x00, 0x00, 0x00, 0x00, 0x00, 0x00, 0x00, 0x00, 0x00, 0x00, 0x1E, 0xF4,
    0x00, 0x00, 0x00, 0x0E, 0x00, 0x00, 0x00, 0x0A, 0x00, 0x00, 0x00, 0x09, 0x00, 0x00, 0x00, 0x0B,
    0x00, 0x00, 0x00, 0x00, 0x00, 0x00, 0x00, 0x00, 0x00, 0x00, 0x1E, 0xF5, 0x00, 0x00, 0x00, 0x0C,
    0x00, 0x00, 0x00, 0x09, 0x00, 0x00, 0x00, 0x08, 0x00, 0x00, 0x00, 0x08, 0x00, 0x00, 0x00, 0x00,
    0x00, 0x00, 0x00, 0x00, 0x00, 0x00, 0x1E, 0xF6, 0x00, 0x00, 0x00, 0x0F, 0x00, 0x00, 0x00, 0x0A,
    0x00, 0x00, 0x00, 0x09, 0x00, 0x00, 0x00, 0x0F, 0x00, 0x00, 0x00, 0x00, 0x00, 0x00, 0x00, 0x00,
    0x00, 0x00, 0x1E, 0xF7, 0x00, 0x00, 0x00, 0x10, 0x00, 0x00, 0x00, 0x09, 0x00, 0x00, 0x00, 0x08,
    0x00, 0x00, 0x00, 0x0C, 0x00, 0x00, 0x00, 0x00, 0x00, 0x00, 0x00, 0x00, 0x00, 0x00, 0x1E, 0xF8,
    0x00, 0x00, 0x00, 0x0E, 0x00, 0x00, 0x00, 0x0A, 0x00, 0x00, 0x00, 0x09, 0x00, 0x00, 0x00, 0x0E,
    0x00, 0x00, 0x00, 0x00, 0x00, 0x00, 0x00, 0x00, 0x00, 0x00, 0x1E, 0xF9, 0x00, 0x00, 0x00, 0x0F,
    0x00, 0x00, 0x00, 0x09, 0x00, 0x00, 0x00, 0x08, 0x00, 0x00, 0x00, 0x0B, 0x00, 0x00, 0x00, 0x00,
    0x00, 0x00, 0x00, 0x00, 0x00, 0x00, 0x20, 0x13, 0x00, 0x00, 0x00, 0x05, 0x00, 0x00, 0x00, 0x08,
    0x00, 0x00, 0x00, 0x08, 0x00, 0x00, 0x00, 0x05, 0x00, 0x00, 0x00, 0x00, 0x00, 0x00, 0x00, 0x00,
    0x00, 0x00, 0x20, 0x14, 0x00, 0x00, 0x00, 0x05, 0x00, 0x00, 0x00, 0x10, 0x00, 0x00, 0x00, 0x10,
    0x00, 0x00, 0x00, 0x05, 0x00, 0x00, 0x00, 0x00, 0x00, 0x00, 0x00, 0x00, 0x00, 0x00, 0x20, 0x18,
    0x00, 0x00, 0x00, 0x0B, 0x00, 0x00, 0x00, 0x04, 0x00, 0x00, 0x00, 0x04, 0x00, 0x00, 0x00, 0x0B,
    0x00, 0x00, 0x00, 0x00, 0x00, 0x00, 0x00, 0x00, 0x00, 0x00, 0x20, 0x19, 0x00, 0x00, 0x00, 0x0B,
    0x00, 0x00, 0x00, 0x04, 0x00, 0x00, 0x00, 0x04, 0x00, 0x00, 0x00, 0x0B, 0x00, 0x00, 0x00, 0x00,
    0x00, 0x00, 0x00, 0x00, 0x00, 0x00, 0x20, 0x1D, 0x00, 0x00, 0x00, 0x0B, 0x00, 0x00, 0x00, 0x07,
    0x00, 0x00, 0x00, 0x07, 0x00, 0x00, 0x00, 0x0B, 0x00, 0x00, 0x00, 0x00, 0x00, 0x00, 0x00, 0x00,
    0x00, 0x00, 0x20, 0x22, 0x00, 0x00, 0x00, 0x07, 0x00, 0x00, 0x00, 0x07, 0x00, 0x00, 0x00, 0x07,
    0x00, 0x00, 0x00, 0x07, 0x00, 0x00, 0x00, 0x00, 0x00, 0x00, 0x00, 0x00, 0x00, 0x00, 0x20, 0x26,
    0x00, 0x00, 0x00, 0x02, 0x00, 0x00, 0x00, 0x0D, 0x00, 0x00, 0x00, 0x0D, 0x00, 0x00, 0x00, 0x02,
    0x00, 0x00, 0x00, 0x00, 0x00, 0x00, 0x00, 0x00, 0x00, 0x00, 0x26, 0x05, 0x00, 0x00, 0x00, 0x0B,
    0x00, 0x00, 0x00, 0x0A, 0x00, 0x00, 0x00, 0x0A, 0x00, 0x00, 0x00, 0x0B, 0x00, 0x00, 0x00, 0x00,
    0x00, 0x00, 0x00, 0x00, 0x00, 0x00, 0x26, 0x65, 0x00, 0x00, 0x00, 0x0A, 0x00, 0x00, 0x00, 0x0B,
    0x00, 0x00, 0x00, 0x0B, 0x00, 0x00, 0x00, 0x0A, 0x00, 0x00, 0x00, 0x00, 0x00, 0x00, 0x00, 0x00,
    0x00, 0x85, 0xFF, 0x49, 0x00, 0x00, 0x7F, 0xFF, 0x44, 0x00, 0x00, 0x78, 0xFF, 0x40, 0x00, 0x00,
    0x72, 0xFF, 0x3B, 0x00, 0x00, 0x6B, 0xFF, 0x37, 0x00, 0x00, 0x65, 0xFF, 0x32, 0x00, 0x00, 0x5E,
    0xFF, 0x2E, 0x00, 0x00, 0x57, 0xFF, 0x2A, 0x00, 0x00, 0x00, 0x00, 0x00, 0x00, 0x00, 0x70, 0xF3,
    0x50, 0x00, 0x00, 0x73, 0xF4, 0x53, 0x00, 0x00, 0x9C, 0xD0, 0x00, 0xD0, 0xA0, 0x00, 0x00, 0x9C,
    0xD0, 0x00, 0xD0, 0xA0, 0x00, 0x00, 0x9C, 0xD0, 0x00, 0xD0, 0xA0, 0x00, 0x00, 0x9C, 0xD0, 0x00,
    0xD0, 0xA0, 0x00, 0x00, 0x00, 0x00, 0x00, 0x00, 0x00, 0x00, 0x00, 0x00, 0x00, 0x00, 0x00, 0x00,
    0x00, 0x00, 0x00, 0x00, 0x00, 0x00, 0x00, 0x00, 0x00, 0x00, 0x00, 0x00, 0x00, 0x00, 0x00, 0x00,
    0x00, 0x00, 0x00, 0x00, 0x00, 0x00, 0x00, 0x00, 0x00, 0x00, 0x00, 0x00, 0x00, 0x00, 0x00, 0x00,
    0x00, 0x00, 0x00, 0x00, 0x00, 0x00, 0x00, 0x87, 0xBC, 0x00, 0x5C, 0xE0, 0x00, 0x00, 0x00, 0x00,
    0x00, 0xBC, 0x87, 0x00, 0x92, 0xAB, 0x00, 0x00, 0x00, 0x00, 0x01, 0xF0, 0x52, 0x00, 0xC9, 0x76,
    0x00, 0x00, 0x0F, 0xFE, 0xFF, 0xFF, 0xFF, 0xFF, 0xFF, 0xFF, 0xFC, 0x0B, 0x03, 0x18, 0x6F, 0xE0,
    0x18, 0x4C, 0xFA, 0x20, 0x15, 0x00, 0x0C, 0x18, 0xA2, 0xAA, 0x18, 0x80, 0xCD, 0x18, 0x0E, 0x00,
    0xA2, 0xFF, 0xFF, 0xFF, 0xFF, 0xFF, 0xFF, 0xFF, 0x77, 0x00, 0x00, 0x0C, 0xFD, 0x31, 0x00, 0xEA,
    0x58, 0x00, 0x00, 0x00, 0x00, 0x3F, 0xF8, 0x05, 0x20, 0xFF, 0x21, 0x00, 0x00, 0x00, 0x00, 0x72,
    0xC9, 0x00, 0x55, 0xEB, 0x00, 0x00, 0x00, 0x00, 0x00, 0x00, 0x00, 0x00, 0x00, 0x00, 0x00, 0x00,
    0x00, 0x00, 0x00, 0x00, 0x00, 0x00, 0xF0, 0x04, 0x00, 0x00, 0x00, 0x00, 0x00, 0x59, 0xCE, 0xFF,
    0xF7, 0xD5, 0x2D, 0x00, 0x00, 0x5E, 0xFF, 0xB7, 0xF7, 0x82, 0xB2, 0x43, 0x00, 0x00, 0xC7, 0xDE,
    0x01, 0xF0, 0x04, 0x00, 0x00, 0x00, 0x00, 0xCB, 0xEA, 0x0C, 0xF0, 0x04, 0x00, 0x00, 0x00, 0x00,
    0x62, 0xFF, 0xD5, 0xF8, 0x06, 0x00, 0x00, 0x00, 0x00, 0x00, 0x58, 0xE3, 0xFF, 0xD7, 0x48, 0x00,
    0x00, 0x00, 0x00, 0x00, 0x06, 0xF2, 0xDF, 0xFF, 0x5F, 0x00, 0x00, 0x00, 0x00, 0x00, 0xF0, 0x13,
    0xDF, 0xE1, 0x00, 0x00, 0x00, 0x00, 0x00, 0xF0, 0x04, 0xBF, 0xEB, 0x00, 0x00, 0xA7, 0x9D, 0x7E,
    0xF7, 0xAC, 0xFF, 0x89, 0x00, 0x00, 0x6F, 0xD4, 0xF3, 0xFF, 0xCE, 0x6E, 0x02, 0x00, 0x00, 0x00,
    0x00, 0x00, 0xF0, 0x04, 0x00, 0x00, 0x00, 0x00, 0x00, 0x00, 0x00, 0xF0, 0x04, 0x00, 0x00, 0x00,
    0x00, 0x3C, 0xCF, 0xF3, 0xBD, 0x1F, 0x00, 0x00, 0x00, 0x9C, 0x83, 0x00, 0x00, 0x0D, 0xEA, 0x8B,
    0x28, 0xC7, 0xB3, 0x00, 0x00, 0x43, 0xD5, 0x07, 0x00, 0x00, 0x42, 0xFF, 0x0E, 0x00, 0x5F, 0xEF,
    0x00, 0x0B, 0xDC, 0x38, 0x00, 0x00, 0x00, 0x48, 0xFF, 0x0A, 0x00, 0x60, 0xE9, 0x00, 0x92, 0x8E,
    0x00, 0x00, 0x00, 0x00, 0x14, 0xF3, 0x80, 0x24, 0xC8, 0x9E, 0x3A, 0xDA, 0x0A, 0x00, 0x00, 0x00,
    0x00, 0x00, 0x4C, 0xDA, 0xF1, 0xA9, 0x19, 0xD7, 0x43, 0x87, 0xE8, 0xE9, 0x80, 0x00, 0x00, 0x00,
    0x00, 0x00, 0x00, 0x87, 0x98, 0x65, 0xEF, 0x3D, 0x50, 0xFD, 0x47, 0x00, 0x00, 0x00, 0x00, 0x32,
    0xDE, 0x0E, 0xAE, 0xA1, 0x00, 0x00, 0xCB, 0x83, 0x00, 0x00, 0x00, 0x05, 0xD0, 0x4A, 0x00, 0xB4,
    0x9E, 0x00, 0x00, 0xCC, 0x7D, 0x00, 0x00, 0x00, 0x7D, 0xA2, 0x00, 0x00, 0x73, 0xEB, 0x35, 0x4E,
    0xFC, 0x34, 0x00, 0x00, 0x2A, 0xE2, 0x12, 0x00, 0x00, 0x07, 0x9A, 0xEF, 0xDF, 0x62, 0x00, 0x00,
    0x00, 0x04, 0x82, 0xDE, 0xF4, 0xC5, 0x38, 0x00, 0x00, 0x00, 0x00, 0x00, 0x00, 0x81, 0xFF, 0x8B,
    0x5C, 0xE2, 0xEC, 0x05, 0x00, 0x00, 0x00, 0x00, 0x00, 0xC7, 0xE5, 0x00, 0x00, 0x8A, 0xFF, 0x1A,
    0x00, 0x00, 0x00, 0x00, 0x00, 0x98, 0xFF, 0x40, 0x25, 0xE5, 0xCA, 0x00, 0x00, 0x00, 0x00, 0x00,
    0x00, 0x1A, 0xEC, 0xF0, 0xF7, 0xB0, 0x14, 0x00, 0x00, 0x00, 0x00, 0x00, 0x01, 0x77, 0xF3, 0xF1,
    0xF0, 0x2E, 0x00, 0x11, 0xFF, 0x88, 0x00, 0x00, 0x92, 0xFA, 0x48, 0x2B, 0xED, 0xEC, 0x31, 0x44,
    0xFF, 0x5B, 0x00, 0x17, 0xFE, 0xAF, 0x00, 0x00, 0x35, 0xF3, 0xEF, 0xC9, 0xEB, 0x0B, 0x00, 0x1E,
    0xFF, 0xC4, 0x00, 0x00, 0x00, 0x44, 0xFE, 0xFF, 0x6C, 0x00, 0x00, 0x00, 0xC2, 0xFF, 0xB0, 0x71,
    0x88, 0xDB, 0xF9, 0xFA, 0xE0, 0x1A, 0x00, 0x00, 0x11, 0x90, 0xDF, 0xF9, 0xE5, 0xA3, 0x2D, 0x5E,
    0xFF, 0xD3, 0x11, 0x00, 0xA4, 0xC8, 0x00, 0x00, 0xA4, 0xC8, 0x00, 0x00, 0xA4, 0xC8, 0x00, 0x00,
    0xA4, 0xC8, 0x00, 0x00, 0x00, 0x00, 0x00, 0x00, 0x00, 0x00, 0x00, 0x00, 0x00, 0x00, 0x00, 0x00,
    0x00, 0x00, 0x00, 0x00, 0x00, 0x00, 0x00, 0x00, 0x00, 0x00, 0x00, 0x00, 0x00, 0x00, 0x00, 0x00,
    0x00, 0x01, 0xB9, 0xD0, 0x05, 0x00, 0x00, 0x68, 0xFE, 0x2F, 0x00, 0x00, 0x04, 0xE1, 0xB2, 0x00,
    0x00, 0x00, 0x4B, 0xFF, 0x4D, 0x00, 0x00, 0x00, 0x8D, 0xFC, 0x0F, 0x00, 0x00, 0x00, 0xB9, 0xDE,
    0x00, 0x00, 0x00, 0x00, 0xCD, 0xCA, 0x00, 0x00, 0x00, 0x00, 0xCF, 0xC8, 0x00, 0x00, 0x00, 0x00,
    0xBC, 0xDC, 0x00, 0x00, 0x00, 0x00, 0x93, 0xFB, 0x0C, 0x00, 0x00, 0x00, 0x51, 0xFF, 0x48, 0x00,
    0x00, 0x00, 0x07, 0xE6, 0xAC, 0x00, 0x00, 0x00, 0x00, 0x6E, 0xFD, 0x2B, 0x00, 0x00, 0x00, 0x01,
    0xBB, 0xCB, 0x04, 0x82, 0xEF, 0x1E, 0x00, 0x00, 0x05, 0xD4, 0xBD, 0x00, 0x00, 0x00, 0x5D, 0xFF,
    0x3C, 0x00, 0x00, 0x05, 0xF2, 0xA1, 0x00, 0x00, 0x00, 0xB6, 0xE3, 0x00, 0x00, 0x00, 0x87, 0xFF,
    0x10, 0x00, 0x00, 0x73, 0xFF, 0x24, 0x00, 0x00, 0x71, 0xFF, 0x27, 0x00, 0x00, 0x85, 0xFF, 0x12,
    0x00, 0x00, 0xB1, 0xE9, 0x00, 0x00, 0x03, 0xEE, 0xA7, 0x00, 0x00, 0x57, 0xFF, 0x43, 0x00, 0x03,
    0xCF, 0xC3, 0x00, 0x00, 0x7C, 0xF0, 0x20, 0x00, 0x00, 0x00, 0x00, 0x27, 0xFF, 0x21, 0x00, 0x00,
    0x26, 0xCE, 0x6D, 0xFD, 0x6B, 0xCF, 0x21, 0x1C, 0x69, 0xBE, 0xFF, 0xBA, 0x68, 0x19, 0x00, 0x19,
    0xE5, 0xA7, 0xE0, 0x15, 0x00, 0x00, 0x7E, 0xC0, 0x01, 0xC8, 0x76, 0x00, 0x00, 0x00, 0x0F, 0x00,
    0x0F, 0x00, 0x00, 0x00, 0x00, 0x00, 0x00, 0x00, 0x00, 0x00, 0x00, 0x00, 0x00, 0x00, 0x00, 0x00,
    0x00, 0x00, 0x00, 0x00, 0x00, 0x00, 0x00, 0x00, 0x00, 0x00, 0x00, 0x00, 0x00, 0x00, 0x00, 0x00,
    0x00, 0x00, 0x00, 0x00, 0x00, 0x00, 0x00, 0x00, 0x00, 0x00, 0x14, 0xFF, 0x38, 0x00, 0x00, 0x00,
    0x00, 0x00, 0x00, 0x00, 0x00, 0x14, 0xFF, 0x38, 0x00, 0x00, 0x00, 0x00, 0x00, 0x00, 0x00, 0x00,
    0x14, 0xFF, 0x38, 0x00, 0x00, 0x00, 0x00, 0x00, 0x28, 0xFF, 0xFF, 0xFF, 0xFF, 0xFF, 0xFF, 0xFF,
    0x4C, 0x00, 0x00, 0x0B, 0x4C, 0x4C, 0x5A, 0xFF, 0x73, 0x4C, 0x4C, 0x16, 0x00, 0x00, 0x00, 0x00,
    0x00, 0x14, 0xFF, 0x38, 0x00, 0x00, 0x00, 0x00, 0x00, 0x00, 0x00, 0x00, 0x14, 0xFF, 0x38, 0x00,
    0x00, 0x00, 0x00, 0x00, 0x00, 0x00, 0x00, 0x05, 0x4C, 0x10, 0x00, 0x00, 0x00, 0x00, 0x01, 0xEE,
    0xB8, 0x00, 0x27, 0xFF, 0x6B, 0x00, 0x5E, 0xFF, 0x1F, 0x00, 0x95, 0xD2, 0x00, 0x00, 0x00, 0xE0,
    0xFF, 0xFF, 0xFF, 0x64, 0x00, 0x4D, 0x58, 0x58, 0x58, 0x22, 0x00, 0x00, 0x00, 0x00, 0x00, 0x00,
    0x00, 0x00, 0x00, 0x00, 0x00, 0x00, 0x00, 0x00, 0x00, 0x00, 0x00, 0x00, 0x10, 0xDC, 0xCC, 0x03,
    0x10, 0xDE, 0xCE, 0x03, 0x00, 0x00, 0x00, 0x00, 0x00, 0x1D, 0xFC, 0x92, 0x00, 0x00, 0x00, 0x00,
    0x00, 0x84, 0xFF, 0x28, 0x00, 0x00, 0x00, 0x00, 0x05, 0xE8, 0xBC, 0x00, 0x00, 0x00, 0x00, 0x00,
    0x59, 0xFF, 0x51, 0x00, 0x00, 0x00, 0x00, 0x00, 0xC3, 0xE3, 0x03, 0x00, 0x00, 0x00, 0x00, 0x2D,
    0xFF, 0x7C, 0x00, 0x00, 0x00, 0x00, 0x00, 0x98, 0xFA, 0x17, 0x00, 0x00, 0x00, 0x00, 0x0E, 0xF3,
    0xA6, 0x00, 0x00, 0x00, 0x00, 0x00, 0x6D, 0xFF, 0x3C, 0x00, 0x00, 0x00, 0x00, 0x00, 0xD6, 0xD1,
    0x00, 0x00, 0x00, 0x00, 0x00, 0x42, 0xFF, 0x66, 0x00, 0x00, 0x00, 0x00, 0x00, 0xAD, 0xF0, 0x0B,
    0x00, 0x00, 0x00, 0x00, 0x1B, 0xFB, 0x91, 0x00, 0x00, 0x00, 0x00, 0x00, 0x00, 0x00, 0x5F, 0xD5,
    0xF9, 0xDF, 0x72, 0x00, 0x00, 0x00, 0x5D, 0xFF, 0xD0, 0x7D, 0xD3, 0xFF, 0x68, 0x00, 0x01, 0xE2,
    0xF0, 0x11, 0x00, 0x18, 0xF9, 0xDF, 0x00, 0x2D, 0xFF, 0xAA, 0x00, 0x00, 0x00, 0xBE, 0xFF, 0x1D,
    0x53, 0xFF, 0x85, 0x00, 0x00, 0x00, 0x9C, 0xFF, 0x3C, 0x60, 0xFF, 0x7A, 0x00, 0x00, 0x00, 0x93,
    0xFF, 0x44, 0x5A, 0xFF, 0x87, 0x00, 0x00, 0x00, 0xA1, 0xFF, 0x38, 0x3B, 0xFF, 0xA6, 0x00, 0x00,
    0x00, 0xC0, 0xFF, 0x13, 0x07, 0xF0, 0xED, 0x0F, 0x00, 0x1B, 0xFA, 0xC8, 0x00, 0x00, 0x77, 0xFF,
    0xCD, 0x81, 0xD6, 0xFC, 0x42, 0x00, 0x00, 0x01, 0x78, 0xE3, 0xF9, 0xCF, 0x4C, 0x00, 0x00, 0x00,
    0x00, 0x34, 0xB2, 0xCF, 0x00, 0x37, 0xD0, 0xFF, 0xFF, 0xD0, 0x00, 0x57, 0xBD, 0x50, 0xFF, 0xD0,
    0x00, 0x00, 0x00, 0x00, 0xFF, 0xD0, 0x00, 0x00, 0x00, 0x00, 0xFF, 0xD0, 0x00, 0x00, 0x00, 0x00,
    0xFF, 0xD0, 0x00, 0x00, 0x00, 0x00, 0xFF, 0xD0, 0x00, 0x00, 0x00, 0x00, 0xFF, 0xD0, 0x00, 0x00,
    0x00, 0x00, 0xFF, 0xD0, 0x00, 0x00, 0x00, 0x00, 0xFF, 0xD0, 0x00, 0x00, 0x00, 0x00, 0xFF, 0xD0,
    0x00, 0x00, 0x36, 0xB0, 0xEE, 0xF5, 0xCF, 0x56, 0x00, 0x00, 0x00, 0xD0, 0xD2, 0x8A, 0x95, 0xF4,
    0xFE, 0x3C, 0x00, 0x00, 0x4A, 0x01, 0x00, 0x00, 0x61, 0xFF, 0x8A, 0x00, 0x00, 0x00, 0x00, 0x00,
    0x00, 0x45, 0xFF, 0x8B, 0x00, 0x00, 0x00, 0x00, 0x00, 0x01, 0xB1, 0xFF, 0x44, 0x00, 0x00, 0x00,
    0x00, 0x06, 0x9E, 0xFF, 0xA0, 0x00, 0x00, 0x00, 0x00, 0x1C, 0xC9, 0xFF, 0x94, 0x03, 0x00, 0x00,
    0x00, 0x1F, 0xE1, 0xF6, 0x5D, 0x00, 0x00, 0x00, 0x00, 0x00, 0xC3, 0xFB, 0x3E, 0x00, 0x00, 0x00,
    0x00, 0x00, 0x24, 0xFF, 0xEB, 0x90, 0x90, 0x90, 0x90, 0x72, 0x00, 0x3B, 0xFF, 0xFF, 0xFF, 0xFF,
    0xFF, 0xFF, 0xCC, 0x00, 0x00, 0x48, 0xC3, 0xEE, 0xF0, 0xBB, 0x30, 0x00, 0x00, 0x00, 0x9A, 0xAE,
    0x7E, 0xA6, 0xFE, 0xEB, 0x14, 0x00, 0x00, 0x12, 0x00, 0x00, 0x00, 0xA4, 0xFF, 0x50, 0x00, 0x00,
    0x00, 0x00, 0x00, 0x00, 0x8F, 0xFF, 0x41, 0x00, 0x00, 0x00, 0x00, 0x0E, 0x4E, 0xF0, 0xC7, 0x02,
    0x00, 0x00, 0x00, 0xE4, 0xFF, 0xFF, 0xBA, 0x16, 0x00, 0x00, 0x00, 0x00, 0x67, 0x7F, 0xA3, 0xF4,
    0xE3, 0x27, 0x00, 0x00, 0x00, 0x00, 0x00, 0x00, 0x4B, 0xFF, 0xA0, 0x00, 0x00, 0x00, 0x00, 0x00,
    0x00, 0x47, 0xFF, 0xA9, 0x00, 0x08, 0xD8, 0x8D, 0x76, 0x96, 0xF1, 0xFB, 0x41, 0x00, 0x03, 0xA7,
    0xE6, 0xF9, 0xE5, 0xAF, 0x36, 0x00, 0x00, 0x00, 0x00, 0x00, 0x00, 0x04, 0xD9, 0xFF, 0x3C, 0x00,
    0x00, 0x00, 0x00, 0x00, 0x6B, 0xFF, 0xFF, 0x3C, 0x00, 0x00, 0x00, 0x00, 0x1E, 0xF1, 0xE8, 0xFF,
    0x3C, 0x00, 0x00, 0x00, 0x02, 0xBE, 0xD3, 0x88, 0xFF, 0x3C, 0x00, 0x00, 0x00, 0x85, 0xFA, 0x32,
    0x84, 0xFF, 0x3C, 0x00, 0x00, 0x51, 0xFE, 0x6E, 0x00, 0x84, 0xFF, 0x3C, 0x00, 0x36, 0xF6, 0xA2,
    0x00, 0x00, 0x84, 0xFF, 0x3C, 0x00, 0x98, 0xFF, 0xFF, 0xFF, 0xFF, 0xFF, 0xFF, 0xFF, 0xE8, 0x4E,
    0x84, 0x84, 0x84, 0x84, 0xC3, 0xFF, 0xA1, 0x77, 0x00, 0x00, 0x00, 0x00, 0x00, 0x84, 0xFF, 0x3C,
    0x00, 0x00, 0x00, 0x00, 0x00, 0x00, 0x84, 0xFF, 0x3C, 0x00, 0x00, 0x3A, 0xFF, 0xFF, 0xFF, 0xFF,
    0xFF, 0x54, 0x00, 0x00, 0x4C, 0xFF, 0xAE, 0x8C, 0x8C, 0x8C, 0x2D, 0x00, 0x00, 0x5F, 0xFF, 0x3D,
    0x00, 0x00, 0x00, 0x00, 0x00, 0x00, 0x71, 0xFF, 0x29, 0x00, 0x00, 0x00, 0x00, 0x00, 0x00, 0x84,
    0xFF, 0xFC, 0xF1, 0xC7, 0x4B, 0x00, 0x00, 0x00, 0x52, 0x83, 0x84, 0xAF, 0xFC, 0xFE, 0x43, 0x00,
    0x00, 0x00, 0x00, 0x00, 0x00, 0x59, 0xFF, 0xAD, 0x00, 0x00, 0x00, 0x00, 0x00, 0x00, 0x12, 0xFF,
    0xCC, 0x00, 0x00, 0x07, 0x00, 0x00, 0x00, 0x60, 0xFF, 0xA6, 0x00, 0x00, 0xBD, 0xA2, 0x81, 0xAA,
    0xFC, 0xF5, 0x2E, 0x00, 0x00, 0x87, 0xE7, 0xF9, 0xE2, 0xAA, 0x27, 0x00, 0x00, 0x00, 0x00, 0x05,
    0x73, 0xD6, 0xF9, 0xEE, 0x76, 0x00, 0x00, 0x01, 0xB1, 0xFF, 0xC6, 0x86, 0x8F, 0x6F, 0x00, 0x00,
    0x63, 0xFF, 0x8E, 0x01, 0x00, 0x00, 0x00, 0x00, 0x00, 0xCF, 0xED, 0x0A, 0x00, 0x00, 0x00, 0x00,
    0x00, 0x0F, 0xFE, 0xC1, 0x82, 0xEB, 0xED, 0xAD, 0x1E, 0x00, 0x2A, 0xFF, 0xFB, 0xD0, 0x81, 0xB2,
    0xFF, 0xCE, 0x03, 0x2D, 0xFF, 0xEA, 0x0B, 0x00, 0x00, 0xBB, 0xFF, 0x2F, 0x13, 0xFF, 0xC7, 0x00,
    0x00, 0x00, 0x8A, 0xFF, 0x4C, 0x00, 0xCF, 0xF7, 0x1E, 0x00, 0x00, 0xC3, 0xFF, 0x24, 0x00, 0x4B,
    0xFE, 0xE2, 0x8F, 0xBE, 0xFF, 0x97, 0x00, 0x00, 0x00, 0x4F, 0xCF, 0xF9, 0xE4, 0x7A, 0x04, 0x00,
    0x74, 0xFF, 0xFF, 0xFF, 0xFF, 0xFF, 0xFF, 0xFF, 0x07, 0x3F, 0x8C, 0x8C, 0x8C, 0x8C, 0xA9, 0xFF,
    0xB7, 0x00, 0x00, 0x00, 0x00, 0x00, 0x00, 0xA2, 0xFE, 0x30, 0x00, 0x00, 0x00, 0x00, 0x00, 0x28,
    0xFD, 0xAA, 0x00, 0x00, 0x00, 0x00, 0x00, 0x00, 0xA0, 0xFF, 0x33, 0x00, 0x00, 0x00, 0x00, 0x00,
    0x18, 0xF9, 0xBD, 0x00, 0x00, 0x00, 0x00, 0x00, 0x00, 0x7D, 0xFF, 0x59, 0x00, 0x00, 0x00, 0x00,
    0x00, 0x00, 0xD8, 0xF5, 0x0B, 0x00, 0x00, 0x00, 0x00, 0x00, 0x30, 0xFF, 0xAD, 0x00, 0x00, 0x00,
    0x00, 0x00, 0x00, 0x71, 0xFF, 0x71, 0x00, 0x00, 0x00, 0x00, 0x00, 0x00, 0xAB, 0xFF, 0x38, 0x00,
    0x00, 0x00, 0x00, 0x00, 0x07, 0x83, 0xDD, 0xF6, 0xD6, 0x6F, 0x00, 0x00, 0x00, 0x97, 0xFF, 0xB4,
    0x73, 0xC8, 0xFF, 0x73, 0x00, 0x00, 0xDF, 0xEC, 0x02, 0x00, 0x11, 0xFF, 0xBA, 0x00, 0x00, 0x98,
    0xFD, 0x4F, 0x09, 0x6C, 0xFF, 0x71, 0x00, 0x00, 0x05, 0xBB, 0xFF, 0xFF, 0xFF, 0x9D, 0x00, 0x00,
    0x00, 0x7F, 0xFF, 0xA7, 0x65, 0xB6, 0xFE, 0x65, 0x00, 0x15, 0xFA, 0xBC, 0x00, 0x00, 0x02, 0xD4,
    0xF0, 0x08, 0x3F, 0xFF, 0x86, 0x00, 0x00, 0x00, 0x9F, 0xFF, 0x27, 0x25, 0xFF, 0xBA, 0x00, 0x00,
    0x03, 0xD6, 0xFC, 0x11, 0x00, 0xA4, 0xFF, 0xAC, 0x73, 0xBC, 0xFF, 0x8B, 0x00, 0x00, 0x08, 0x7C,
    0xD8, 0xF5, 0xD3, 0x71, 0x04, 0x00, 0x00, 0x04, 0x75, 0xE0, 0xF9, 0xD3, 0x56, 0x00, 0x00, 0x00,
    0x9A, 0xFF, 0xC0, 0x8B, 0xDF, 0xFF, 0x4E, 0x00, 0x26, 0xFF, 0xC4, 0x00, 0x00, 0x19, 0xF4, 0xCC,
    0x00, 0x4C, 0xFF, 0x8A, 0x00, 0x00, 0x00, 0xC1, 0xFE, 0x10, 0x2E, 0xFF, 0xC3, 0x00, 0x00, 0x08,
    0xE2, 0xFF, 0x29, 0x02, 0xC4, 0xFF, 0xC1, 0x8A, 0xD0, 0xFB, 0xFF, 0x26, 0x00, 0x15, 0xA1, 0xEA,
    0xEE, 0x8E, 0xC1, 0xFF, 0x10, 0x00, 0x00, 0x00, 0x00, 0x00, 0x06, 0xE8, 0xD7, 0x00, 0x00, 0x00,
    0x00, 0x00, 0x00, 0x7C, 0xFF, 0x75, 0x00, 0x00, 0x8E, 0x94, 0x85, 0xBB, 0xFF, 0xCA, 0x06, 0x00,
    0x00, 0x82, 0xE9, 0xFB, 0xE0, 0x8B, 0x0D, 0x00, 0x00, 0x10, 0xDC, 0xCC, 0x03, 0x10, 0xDE, 0xCE,
    0x03, 0x00, 0x00, 0x00, 0x00, 0x00, 0x00, 0x00, 0x00, 0x00, 0x00, 0x00, 0x00, 0x00, 0x00, 0x00,
    0x00, 0x10, 0xDC, 0xCC, 0x03, 0x10, 0xDE, 0xCE, 0x03, 0x0C, 0xDB, 0xC2, 0x00, 0x0C, 0xDA, 0xC1,
    0x00, 0x00, 0x00, 0x00, 0x00, 0x00, 0x00, 0x00, 0x00, 0x00, 0x00, 0x00, 0x00, 0x00, 0x00, 0x00,
    0x00, 0x01, 0xF1, 0xB9, 0x00, 0x2A, 0xFF, 0x6D, 0x00, 0x60, 0xFF, 0x21, 0x00, 0x95, 0xD5, 0x00,
    0x00, 0x00, 0x00, 0x00, 0x00, 0x00, 0x00, 0x00, 0x44, 0xBC, 0x0F, 0x00, 0x00, 0x00, 0x00, 0x00,
    0x02, 0x55, 0xCC, 0xF4, 0x94, 0x05, 0x00, 0x00, 0x00, 0x07, 0x66, 0xDB, 0xE3, 0x77, 0x11, 0x00,
    0x00, 0x00, 0x00, 0x00, 0xD8, 0xFF, 0x82, 0x04, 0x00, 0x00, 0x00, 0x00, 0x00, 0x00, 0x00, 0x2F,
    0x9D, 0xF6, 0xC1, 0x5A, 0x07, 0x00, 0x00, 0x00, 0x00, 0x00, 0x00, 0x00, 0x13, 0x79, 0xE2, 0xEC,
    0x8D, 0x05, 0x00, 0x00, 0x00, 0x00, 0x00, 0x00, 0x00, 0x04, 0x55, 0xC3, 0x0F, 0x00, 0x00, 0x00,
    0x00, 0x00, 0x00, 0x00, 0x00, 0x00, 0x00, 0x00, 0x00, 0x00, 0x28, 0xFF, 0xFF, 0xFF, 0xFF, 0xFF,
    0xFF, 0xFF, 0x4C, 0x00, 0x00, 0x0B, 0x4C, 0x4C, 0x4C, 0x4C, 0x4C, 0x4C, 0x4C, 0x16, 0x00, 0x00,
    0x00, 0x00, 0x00, 0x00, 0x00, 0x00, 0x00, 0x00, 0x00, 0x00, 0x00, 0x28, 0xFF, 0xFF, 0xFF, 0xFF,
    0xFF, 0xFF, 0xFF, 0x4C, 0x00, 0x00, 0x0B, 0x48, 0x48, 0x48, 0x48, 0x48, 0x48, 0x48, 0x15, 0x00,
    0x00, 0x00, 0x00, 0x00, 0x00, 0x00, 0x00, 0x00, 0x00, 0x00, 0x00, 0x00, 0x00, 0x00, 0x00, 0x00,
    0x00, 0x00, 0x00, 0x00, 0x00, 0x00, 0x00, 0x00, 0xB9, 0x56, 0x03, 0x00, 0x00, 0x00, 0x00, 0x00,
    0x00, 0x00, 0x00, 0x7D, 0xEC, 0xDC, 0x67, 0x08, 0x00, 0x00, 0x00, 0x00, 0x00, 0x00, 0x00, 0x09,
    0x67, 0xD7, 0xE8, 0x79, 0x10, 0x00, 0x00, 0x00, 0x00, 0x00, 0x00, 0x00, 0x01, 0x64, 0xF9, 0xF2,
    0x0C, 0x00, 0x00, 0x00, 0x00, 0x02, 0x4A, 0xB0, 0xF8, 0xAC, 0x3E, 0x00, 0x00, 0x00, 0x00, 0x78,
    0xE1, 0xEC, 0x88, 0x1D, 0x00, 0x00, 0x00, 0x00, 0x00, 0x00, 0xBD, 0x64, 0x09, 0x00, 0x00, 0x00,
    0x00, 0x00, 0x00, 0x00, 0x00, 0x00, 0x00, 0x00, 0x00, 0x00, 0x00, 0x00, 0x00, 0x00, 0x11, 0x91,
    0xDE, 0xF7, 0xD5, 0x60, 0x00, 0x38, 0xED, 0xA1, 0x9A, 0xF2, 0xFF, 0x3D, 0x18, 0x18, 0x00, 0x00,
    0x5A, 0xFF, 0x76, 0x00, 0x00, 0x00, 0x00, 0x77, 0xFF, 0x45, 0x00, 0x00, 0x00, 0x49, 0xF7, 0xA5,
    0x00, 0x00, 0x00, 0x39, 0xF8, 0xA1, 0x04, 0x00, 0x00, 0x00, 0xB7, 0xE5, 0x05, 0x00, 0x00, 0x00,
    0x00, 0xBE, 0xDC, 0x00, 0x00, 0x00, 0x00, 0x00, 0x00, 0x00, 0x00, 0x00, 0x00, 0x00, 0x00, 0x9A,
    0xEC, 0x2E, 0x00, 0x00, 0x00, 0x00, 0x9A, 0xEC, 0x2E, 0x00, 0x00, 0x00, 0x00, 0x00, 0x00, 0x37,
    0xA2, 0xDF, 0xF8, 0xF3, 0xD2, 0x8C, 0x20, 0x00, 0x00, 0x00, 0x00, 0x00, 0x02, 0x8F, 0xFA, 0x9B,
    0x47, 0x26, 0x2C, 0x56, 0xB3, 0xF5, 0x5E, 0x00, 0x00, 0x00, 0x00, 0x8C, 0xF1, 0x3B, 0x00, 0x00,
    0x00, 0x00, 0x00, 0x00, 0x64, 0xFD, 0x47, 0x00, 0x00, 0x2E, 0xFD, 0x57, 0x00, 0x32, 0xC3, 0xF4,
    0xB9, 0xD6, 0x81, 0x00, 0xAE, 0xC9, 0x00, 0x00, 0x8B, 0xE0, 0x00, 0x15, 0xF0, 0xA8, 0x2B, 0x69,
    0xFF, 0x66, 0x00, 0x5F, 0xFF, 0x07, 0x00, 0xB9, 0xAA, 0x00, 0x72, 0xF4, 0x0B, 0x00, 0x11, 0xFF,
    0x4B, 0x00, 0x56, 0xFE, 0x0A, 0x00, 0xC0, 0xA3, 0x00, 0x92, 0xD9, 0x00, 0x00, 0x3D, 0xFF, 0x35,
    0x00, 0x87, 0xDC, 0x00, 0x00, 0xA1, 0xCC, 0x00, 0x68, 0xFC, 0x51, 0x34, 0xB8, 0xFE, 0x77, 0x49,
    0xF0, 0x5F, 0x00, 0x00, 0x53, 0xFF, 0x35, 0x06, 0xA2, 0xF3, 0xDC, 0x44, 0x98, 0xF6, 0xE5, 0x71,
    0x00, 0x00, 0x00, 0x01, 0xC4, 0xDE, 0x22, 0x00, 0x00, 0x00, 0x00, 0x00, 0x04, 0x00, 0x00, 0x00,
    0x00, 0x00, 0x00, 0x14, 0xC5, 0xF2, 0x8D, 0x45, 0x2A, 0x3C, 0x6B, 0xDB, 0x04, 0x00, 0x00, 0x00,
    0x00, 0x00, 0x00, 0x04, 0x5D, 0xB8, 0xEA, 0xFA, 0xEB, 0xCB, 0x7D, 0x01, 0x00, 0x00, 0x00, 0x00,
    0x00, 0x00, 0x00, 0xD8, 0xFF, 0x9F, 0x00, 0x00, 0x00, 0x00, 0x00, 0x00, 0x00, 0x3B, 0xFF, 0xEE,
    0xF4, 0x0C, 0x00, 0x00, 0x00, 0x00, 0x00, 0x00, 0x9D, 0xFC, 0x7A, 0xFF, 0x61, 0x00, 0x00, 0x00,
    0x00, 0x00, 0x0B, 0xF3, 0xBD, 0x17, 0xFD, 0xC2, 0x00, 0x00, 0x00, 0x00, 0x00, 0x61, 0xFF, 0x6C,
    0x00, 0xC3, 0xFF, 0x23, 0x00, 0x00, 0x00, 0x00, 0xC2, 0xFE, 0x1B, 0x00, 0x70, 0xFF, 0x83, 0x00,
    0x00, 0x00, 0x24, 0xFF, 0xC8, 0x00, 0x00, 0x1E, 0xFF, 0xE2, 0x02, 0x00, 0x00, 0x86, 0xFF, 0xFF,
    0xFF, 0xFF, 0xFF, 0xFF, 0xFF, 0x45, 0x00, 0x03, 0xE4, 0xFF, 0x8A, 0x84, 0x84, 0x84, 0xB0, 0xFF,
    0xA5, 0x00, 0x4A, 0xFF, 0xC1, 0x00, 0x00, 0x00, 0x00, 0x15, 0xF9, 0xF6, 0x0F, 0xAB, 0xFF, 0x5D,
    0x00, 0x00, 0x00, 0x00, 0x00, 0xA8, 0xFF, 0x67, 0x00, 0x9C, 0xFF, 0xFF, 0xFF, 0xED, 0xBA, 0x36,
    0x00, 0x00, 0x00, 0x9C, 0xFF, 0x9E, 0x82, 0xAB, 0xFD, 0xF2, 0x21, 0x00, 0x00, 0x9C, 0xFF, 0x3C,
    0x00, 0x00, 0xA1, 0xFF, 0x67, 0x00, 0x00, 0x9C, 0xFF, 0x3C, 0x00, 0x00, 0x8F, 0xFF, 0x55, 0x00,
    0x00, 0x9C, 0xFF, 0x3C, 0x05, 0x42, 0xEF, 0xD2, 0x06, 0x00, 0x00, 0x9C, 0xFF, 0xFF, 0xFF, 0xFF,
    0xDD, 0x30, 0x00, 0x00, 0x00, 0x9C, 0xFF, 0x9E, 0x82, 0x99, 0xE9, 0xF9, 0x58, 0x00, 0x00, 0x9C,
    0xFF, 0x3C, 0x00, 0x00, 0x27, 0xFF, 0xDD, 0x00, 0x00, 0x9C, 0xFF, 0x3C, 0x00, 0x00, 0x29, 0xFF,
    0xE7, 0x00, 0x00, 0x9C, 0xFF, 0x9A, 0x7C, 0x91, 0xE8, 0xFF, 0x7A, 0x00, 0x00, 0x9C, 0xFF, 0xFF,
    0xFF, 0xEF, 0xC5, 0x56, 0x00, 0x00, 0x00, 0x00, 0x00, 0x40, 0xAE, 0xE8, 0xFB, 0xEE, 0xC5, 0x20,
    0x00, 0x00, 0x88, 0xFF, 0xFF, 0xCD, 0xAA, 0xB2, 0xD7, 0x32, 0x00, 0x69, 0xFF, 0xE1, 0x35, 0x00,
    0x00, 0x00, 0x00, 0x00, 0x03, 0xE9, 0xFD, 0x30, 0x00, 0x00, 0x00, 0x00, 0x00, 0x00, 0x34, 0xFF,
    0xC5, 0x00, 0x00, 0x00, 0x00, 0x00, 0x00, 0x00, 0x4E, 0xFF, 0xA5, 0x00, 0x00, 0x00, 0x00, 0x00,
    0x00, 0x00, 0x43, 0xFF, 0xB9, 0x00, 0x00, 0x00, 0x00, 0x00, 0x00, 0x00, 0x11, 0xFC, 0xF7, 0x1A,
    0x00, 0x00, 0x00, 0x00, 0x00, 0x00, 0x00, 0xA0, 0xFF, 0xC9, 0x1B, 0x00, 0x00, 0x00, 0x00, 0x00,
    0x00, 0x0E, 0xCB, 0xFF, 0xF8, 0xBB, 0xA4, 0xB0, 0xD7, 0x32, 0x00, 0x00, 0x08, 0x76, 0xCF, 0xF6,
    0xF6, 0xE1, 0xA8, 0x19, 0x00, 0x9C, 0xFF, 0xFF, 0xFE, 0xF2, 0xD3, 0x95, 0x2B, 0x00, 0x00, 0x00,
    0x9C, 0xFF, 0xAD, 0x94, 0xA1, 0xD3, 0xFF, 0xFA, 0x64, 0x00, 0x00, 0x9C, 0xFF, 0x3C, 0x00, 0x00,
    0x00, 0x4D, 0xF8, 0xFC, 0x2A, 0x00, 0x9C, 0xFF, 0x3C, 0x00, 0x00, 0x00, 0x00, 0x84, 0xFF, 0x8D,
    0x00, 0x9C, 0xFF, 0x3C, 0x00, 0x00, 0x00, 0x00, 0x3A, 0xFF, 0xBE, 0x00, 0x9C, 0xFF, 0x3C, 0x00,
    0x00, 0x00, 0x00, 0x29, 0xFF, 0xC9, 0x00, 0x9C, 0xFF, 0x3C, 0x00, 0x00, 0x00, 0x00, 0x44, 0xFF,
    0xB0, 0x00, 0x9C, 0xFF, 0x3C, 0x00, 0x00, 0x00, 0x00, 0x9E, 0xFF, 0x69, 0x00, 0x9C, 0xFF, 0x3C,
    0x00, 0x00, 0x02, 0x6F, 0xFF, 0xDA, 0x08, 0x00, 0x9C, 0xFF, 0xAD, 0x94, 0xA4, 0xDF, 0xFF, 0xD7,
    0x23, 0x00, 0x00, 0x9C, 0xFF, 0xFF, 0xFD, 0xED, 0xC1, 0x6D, 0x0A, 0x00, 0x00, 0x00, 0x9C, 0xFF,
    0xFF, 0xFF, 0xFF, 0xFF, 0x6C, 0x00, 0x9C, 0xFF, 0xAF, 0x94, 0x94, 0x94, 0x3E, 0x00, 0x9C, 0xFF,
    0x40, 0x00, 0x00, 0x00, 0x00, 0x00, 0x9C, 0xFF, 0x40, 0x00, 0x00, 0x00, 0x00, 0x00, 0x9C, 0xFF,
    0x40, 0x00, 0x00, 0x00, 0x00, 0x00, 0x9C, 0xFF, 0xFF, 0xFF, 0xFF, 0xFF, 0x18, 0x00, 0x9C, 0xFF,
    0xAF, 0x94, 0x94, 0x94, 0x0D, 0x00, 0x9C, 0xFF, 0x40, 0x00, 0x00, 0x00, 0x00, 0x00, 0x9C, 0xFF,
    0x40, 0x00, 0x00, 0x00, 0x00, 0x00, 0x9C, 0xFF, 0xAF, 0x94, 0x94, 0x94, 0x63, 0x00, 0x9C, 0xFF,
    0xFF, 0xFF, 0xFF, 0xFF, 0xAC, 0x00, 0x9C, 0xFF, 0xFF, 0xFF, 0xFF, 0xFF, 0x70, 0x00, 0x9C, 0xFF,
    0xAF, 0x94, 0x94, 0x94, 0x40, 0x00, 0x9C, 0xFF, 0x40, 0x00, 0x00, 0x00, 0x00, 0x00, 0x9C, 0xFF,
    0x40, 0x00, 0x00, 0x00, 0x00, 0x00, 0x9C, 0xFF, 0x40, 0x00, 0x00, 0x00, 0x00, 0x00, 0x9C, 0xFF,
    0xFF, 0xFF, 0xFF, 0xFF, 0x1C, 0x00, 0x9C, 0xFF, 0xAF, 0x94, 0x94, 0x94, 0x10, 0x00, 0x9C, 0xFF,
    0x40, 0x00, 0x00, 0x00, 0x00, 0x00, 0x9C, 0xFF, 0x40, 0x00, 0x00, 0x00, 0x00, 0x00, 0x9C, 0xFF,
    0x40, 0x00, 0x00, 0x00, 0x00, 0x00, 0x9C, 0xFF, 0x40, 0x00, 0x00, 0x00, 0x00, 0x00, 0x00, 0x00,
    0x39, 0xA8, 0xE4, 0xFA, 0xF1, 0xD8, 0x7F, 0x00, 0x00, 0x00, 0x81, 0xFE, 0xFE, 0xC5, 0xA2, 0xA8,
    0xBF, 0xB4, 0x00, 0x00, 0x64, 0xFF, 0xDF, 0x31, 0x00, 0x00, 0x00, 0x00, 0x00, 0x00, 0x03, 0xE8,
    0xFD, 0x2E, 0x00, 0x00, 0x00, 0x00, 0x00, 0x00, 0x00, 0x35, 0xFF, 0xC3, 0x00, 0x00, 0x00, 0x00,
    0x00, 0x00, 0x00, 0x00, 0x4E, 0xFF, 0xA6, 0x00, 0x00, 0x14, 0xFF, 0xFF, 0xFF, 0xFF, 0x20, 0x41,
    0xFF, 0xC5, 0x00, 0x00, 0x0B, 0x90, 0x90, 0xE0, 0xFF, 0x20, 0x0E, 0xFA, 0xF6, 0x1F, 0x00, 0x00,
    0x00, 0x00, 0xB8, 0xFF, 0x20, 0x00, 0x95, 0xFF, 0xBF, 0x10, 0x00, 0x00, 0x00, 0xB8, 0xFF, 0x20,
    0x00, 0x09, 0xBD, 0xFF, 0xF1, 0xB1, 0xA3, 0xC8, 0xFE, 0xFF, 0x20, 0x00, 0x00, 0x03, 0x66, 0xC5,
    0xF1, 0xF7, 0xDB, 0xAA, 0x4A, 0x02, 0x00, 0x9C, 0xFF, 0x40, 0x00, 0x00, 0x00, 0x00, 0x7C, 0xFF,
    0x64, 0x00, 0x00, 0x9C, 0xFF, 0x40, 0x00, 0x00, 0x00, 0x00, 0x7C, 0xFF, 0x64, 0x00, 0x00, 0x9C,
    0xFF, 0x40, 0x00, 0x00, 0x00, 0x00, 0x7C, 0xFF, 0x64, 0x00, 0x00, 0x9C, 0xFF, 0x40, 0x00, 0x00,
    0x00, 0x00, 0x7C, 0xFF, 0x64, 0x00, 0x00, 0x9C, 0xFF, 0x40, 0x00, 0x00, 0x00, 0x00, 0x7C, 0xFF,
    0x64, 0x00, 0x00, 0x9C, 0xFF, 0xFF, 0xFF, 0xFF, 0xFF, 0xFF, 0xFF, 0xFF, 0x64, 0x00, 0x00, 0x9C,
    0xFF, 0xBB, 0xA4, 0xA4, 0xA4, 0xA4, 0xD0, 0xFF, 0x64, 0x00, 0x00, 0x9C, 0xFF, 0x40, 0x00, 0x00,
    0x00, 0x00, 0x7C, 0xFF, 0x64, 0x00, 0x00, 0x9C, 0xFF, 0x40, 0x00, 0x00, 0x00, 0x00, 0x7C, 0xFF,
    0x64, 0x00, 0x00, 0x9C, 0xFF, 0x40, 0x00, 0x00, 0x00, 0x00, 0x7C, 0xFF, 0x64, 0x00, 0x00, 0x9C,
    0xFF, 0x40, 0x00, 0x00, 0x00, 0x00, 0x7C, 0xFF, 0x64, 0x00, 0x00, 0xA0, 0xFF, 0x4C, 0x00, 0x00,
    0xA0, 0xFF, 0x4C, 0x00, 0x00, 0xA0, 0xFF, 0x4C, 0x00, 0x00, 0xA0, 0xFF, 0x4C, 0x00, 0x00, 0xA0,
    0xFF, 0x4C, 0x00, 0x00, 0xA0, 0xFF, 0x4C, 0x00, 0x00, 0xA0, 0xFF, 0x4C, 0x00, 0x00, 0xA0, 0xFF,
    0x4C, 0x00, 0x00, 0xA0, 0xFF, 0x4C, 0x00, 0x00, 0xA0, 0xFF, 0x4C, 0x00, 0x00, 0xA0, 0xFF, 0x4C,
    0x00, 0x00, 0x00, 0x00, 0xCC, 0xFF, 0x10, 0x00, 0x00, 0x00, 0xCC, 0xFF, 0x10, 0x00, 0x00, 0x00,
    0xCC, 0xFF, 0x10, 0x00, 0x00, 0x00, 0xCC, 0xFF, 0x10, 0x00, 0x00, 0x00, 0xCC, 0xFF, 0x10, 0x00,
    0x00, 0x00, 0xCC, 0xFF, 0x10, 0x00, 0x00, 0x00, 0xCD, 0xFF, 0x0F, 0x00, 0x00, 0x00, 0xE3, 0xF8,
    0x02, 0x00, 0x00, 0x39, 0xFF, 0xCF, 0x00, 0xA2, 0xAD, 0xF1, 0xFF, 0x53, 0x00, 0xB9, 0xFB, 0xD9,
    0x64, 0x00, 0x00, 0x00, 0x9C, 0xFF, 0x40, 0x00, 0x00, 0x26, 0xF1, 0xF1, 0x2B, 0x00, 0x9C, 0xFF,
    0x40, 0x00, 0x0B, 0xD4, 0xFD, 0x4A, 0x00, 0x00, 0x9C, 0xFF, 0x40, 0x00, 0xA7, 0xFF, 0x71, 0x00,
    0x00, 0x00, 0x9C, 0xFF, 0x40, 0x71, 0xFF, 0x9C, 0x00, 0x00, 0x00, 0x00, 0x9C, 0xFF, 0x7C, 0xFB,
    0xC1, 0x05, 0x00, 0x00, 0x00, 0x00, 0x9C, 0xFF, 0xE9, 0xFF, 0x5F, 0x00, 0x00, 0x00, 0x00, 0x00,
    0x9C, 0xFF, 0x5E, 0xEC, 0xF3, 0x2E, 0x00, 0x00, 0x00, 0x00, 0x9C, 0xFF, 0x40, 0x47, 0xFD, 0xE0,
    0x15, 0x00, 0x00, 0x00, 0x9C, 0xFF, 0x40, 0x00, 0x7F, 0xFF, 0xC3, 0x06, 0x00, 0x00, 0x9C, 0xFF,
    0x40, 0x00, 0x02, 0xB7, 0xFF, 0x9D, 0x00, 0x00, 0x9C, 0xFF, 0x40, 0x00, 0x00, 0x12, 0xE0, 0xFF,
    0x72, 0x00, 0x9C, 0xFF, 0x40, 0x00, 0x00, 0x00, 0x00, 0x00, 0x9C, 0xFF, 0x40, 0x00, 0x00, 0x00,
    0x00, 0x00, 0x9C, 0xFF, 0x40, 0x00, 0x00, 0x00, 0x00, 0x00, 0x9C, 0xFF, 0x40, 0x00, 0x00, 0x00,
    0x00, 0x00, 0x9C, 0xFF, 0x40, 0x00, 0x00, 0x00, 0x00, 0x00, 0x9C, 0xFF, 0x40, 0x00, 0x00, 0x00,
    0x00, 0x00, 0x9C, 0xFF, 0x40, 0x00, 0x00, 0x00, 0x00, 0x00, 0x9C, 0xFF, 0x40, 0x00, 0x00, 0x00,
    0x00, 0x00, 0x9C, 0xFF, 0x40, 0x00, 0x00, 0x00, 0x00, 0x00, 0x9C, 0xFF, 0xAF, 0x94, 0x94, 0x94,
    0x57, 0x00, 0x9C, 0xFF, 0xFF, 0xFF, 0xFF, 0xFF, 0x98, 0x00, 0x9C, 0xFF, 0xFF, 0x33, 0x00, 0x00,
    0x00, 0x00, 0x00, 0x51, 0xFF, 0xFF, 0x6C, 0x00, 0x00, 0x9C, 0xFF, 0xFC, 0x9A, 0x00, 0x00, 0x00,
    0x00, 0x00, 0xBA, 0xFC, 0xFF, 0x6C, 0x00, 0x00, 0x9C, 0xFF, 0xCE, 0xF3, 0x0D, 0x00, 0x00, 0x00,
    0x24, 0xFE, 0xCE, 0xFF, 0x6C, 0x00, 0x00, 0x9C, 0xFF, 0x74, 0xFF, 0x68, 0x00, 0x00, 0x00, 0x8D,
    0xF9, 0x7F, 0xFF, 0x6C, 0x00, 0x00, 0x9C, 0xFF, 0x22, 0xE9, 0xCF, 0x00, 0x00, 0x08, 0xED, 0xA7,
    0x6C, 0xFF, 0x6C, 0x00, 0x00, 0x9C, 0xFF, 0x1C, 0x87, 0xFF, 0x36, 0x00, 0x5F, 0xFF, 0x3F, 0x6C,
    0xFF, 0x6C, 0x00, 0x00, 0x9C, 0xFF, 0x1C, 0x20, 0xFD, 0x9E, 0x00, 0xC8, 0xD6, 0x00, 0x6C, 0xFF,
    0x6C, 0x00, 0x00, 0x9C, 0xFF, 0x1C, 0x00, 0xB4, 0xF5, 0x3D, 0xFF, 0x6F, 0x00, 0x6C, 0xFF, 0x6C,
    0x00, 0x00, 0x9C, 0xFF, 0x1C, 0x00, 0x4B, 0xFF, 0xDE, 0xF6, 0x11, 0x00, 0x6C, 0xFF, 0x6C, 0x00,
    0x00, 0x9C, 0xFF, 0x1C, 0x00, 0x02, 0xDF, 0xFF, 0x9F, 0x00, 0x00, 0x6C, 0xFF, 0x6C, 0x00, 0x00,
    0x9C, 0xFF, 0x1C, 0x00, 0x00, 0x79, 0xFF, 0x37, 0x00, 0x00, 0x6C, 0xFF, 0x6C, 0x00, 0x00, 0x9C,
    0xFF, 0xD7, 0x07, 0x00, 0x00, 0x00, 0x00, 0xE8, 0xE4, 0x00, 0x00, 0x9C, 0xFF, 0xFF, 0x87, 0x00,
    0x00, 0x00, 0x00, 0xE8, 0xE4, 0x00, 0x00, 0x9C, 0xFF, 0xD9, 0xFB, 0x33, 0x00, 0x00, 0x00, 0xE8,
    0xE4, 0x00, 0x00, 0x9C, 0xFF, 0x52, 0xF6, 0xD1, 0x05, 0x00, 0x00, 0xE8, 0xE4, 0x00, 0x00, 0x9C,
    0xFF, 0x30, 0x71, 0xFF, 0x7E, 0x00, 0x00, 0xE8, 0xE4, 0x00, 0x00, 0x9C, 0xFF, 0x30, 0x02, 0xC5,
    0xF9, 0x2C, 0x00, 0xE8, 0xE4, 0x00, 0x00, 0x9C, 0xFF, 0x30, 0x00, 0x27, 0xF7, 0xCA, 0x03, 0xE8,
    0xE4, 0x00, 0x00, 0x9C, 0xFF, 0x30, 0x00, 0x00, 0x75, 0xFF, 0x76, 0xE5, 0xE4, 0x00, 0x00, 0x9C,
    0xFF, 0x30, 0x00, 0x00, 0x03, 0xC8, 0xF7, 0xEF, 0xE4, 0x00, 0x00, 0x9C, 0xFF, 0x30, 0x00, 0x00,
    0x00, 0x29, 0xF8, 0xFF, 0xE4, 0x00, 0x00, 0x9C, 0xFF, 0x30, 0x00, 0x00, 0x00, 0x00, 0x79, 0xFF,
    0xE4, 0x00, 0x00, 0x00, 0x04, 0x68, 0xC6, 0xF1, 0xF8, 0xD7, 0x85, 0x0F, 0x00, 0x00, 0x00, 0x07,
    0xBB, 0xFF, 0xF4, 0xB6, 0xAE, 0xE6, 0xFF, 0xD9, 0x18, 0x00, 0x00, 0x8B, 0xFF, 0xC9, 0x16, 0x00,
    0x00, 0x06, 0x9E, 0xFF, 0xB4, 0x00, 0x08, 0xF5, 0xFA, 0x27, 0x00, 0x00, 0x00, 0x00, 0x0C, 0xE9,
    0xFF, 0x23, 0x3B, 0xFF, 0xC7, 0x00, 0x00, 0x00, 0x00, 0x00, 0x00, 0xA9, 0xFF, 0x59, 0x4F, 0xFF,
    0xA9, 0x00, 0x00, 0x00, 0x00, 0x00, 0x00, 0x8D, 0xFF, 0x66, 0x41, 0xFF, 0xC5, 0x00, 0x00, 0x00,
    0x00, 0x00, 0x00, 0xA8, 0xFF, 0x51, 0x0F, 0xFA, 0xF8, 0x20, 0x00, 0x00, 0x00, 0x00, 0x0C, 0xE7,
    0xFD, 0x19, 0x00, 0x9A, 0xFF, 0xBF, 0x0F, 0x00, 0x00, 0x0B, 0xA6, 0xFF, 0xA5, 0x00, 0x00, 0x0D,
    0xC9, 0xFF, 0xEE, 0xAE, 0xB5, 0xE9, 0xFF, 0xCE, 0x10, 0x00, 0x00, 0x00, 0x08, 0x76, 0xD0, 0xF6,
    0xF6, 0xD0, 0x78, 0x0A, 0x00, 0x00, 0x00, 0x9C, 0xFF, 0xFF, 0xFF, 0xE6, 0xB5, 0x34, 0x00, 0x00,
    0x9C, 0xFF, 0xA4, 0x8B, 0xB0, 0xFD, 0xFB, 0x3D, 0x00, 0x9C, 0xFF, 0x3C, 0x00, 0x00, 0x6D, 0xFF,
    0xB0, 0x00, 0x9C, 0xFF, 0x3C, 0x00, 0x00, 0x27, 0xFF, 0xD2, 0x00, 0x9C, 0xFF, 0x3C, 0x00, 0x00,
    0x44, 0xFF, 0xBC, 0x00, 0x9C, 0xFF, 0x3C, 0x05, 0x35, 0xD3, 0xFF, 0x63, 0x00, 0x9C, 0xFF, 0xFF,
    0xFF, 0xFF, 0xFF, 0x97, 0x01, 0x00, 0x9C, 0xFF, 0xA1, 0x83, 0x72, 0x30, 0x00, 0x00, 0x00, 0x9C,
    0xFF, 0x3C, 0x00, 0x00, 0x00, 0x00, 0x00, 0x00, 0x9C, 0xFF, 0x3C, 0x00, 0x00, 0x00, 0x00, 0x00,
    0x00, 0x9C, 0xFF, 0x3C, 0x00, 0x00, 0x00, 0x00, 0x00, 0x00, 0x00, 0x03, 0x64, 0xC3, 0xF0, 0xF7,
    0xD6, 0x81, 0x0E, 0x00, 0x00, 0x00, 0x00, 0x07, 0xBA, 0xFF, 0xF4, 0xB6, 0xAE, 0xE8, 0xFF, 0xD7,
    0x16, 0x00, 0x00, 0x00, 0x8A, 0xFF, 0xCD, 0x1F, 0x00, 0x00, 0x0B, 0xA6, 0xFF, 0xB0, 0x00, 0x00,
    0x08, 0xF5, 0xFA, 0x27, 0x00, 0x00, 0x00, 0x00, 0x0D, 0xEA, 0xFF, 0x20, 0x00, 0x3A, 0xFF, 0xC8,
    0x00, 0x00, 0x00, 0x00, 0x00, 0x00, 0xAA, 0xFF, 0x58, 0x00, 0x4E, 0xFF, 0xA9, 0x00, 0x00, 0x00,
    0x00, 0x00, 0x00, 0x8D, 0xFF, 0x65, 0x00, 0x40, 0xFF, 0xC7, 0x00, 0x00, 0x00, 0x00, 0x00, 0x00,
    0xAA, 0xFF, 0x4F, 0x00, 0x0E, 0xFA, 0xF8, 0x20, 0x00, 0x00, 0x00, 0x00, 0x0C, 0xE8, 0xFC, 0x14,
    0x00, 0x00, 0x98, 0xFF, 0xC3, 0x17, 0x00, 0x00, 0x0B, 0xA6, 0xFF, 0x9F, 0x00, 0x00, 0x00, 0x0C,
    0xC8, 0xFF, 0xF0, 0xAF, 0xB5, 0xE9, 0xFF, 0xCC, 0x11, 0x00, 0x00, 0x00, 0x00, 0x07, 0x72, 0xCD,
    0xF5, 0xF9, 0xE0, 0xFF, 0xC3, 0x10, 0x00, 0x00, 0x00, 0x00, 0x00, 0x00, 0x00, 0x00, 0x00, 0x00,
    0x9D, 0xFF, 0xD1, 0x19, 0x00, 0x00, 0x00, 0x00, 0x00, 0x00, 0x00, 0x00, 0x00, 0x04, 0xB3, 0xFF,
    0xDE, 0x24, 0x00, 0x9C, 0xFF, 0xFF, 0xFF, 0xF0, 0xC2, 0x46, 0x00, 0x00, 0x00, 0x00, 0x9C, 0xFF,
    0xA1, 0x84, 0xA6, 0xFC, 0xFB, 0x3B, 0x00, 0x00, 0x00, 0x9C, 0xFF, 0x3C, 0x00, 0x00, 0x77, 0xFF,
    0xA5, 0x00, 0x00, 0x00, 0x9C, 0xFF, 0x3C, 0x00, 0x00, 0x48, 0xFF, 0xAE, 0x00, 0x00, 0x00, 0x9C,
    0xFF, 0x3C, 0x00, 0x00, 0x8D, 0xFF, 0x75, 0x00, 0x00, 0x00, 0x9C, 0xFF, 0xA1, 0x84, 0xAF, 0xFF,
    0xC1, 0x0A, 0x00, 0x00, 0x00, 0x9C, 0xFF, 0xFF, 0xFF, 0xFF, 0xAA, 0x03, 0x00, 0x00, 0x00, 0x00,
    0x9C, 0xFF, 0x3C, 0x16, 0xA9, 0xFF, 0x7D, 0x00, 0x00, 0x00, 0x00, 0x9C, 0xFF, 0x3C, 0x00, 0x06,
    0xCE, 0xFE, 0x45, 0x00, 0x00, 0x00, 0x9C, 0xFF, 0x3C, 0x00, 0x00, 0x2C, 0xF9, 0xE6, 0x13, 0x00,
    0x00, 0x9C, 0xFF, 0x3C, 0x00, 0x00, 0x00, 0x77, 0xFF, 0xAF, 0x00, 0x00, 0x02, 0x6D, 0xCC, 0xF1,
    0xF8, 0xE3, 0x66, 0x00, 0x00, 0x9D, 0xFF, 0xE3, 0x9D, 0x94, 0xB1, 0x83, 0x00, 0x14, 0xFF, 0xED,
    0x0C, 0x00, 0x00, 0x00, 0x00, 0x00, 0x0A, 0xFD, 0xF3, 0x1A, 0x00, 0x00, 0x00, 0x00, 0x00, 0x00,
    0x8F, 0xFF, 0xEB, 0x76, 0x0F, 0x00, 0x00, 0x00, 0x00, 0x01, 0x6F, 0xF0, 0xFF, 0xEC, 0x60, 0x00,
    0x00, 0x00, 0x00, 0x00, 0x10, 0x79, 0xF0, 0xFF, 0x71, 0x00, 0x00, 0x00, 0x00, 0x00, 0x00, 0x2B,
    0xFE, 0xEB, 0x00, 0x1D, 0x6D, 0x01, 0x00, 0x00, 0x13, 0xF9, 0xFA, 0x03, 0x20, 0xFF, 0xD6, 0x96,
    0x9C, 0xE3, 0xFF, 0x94, 0x00, 0x09, 0x8B, 0xD7, 0xF9, 0xF0, 0xCB, 0x6F, 0x02, 0x00, 0xB8, 0xFF,
    0xFF, 0xFF, 0xFF, 0xFF, 0xFF, 0xFF, 0x94, 0x6A, 0x94, 0x94, 0xCA, 0xFF, 0xBA, 0x94, 0x94, 0x55,
    0x00, 0x00, 0x00, 0x80, 0xFF, 0x5C, 0x00, 0x00, 0x00, 0x00, 0x00, 0x00, 0x80, 0xFF, 0x5C, 0x00,
    0x00, 0x00, 0x00, 0x00, 0x00, 0x80, 0xFF, 0x5C, 0x00, 0x00, 0x00, 0x00, 0x00, 0x00, 0x80, 0xFF,
    0x5C, 0x00, 0x00, 0x00, 0x00, 0x00, 0x00, 0x80, 0xFF, 0x5C, 0x00, 0x00, 0x00, 0x00, 0x00, 0x00,
    0x80, 0xFF, 0x5C, 0x00, 0x00, 0x00, 0x00, 0x00, 0x00, 0x80, 0xFF, 0x5C, 0x00, 0x00, 0x00, 0x00,
    0x00, 0x00, 0x80, 0xFF, 0x5C, 0x00, 0x00, 0x00, 0x00, 0x00, 0x00, 0x80, 0xFF, 0x5C, 0x00, 0x00,
    0x00, 0x00, 0xC0, 0xFF, 0x1C, 0x00, 0x00, 0x00, 0x00, 0xDC, 0xFF, 0x00, 0x00, 0xC0, 0xFF, 0x1C,
    0x00, 0x00, 0x00, 0x00, 0xDC, 0xFF, 0x00, 0x00, 0xC0, 0xFF, 0x1C, 0x00, 0x00, 0x00, 0x00, 0xDC,
    0xFF, 0x00, 0x00, 0xC0, 0xFF, 0x1C, 0x00, 0x00, 0x00, 0x00, 0xDC, 0xFF, 0x00, 0x00, 0xC0, 0xFF,
    0x1C, 0x00, 0x00, 0x00, 0x00, 0xDC, 0xFF, 0x00, 0x00, 0xC0, 0xFF, 0x1C, 0x00, 0x00, 0x00, 0x00,
    0xDC, 0xFF, 0x00, 0x00, 0xBE, 0xFF, 0x25, 0x00, 0x00, 0x00, 0x00, 0xE3, 0xFD, 0x00, 0x00, 0xAE,
    0xFF, 0x49, 0x00, 0x00, 0x00, 0x08, 0xFC, 0xE8, 0x00, 0x00, 0x77, 0xFF, 0xBF, 0x09, 0x00, 0x00,
    0x7C, 0xFF, 0xAB, 0x00, 0x00, 0x13, 0xE5, 0xFF, 0xE1, 0xAC, 0xC9, 0xFF, 0xF6, 0x2E, 0x00, 0x00,
    0x00, 0x1F, 0xA4, 0xE8, 0xFC, 0xEB, 0xAE, 0x2F, 0x00, 0x00, 0xB7, 0xFF, 0x4D, 0x00, 0x00, 0x00,
    0x00, 0x06, 0xF0, 0xF2, 0x0A, 0x5B, 0xFF, 0xA2, 0x00, 0x00, 0x00, 0x00, 0x4E, 0xFF, 0x9F, 0x00,
    0x0A, 0xF3, 0xF0, 0x06, 0x00, 0x00, 0x00, 0xA5, 0xFF, 0x41, 0x00, 0x00, 0xA3, 0xFF, 0x4C, 0x00,
    0x00, 0x08, 0xF3, 0xE1, 0x01, 0x00, 0x00, 0x47, 0xFF, 0xA0, 0x00, 0x00, 0x53, 0xFF, 0x85, 0x00,
    0x00, 0x00, 0x03, 0xE7, 0xEF, 0x06, 0x00, 0xA9, 0xFF, 0x27, 0x00, 0x00, 0x00, 0x00, 0x8F, 0xFF,
    0x4A, 0x0B, 0xF5, 0xCA, 0x00, 0x00, 0x00, 0x00, 0x00, 0x33, 0xFF, 0x9E, 0x57, 0xFF, 0x6C, 0x00,
    0x00, 0x00, 0x00, 0x00, 0x00, 0xD6, 0xEC, 0xAA, 0xFA, 0x14, 0x00, 0x00, 0x00, 0x00, 0x00, 0x00,
    0x7B, 0xFF, 0xF9, 0xB0, 0x00, 0x00, 0x00, 0x00, 0x00, 0x00, 0x00, 0x1F, 0xFE, 0xFF, 0x52, 0x00,
    0x00, 0x00, 0x00, 0xB0, 0xFF, 0x57, 0x00, 0x00, 0x00, 0x31, 0xFF, 0xF8, 0x09, 0x00, 0x00, 0x00,
    0xC4, 0xFF, 0x23, 0x66, 0xFF, 0x98, 0x00, 0x00, 0x00, 0x7A, 0xFF, 0xFF, 0x44, 0x00, 0x00, 0x09,
    0xF9, 0xDC, 0x00, 0x1D, 0xFF, 0xD9, 0x00, 0x00, 0x00, 0xC3, 0xE0, 0xFF, 0x87, 0x00, 0x00, 0x41,
    0xFF, 0x95, 0x00, 0x00, 0xD4, 0xFF, 0x1A, 0x00, 0x10, 0xFB, 0x8B, 0xF2, 0xCA, 0x00, 0x00, 0x80,
    0xFF, 0x4E, 0x00, 0x00, 0x8B, 0xFF, 0x5A, 0x00, 0x55, 0xFF, 0x41, 0xB0, 0xFD, 0x10, 0x00, 0xBF,
    0xFA, 0x0C, 0x00, 0x00, 0x42, 0xFF, 0x9B, 0x00, 0x9E, 0xF4, 0x06, 0x69, 0xFF, 0x50, 0x06, 0xF7,
    0xBF, 0x00, 0x00, 0x00, 0x06, 0xF3, 0xDB, 0x00, 0xE6, 0xB3, 0x00, 0x22, 0xFF, 0x93, 0x3D, 0xFF,
    0x78, 0x00, 0x00, 0x00, 0x00, 0xB0, 0xFF, 0x4C, 0xFF, 0x6C, 0x00, 0x00, 0xDC, 0xD6, 0x7C, 0xFF,
    0x31, 0x00, 0x00, 0x00, 0x00, 0x67, 0xFF, 0xC3, 0xFF, 0x25, 0x00, 0x00, 0x95, 0xFF, 0xC4, 0xE8,
    0x01, 0x00, 0x00, 0x00, 0x00, 0x1E, 0xFF, 0xFE, 0xDE, 0x00, 0x00, 0x00, 0x4E, 0xFF, 0xFE, 0xA2,
    0x00, 0x00, 0x00, 0x00, 0x00, 0x00, 0xD5, 0xFF, 0x97, 0x00, 0x00, 0x00, 0x0D, 0xFA, 0xFF, 0x5B,
    0x00, 0x00, 0x00, 0x42, 0xFF, 0xEA, 0x0E, 0x00, 0x00, 0x00, 0xB1, 0xFF, 0x5E, 0x00, 0xA4, 0xFF,
    0x85, 0x00, 0x00, 0x42, 0xFF, 0xBB, 0x00, 0x00, 0x16, 0xEF, 0xF6, 0x1B, 0x02, 0xD0, 0xF6, 0x23,
    0x00, 0x00, 0x00, 0x68, 0xFF, 0x9C, 0x64, 0xFF, 0x78, 0x00, 0x00, 0x00, 0x00, 0x01, 0xC7, 0xFA,
    0xE7, 0xD1, 0x04, 0x00, 0x00, 0x00, 0x00, 0x00, 0x59, 0xFF, 0xFF, 0x64, 0x00, 0x00, 0x00, 0x00,
    0x00, 0x08, 0xD7, 0xEB, 0xEB, 0xDC, 0x09, 0x00, 0x00, 0x00, 0x00, 0x8A, 0xFF, 0x6E, 0x71, 0xFF,
    0x89, 0x00, 0x00, 0x00, 0x36, 0xFC, 0xD4, 0x04, 0x05, 0xDA, 0xFB, 0x30, 0x00, 0x07, 0xD5, 0xFF,
    0x43, 0x00, 0x00, 0x4E, 0xFF, 0xCB, 0x03, 0x87, 0xFF, 0xAE, 0x00, 0x00, 0x00, 0x00, 0xBC, 0xFF,
    0x72, 0xAC, 0xFF, 0x73, 0x00, 0x00, 0x00, 0x16, 0xF4, 0xE4, 0x08, 0x2B, 0xFD, 0xE8, 0x0A, 0x00,
    0x00, 0x90, 0xFF, 0x66, 0x00, 0x00, 0xA8, 0xFF, 0x73, 0x00, 0x1D, 0xF8, 0xDB, 0x04, 0x00, 0x00,
    0x28, 0xFD, 0xE8, 0x0A, 0x9B, 0xFF, 0x59, 0x00, 0x00, 0x00, 0x00, 0xA4, 0xFF, 0x91, 0xFB, 0xD1,
    0x01, 0x00, 0x00, 0x00, 0x00, 0x25, 0xFC, 0xFF, 0xFF, 0x4D, 0x00, 0x00, 0x00, 0x00, 0x00, 0x00,
    0xA0, 0xFF, 0xC6, 0x00, 0x00, 0x00, 0x00, 0x00, 0x00, 0x00, 0x58, 0xFF, 0x84, 0x00, 0x00, 0x00,
    0x00, 0x00, 0x00, 0x00, 0x58, 0xFF, 0x84, 0x00, 0x00, 0x00, 0x00, 0x00, 0x00, 0x00, 0x58, 0xFF,
    0x84, 0x00, 0x00, 0x00, 0x00, 0x00, 0x00, 0x00, 0x58, 0xFF, 0x84, 0x00, 0x00, 0x00, 0x00, 0x3C,
    0xFF, 0xFF, 0xFF, 0xFF, 0xFF, 0xFF, 0xFF, 0xFE, 0x06, 0x22, 0x94, 0x94, 0x94, 0x94, 0x94, 0xDF,
    0xFF, 0x8A, 0x00, 0x00, 0x00, 0x00, 0x00, 0x00, 0x3A, 0xFC, 0xCD, 0x06, 0x00, 0x00, 0x00, 0x00,
    0x00, 0x0F, 0xDF, 0xF5, 0x27, 0x00, 0x00, 0x00, 0x00, 0x00, 0x00, 0xA6, 0xFF, 0x66, 0x00, 0x00,
    0x00, 0x00, 0x00, 0x00, 0x60, 0xFF, 0xAF, 0x00, 0x00, 0x00, 0x00, 0x00, 0x00, 0x24, 0xF3, 0xE5,
    0x13, 0x00, 0x00, 0x00, 0x00, 0x00, 0x05, 0xCB, 0xFE, 0x44, 0x00, 0x00, 0x00, 0x00, 0x00, 0x00,
    0x8A, 0xFF, 0x8C, 0x00, 0x00, 0x00, 0x00, 0x00, 0x00, 0x44, 0xFE, 0xFD, 0x9A, 0x94, 0x94, 0x94,
    0x94, 0x8D, 0x00, 0xB6, 0xFF, 0xFF, 0xFF, 0xFF, 0xFF, 0xFF, 0xFF, 0xF4, 0x00, 0x00, 0x60, 0xFF,
    0xFF, 0xDC, 0x00, 0x60, 0xFF, 0x5A, 0x30, 0x00, 0x60, 0xFF, 0x2C, 0x00, 0x00, 0x60, 0xFF, 0x2C,
    0x00, 0x00, 0x60, 0xFF, 0x2C, 0x00, 0x00, 0x60, 0xFF, 0x2C, 0x00, 0x00, 0x60, 0xFF, 0x2C, 0x00,
    0x00, 0x60, 0xFF, 0x2C, 0x00, 0x00, 0x60, 0xFF, 0x2C, 0x00, 0x00, 0x60, 0xFF, 0x2C, 0x00, 0x00,
    0x60, 0xFF, 0x2C, 0x00, 0x00, 0x60, 0xFF, 0x2C, 0x00, 0x00, 0x60, 0xFF, 0x5A, 0x30, 0x00, 0x60,
    0xFF, 0xFF, 0xDC, 0x03, 0xE4, 0xBB, 0x00, 0x00, 0x00, 0x00, 0x00, 0x00, 0x80, 0xFE, 0x24, 0x00,
    0x00, 0x00, 0x00, 0x00, 0x1B, 0xFC, 0x8B, 0x00, 0x00, 0x00, 0x00, 0x00, 0x00, 0xAF, 0xEB, 0x07,
    0x00, 0x00, 0x00, 0x00, 0x00, 0x47, 0xFF, 0x5A, 0x00, 0x00, 0x00, 0x00, 0x00, 0x01, 0xDD, 0xC2,
    0x00, 0x00, 0x00, 0x00, 0x00, 0x00, 0x76, 0xFF, 0x29, 0x00, 0x00, 0x00, 0x00, 0x00, 0x14, 0xF9,
    0x91, 0x00, 0x00, 0x00, 0x00, 0x00, 0x00, 0xA6, 0xEF, 0x09, 0x00, 0x00, 0x00, 0x00, 0x00, 0x3D,
    0xFF, 0x60, 0x00, 0x00, 0x00, 0x00, 0x00, 0x00, 0xD4, 0xC8, 0x00, 0x00, 0x00, 0x00, 0x00, 0x00,
    0x6D, 0xFF, 0x30, 0x00, 0x00, 0x00, 0x00, 0x00, 0x0F, 0xF5, 0x98, 0x84, 0xFF, 0xFF, 0xB4, 0x00,
    0x1C, 0x38, 0xDD, 0xB4, 0x00, 0x00, 0x00, 0xD4, 0xB4, 0x00, 0x00, 0x00, 0xD4, 0xB4, 0x00, 0x00,
    0x00, 0xD4, 0xB4, 0x00, 0x00, 0x00, 0xD4, 0xB4, 0x00, 0x00, 0x00, 0xD4, 0xB4, 0x00, 0x00, 0x00,
    0xD4, 0xB4, 0x00, 0x00, 0x00, 0xD4, 0xB4, 0x00, 0x00, 0x00, 0xD4, 0xB4, 0x00, 0x00, 0x00, 0xD4,
    0xB4, 0x00, 0x00, 0x00, 0xD4, 0xB4, 0x00, 0x1C, 0x38, 0xDD, 0xB4, 0x00, 0x84, 0xFF, 0xFF, 0xB4,
    0x00, 0x00, 0x00, 0x00, 0x00, 0x3F, 0xFC, 0x2E, 0x00, 0x00, 0x00, 0x00, 0x00, 0x00, 0x00, 0x01,
    0xCC, 0xFA, 0xC2, 0x00, 0x00, 0x00, 0x00, 0x00, 0x00, 0x00, 0x5C, 0xF8, 0x44, 0xF9, 0x5B, 0x00,
    0x00, 0x00, 0x00, 0x00, 0x08, 0xE1, 0x8C, 0x00, 0x88, 0xE6, 0x0D, 0x00, 0x00, 0x00, 0x00, 0x78,
    0xEF, 0x12, 0x00, 0x0C, 0xE5, 0x8B, 0x00, 0x00, 0x00, 0x14, 0xF0, 0x75, 0x00, 0x00, 0x00, 0x5B,
    0xFA, 0x29, 0x00, 0x00, 0x00, 0x00, 0x00, 0x00, 0x00, 0x00, 0x00, 0x00, 0x00, 0x00, 0x00, 0x00,
    0x00, 0x00, 0x00, 0x00, 0x00, 0x00, 0x00, 0x00, 0x00, 0x00, 0x00, 0x00, 0x00, 0x00, 0x00, 0x00,
    0x00, 0x00, 0x00, 0x00, 0x00, 0x00, 0x00, 0x00, 0x00, 0x00, 0x00, 0x00, 0x00, 0x00, 0x00, 0x00,
    0x00, 0x00, 0x00, 0x00, 0x00, 0x00, 0x00, 0x00, 0x00, 0x00, 0x00, 0x00, 0x00, 0x00, 0x00, 0x00,
    0x00, 0xF0, 0xF0, 0xF0, 0xF0, 0xF0, 0xF0, 0x99, 0x0F, 0xE2, 0xAD, 0x00, 0x00, 0x00, 0x43, 0xFE,
    0x41, 0x00, 0x00, 0x00, 0x93, 0xD2, 0x03, 0x00, 0x00, 0x00, 0x00, 0x00, 0x00, 0x00, 0x00, 0x00,
    0x00, 0x00, 0x00, 0x00, 0x00, 0x00, 0x00, 0x00, 0x00, 0x00, 0x00, 0x00, 0x00, 0x00, 0x00, 0x00,
    0x00, 0x00, 0x00, 0x00, 0x00, 0x00, 0x00, 0x00, 0x00, 0x00, 0x00, 0x00, 0x00, 0x00, 0x00, 0x00,
    0x00, 0x00, 0x00, 0x00, 0x00, 0x3C, 0xB4, 0xE7, 0xF5, 0xCD, 0x44, 0x00, 0x00, 0x9F, 0xB3, 0x71,
    0x77, 0xEF, 0xF1, 0x12, 0x00, 0x18, 0x00, 0x00, 0x00, 0x82, 0xFF, 0x43, 0x00, 0x1A, 0x81, 0xB8,
    0xDB, 0xFA, 0xFF, 0x54, 0x15, 0xEA, 0xE2, 0x7D, 0x56, 0x90, 0xFF, 0x54, 0x59, 0xFF, 0x61, 0x00,
    0x00, 0x9C, 0xFF, 0x54, 0x41, 0xFF, 0xD2, 0x6A, 0x97, 0xE8, 0xFF, 0x54, 0x00, 0x84, 0xEA, 0xF2,
    0x99, 0x77, 0xFF, 0x54, 0x00, 0xD0, 0xFF, 0x00, 0x00, 0x00, 0x00, 0x00, 0x00, 0x00, 0x00, 0xD0,
    0xFF, 0x00, 0x00, 0x00, 0x00, 0x00, 0x00, 0x00, 0x00, 0xD0, 0xFF, 0x00, 0x00, 0x00, 0x00, 0x00,
    0x00, 0x00, 0x00, 0xD0, 0xFF, 0x00, 0x00, 0x00, 0x00, 0x00, 0x00, 0x00, 0x00, 0xD0, 0xFF, 0x20,
    0xB9, 0xF6, 0xE6, 0x7A, 0x00, 0x00, 0x00, 0xD0, 0xFF, 0xD0, 0x95, 0x87, 0xEA, 0xFF, 0x5C, 0x00,
    0x00, 0xD0, 0xFF, 0x54, 0x00, 0x00, 0x34, 0xFF, 0xC7, 0x00, 0x00, 0xD0, 0xFE, 0x07, 0x00, 0x00,
    0x00, 0xEF, 0xEC, 0x00, 0x00, 0xD0, 0xFD, 0x02, 0x00, 0x00, 0x01, 0xF8, 0xDE, 0x00, 0x00, 0xD0,
    0xFF, 0x3D, 0x00, 0x00, 0x4F, 0xFF, 0xAD, 0x00, 0x00, 0xD0, 0xFF, 0xDF, 0x86, 0x8D, 0xF4, 0xFC,
    0x30, 0x00, 0x00, 0xD0, 0xFF, 0x42, 0xD6, 0xF9, 0xD2, 0x4C, 0x00, 0x00, 0x00, 0x00, 0x52, 0xC6,
    0xF5, 0xF4, 0xB5, 0x00, 0x00, 0x6E, 0xFF, 0xEE, 0x91, 0x82, 0xB8, 0x00, 0x0E, 0xF4, 0xEF, 0x1E,
    0x00, 0x00, 0x00, 0x00, 0x44, 0xFF, 0x9C, 0x00, 0x00, 0x00, 0x00, 0x00, 0x4C, 0xFF, 0x96, 0x00,
    0x00, 0x00, 0x00, 0x00, 0x1D, 0xFD, 0xE4, 0x10, 0x00, 0x00, 0x00, 0x00, 0x00, 0x94, 0xFF, 0xE1,
    0x86, 0x80, 0xB6, 0x00, 0x00, 0x02, 0x74, 0xDA, 0xFA, 0xE8, 0x97, 0x00, 0x00, 0x00, 0x00, 0x00,
    0x00, 0x00, 0x5C, 0xFF, 0x74, 0x00, 0x00, 0x00, 0x00, 0x00, 0x00, 0x00, 0x5C, 0xFF, 0x74, 0x00,
    0x00, 0x00, 0x00, 0x00, 0x00, 0x00, 0x5C, 0xFF, 0x74, 0x00, 0x00, 0x00, 0x00, 0x00, 0x00, 0x00,
    0x5C, 0xFF, 0x74, 0x00, 0x00, 0x05, 0x88, 0xE6, 0xF7, 0xB5, 0x72, 0xFF, 0x74, 0x00, 0x00, 0x8D,
    0xFF, 0xD3, 0x82, 0xA9, 0xF3, 0xFF, 0x74, 0x00, 0x12, 0xF9, 0xE3, 0x0A, 0x00, 0x00, 0x97, 0xFF,
    0x74, 0x00, 0x3C, 0xFF, 0x97, 0x00, 0x00, 0x00, 0x57, 0xFF, 0x74, 0x00, 0x47, 0xFF, 0x91, 0x00,
    0x00, 0x00, 0x5D, 0xFF, 0x74, 0x00, 0x22, 0xFF, 0xD8, 0x04, 0x00, 0x00, 0xA7, 0xFF, 0x74, 0x00,
    0x00, 0xB6, 0xFF, 0xC7, 0x7C, 0xB1, 0xDF, 0xFF, 0x74, 0x00, 0x00, 0x16, 0xAC, 0xF5, 0xED, 0x91,
    0x62, 0xFF, 0x74, 0x00, 0x00, 0x00, 0x6D, 0xDA, 0xF7, 0xD5, 0x66, 0x00, 0x00, 0x00, 0x84, 0xFF,
    0xA4, 0x62, 0xA8, 0xFF, 0x5B, 0x00, 0x14, 0xFA, 0xB3, 0x00, 0x00, 0x02, 0xE4, 0xC7, 0x00, 0x48,
    0xFF, 0xFF, 0xFF, 0xFF, 0xFF, 0xFF, 0xEB, 0x00, 0x42, 0xFF, 0xB0, 0x48, 0x48, 0x48, 0x48, 0x44,
    0x00, 0x19, 0xFE, 0xD6, 0x06, 0x00, 0x00, 0x00, 0x00, 0x00, 0x00, 0x9B, 0xFF, 0xCE, 0x76, 0x74,
    0xAA, 0x4E, 0x00, 0x00, 0x09, 0x8D, 0xE5, 0xFA, 0xE5, 0xAC, 0x23, 0x00, 0x00, 0x00, 0x30, 0xC2,
    0xF6, 0xA5, 0x00, 0x09, 0xE6, 0xF6, 0x89, 0x7A, 0x00, 0x34, 0xFF, 0x9E, 0x00, 0x00, 0x00, 0x40,
    0xFF, 0x8C, 0x00, 0x00, 0xA0, 0xFF, 0xFF, 0xFF, 0xFF, 0x68, 0x43, 0x91, 0xFF, 0xBF, 0x6C, 0x2B,
    0x00, 0x40, 0xFF, 0x90, 0x00, 0x00, 0x00, 0x40, 0xFF, 0x90, 0x00, 0x00, 0x00, 0x40, 0xFF, 0x90,
    0x00, 0x00, 0x00, 0x40, 0xFF, 0x90, 0x00, 0x00, 0x00, 0x40, 0xFF, 0x90, 0x00, 0x00, 0x00, 0x40,
    0xFF, 0x90, 0x00, 0x00, 0x00, 0x05, 0x89, 0xE6, 0xF7, 0xB5, 0x6E, 0xFF, 0x78, 0x00, 0x00, 0x8D,
    0xFF, 0xD5, 0x82, 0xAA, 0xF3, 0xFF, 0x78, 0x00, 0x11, 0xF8, 0xE4, 0x0B, 0x00, 0x00, 0x97, 0xFF,
    0x78, 0x00, 0x3A, 0xFF, 0x98, 0x00, 0x00, 0x00, 0x57, 0xFF, 0x78, 0x00, 0x48, 0xFF, 0x91, 0x00,
    0x00, 0x00, 0x5E, 0xFF, 0x78, 0x00, 0x23, 0xFF, 0xD9, 0x05, 0x00, 0x00, 0xAB, 0xFF, 0x78, 0x00,
    0x00, 0xB5, 0xFF, 0xCA, 0x80, 0xB7, 0xE0, 0xFF, 0x78, 0x00, 0x00, 0x14, 0xAA, 0xF4, 0xED, 0x92,
    0x64, 0xFF, 0x75, 0x00, 0x00, 0x00, 0x00, 0x00, 0x00, 0x00, 0x7D, 0xFF, 0x62, 0x00, 0x00, 0x00,
    0x00, 0x00, 0x00, 0x0D, 0xDF, 0xFF, 0x27, 0x00, 0x00, 0x9B, 0xA0, 0x7A, 0x8B, 0xE0, 0xFF, 0xA2,
    0x00, 0x00, 0x00, 0x6C, 0xD6, 0xF5, 0xF8, 0xD4, 0x77, 0x04, 0x00, 0x00, 0x00, 0xD0, 0xFF, 0x00,
    0x00, 0x00, 0x00, 0x00, 0x00, 0x00, 0xD0, 0xFF, 0x00, 0x00, 0x00, 0x00, 0x00, 0x00, 0x00, 0xD0,
    0xFF, 0x00, 0x00, 0x00, 0x00, 0x00, 0x00, 0x00, 0xD0, 0xFF, 0x00, 0x00, 0x00, 0x00, 0x00, 0x00,
    0x00, 0xD0, 0xFF, 0x29, 0xC3, 0xF6, 0xD6, 0x47, 0x00, 0x00, 0xD0, 0xFF, 0xD7, 0x89, 0x9E, 0xFF,
    0xED, 0x0B, 0x00, 0xD0, 0xFF, 0x57, 0x00, 0x00, 0xB9, 0xFF, 0x36, 0x00, 0xD0, 0xFF, 0x0C, 0x00,
    0x00, 0x8B, 0xFF, 0x4B, 0x00, 0xD0, 0xFF, 0x00, 0x00, 0x00, 0x84, 0xFF, 0x4C, 0x00, 0xD0, 0xFF,
    0x00, 0x00, 0x00, 0x84, 0xFF, 0x4C, 0x00, 0xD0, 0xFF, 0x00, 0x00, 0x00, 0x84, 0xFF, 0x4C, 0x00,
    0xD0, 0xFF, 0x00, 0x00, 0x00, 0x84, 0xFF, 0x4C, 0x00, 0x01, 0x04, 0x00, 0x00, 0xC9, 0xEA, 0x14,
    0x00, 0xBD, 0xDE, 0x11, 0x00, 0x00, 0x00, 0x00, 0x00, 0x00, 0x00, 0x00, 0x00, 0xD0, 0xFF, 0x00,
    0x00, 0xD0, 0xFF, 0x00, 0x00, 0xD0, 0xFF, 0x00, 0x00, 0xD0, 0xFF, 0x00, 0x00, 0xD0, 0xFF, 0x00,
    0x00, 0xD0, 0xFF, 0x00, 0x00, 0xD0, 0xFF, 0x00, 0x00, 0xD0, 0xFF, 0x00, 0x00, 0x00, 0x00, 0x01,
    0x04, 0x00, 0x00, 0x00, 0x00, 0xC5, 0xEA, 0x14, 0x00, 0x00, 0x00, 0xB9, 0xDF, 0x11, 0x00, 0x00,
    0x00, 0x00, 0x00, 0x00, 0x00, 0x00, 0x00, 0x00, 0x00, 0x00, 0x00, 0x00, 0x00, 0xD0, 0xFF, 0x00,
    0x00, 0x00, 0x00, 0xD0, 0xFF, 0x00, 0x00, 0x00, 0x00, 0xD0, 0xFF, 0x00, 0x00, 0x00, 0x00, 0xD0,
    0xFF, 0x00, 0x00, 0x00, 0x00, 0xD0, 0xFF, 0x00, 0x00, 0x00, 0x00, 0xD0, 0xFF, 0x00, 0x00, 0x00,
    0x00, 0xD0, 0xFF, 0x00, 0x00, 0x00, 0x00, 0xD0, 0xFF, 0x00, 0x00, 0x00, 0x00, 0xDF, 0xEB, 0x00,
    0x00, 0x00, 0x18, 0xFD, 0xC6, 0x00, 0x45, 0x8A, 0xCC, 0xFF, 0x5D, 0x00, 0x3E, 0xF3, 0xE9, 0x80,
    0x01, 0x00, 0x00, 0xD0, 0xFF, 0x00, 0x00, 0x00, 0x00, 0x00, 0x00, 0x00, 0xD0, 0xFF, 0x00, 0x00,
    0x00, 0x00, 0x00, 0x00, 0x00, 0xD0, 0xFF, 0x00, 0x00, 0x00, 0x00, 0x00, 0x00, 0x00, 0xD0, 0xFF,
    0x00, 0x00, 0x00, 0x00, 0x00, 0x00, 0x00, 0xD0, 0xFF, 0x00, 0x00, 0x6F, 0xFF, 0xB6, 0x03, 0x00,
    0xD0, 0xFF, 0x00, 0x41, 0xFB, 0xD1, 0x0D, 0x00, 0x00, 0xD0, 0xFF, 0x1F, 0xEB, 0xE5, 0x1C, 0x00,
    0x00, 0x00, 0xD0, 0xFF, 0xCE, 0xF8, 0x32, 0x00, 0x00, 0x00, 0x00, 0xD0, 0xFF, 0xAF, 0xFF, 0x65,
    0x00, 0x00, 0x00, 0x00, 0xD0, 0xFF, 0x0D, 0xD5, 0xFB, 0x48, 0x00, 0x00, 0x00, 0xD0, 0xFF, 0x00,
    0x24, 0xEE, 0xF2, 0x2F, 0x00, 0x00, 0xD0, 0xFF, 0x00, 0x00, 0x47, 0xFC, 0xE4, 0x1C, 0x00, 0xD0,
    0xFF, 0x00, 0x00, 0xD0, 0xFF, 0x00, 0x00, 0xD0, 0xFF, 0x00, 0x00, 0xD0, 0xFF, 0x00, 0x00, 0xD0,
    0xFF, 0x00, 0x00, 0xD0, 0xFF, 0x00, 0x00, 0xD0, 0xFF, 0x00, 0x00, 0xD0, 0xFF, 0x00, 0x00, 0xD0,
    0xFF, 0x00, 0x00, 0xD0, 0xFF, 0x00, 0x00, 0xD0, 0xFF, 0x00, 0x00, 0xD0, 0xFF, 0x00, 0x00, 0xD0,
    0xFF, 0x30, 0xCA, 0xF7, 0xC5, 0x23, 0x39, 0xCD, 0xF5, 0xCA, 0x30, 0x00, 0x00, 0xD0, 0xFF, 0xD3,
    0x84, 0xBC, 0xFF, 0xCE, 0xE5, 0x8A, 0xAC, 0xFF, 0xD1, 0x00, 0x00, 0xD0, 0xFF, 0x4A, 0x00, 0x06,
    0xEB, 0xFF, 0x65, 0x00, 0x00, 0xDA, 0xFF, 0x0E, 0x00, 0xD0, 0xFF, 0x09, 0x00, 0x00, 0xC5, 0xFF,
    0x1E, 0x00, 0x00, 0xB2, 0xFF, 0x23, 0x00, 0xD0, 0xFF, 0x00, 0x00, 0x00, 0xC0, 0xFF, 0x14, 0x00,
    0x00, 0xAC, 0xFF, 0x24, 0x00, 0xD0, 0xFF, 0x00, 0x00, 0x00, 0xC0, 0xFF, 0x14, 0x00, 0x00, 0xAC,
    0xFF, 0x24, 0x00, 0xD0, 0xFF, 0x00, 0x00, 0x00, 0xC0, 0xFF, 0x14, 0x00, 0x00, 0xAC, 0xFF, 0x24,
    0x00, 0xD0, 0xFF, 0x00, 0x00, 0x00, 0xC0, 0xFF, 0x14, 0x00, 0x00, 0xAC, 0xFF, 0x24, 0x00, 0xD0,
    0xFF, 0x29, 0xC3, 0xF6, 0xD4, 0x41, 0x00, 0x00, 0xD0, 0xFF, 0xD2, 0x86, 0x9A, 0xFE, 0xEB, 0x0B,
    0x00, 0xD0, 0xFF, 0x47, 0x00, 0x00, 0xB1, 0xFF, 0x39, 0x00, 0xD0, 0xFF, 0x06, 0x00, 0x00, 0x85,
    0xFF, 0x4F, 0x00, 0xD0, 0xFF, 0x00, 0x00, 0x00, 0x80, 0xFF, 0x50, 0x00, 0xD0, 0xFF, 0x00, 0x00,
    0x00, 0x80, 0xFF, 0x50, 0x00, 0xD0, 0xFF, 0x00, 0x00, 0x00, 0x80, 0xFF, 0x50, 0x00, 0xD0, 0xFF,
    0x00, 0x00, 0x00, 0x80, 0xFF, 0x50, 0x00, 0x00, 0x62, 0xCE, 0xF7, 0xF3, 0xBC, 0x39, 0x00, 0x00,
    0x00, 0x82, 0xFF, 0xD8, 0x84, 0x97, 0xF8, 0xF8, 0x32, 0x00, 0x14, 0xFA, 0xE3, 0x0B, 0x00, 0x00,
    0x5A, 0xFF, 0xAA, 0x00, 0x47, 0xFF, 0x97, 0x00, 0x00, 0x00, 0x0A, 0xFF, 0xDA, 0x00, 0x4B, 0xFF,
    0x95, 0x00, 0x00, 0x00, 0x09, 0xFE, 0xD8, 0x00, 0x1B, 0xFD, 0xE0, 0x0A, 0x00, 0x00, 0x55, 0xFF,
    0x9F, 0x00, 0x00, 0x93, 0xFF, 0xD5, 0x7F, 0x92, 0xF6, 0xF0, 0x24, 0x00, 0x00, 0x02, 0x72, 0xD7,
    0xFA, 0xEE, 0xAD, 0x28, 0x00, 0x00, 0x00, 0xD0, 0xFF, 0x20, 0xB9, 0xF6, 0xE6, 0x7A, 0x00, 0x00,
    0x00, 0xD0, 0xFF, 0xD0, 0x95, 0x87, 0xEA, 0xFF, 0x5C, 0x00, 0x00, 0xD0, 0xFF, 0x54, 0x00, 0x00,
    0x34, 0xFF, 0xC7, 0x00, 0x00, 0xD0, 0xFE, 0x07, 0x00, 0x00, 0x00, 0xEF, 0xEC, 0x00, 0x00, 0xD0,
    0xFD, 0x01, 0x00, 0x00, 0x01, 0xF8, 0xDE, 0x00, 0x00, 0xD0, 0xFF, 0x3B, 0x00, 0x00, 0x4F, 0xFF,
    0xAD, 0x00, 0x00, 0xD0, 0xFF, 0xDB, 0x82, 0x89, 0xF4, 0xFC, 0x30, 0x00, 0x00, 0xD0, 0xFF, 0x3E,
    0xD5, 0xF9, 0xD2, 0x4C, 0x00, 0x00, 0x00, 0xD0, 0xFF, 0x00, 0x00, 0x00, 0x00, 0x00, 0x00, 0x00,
    0x00, 0xD0, 0xFF, 0x00, 0x00, 0x00, 0x00, 0x00, 0x00, 0x00, 0x00, 0xD0, 0xFF, 0x00, 0x00, 0x00,
    0x00, 0x00, 0x00, 0x00, 0x00, 0xD0, 0xFF, 0x00, 0x00, 0x00, 0x00, 0x00, 0x00, 0x00, 0x00, 0x05,
    0x88, 0xE6, 0xF7, 0xB6, 0x72, 0xFF, 0x74, 0x00, 0x00, 0x8D, 0xFF, 0xD3, 0x82, 0xAA, 0xF3, 0xFF,
    0x74, 0x00, 0x12, 0xF9, 0xE3, 0x0A, 0x00, 0x00, 0x98, 0xFF, 0x74, 0x00, 0x3C, 0xFF, 0x98, 0x00,
    0x00, 0x00, 0x57, 0xFF, 0x74, 0x00, 0x47, 0xFF, 0x91, 0x00, 0x00, 0x00, 0x5D, 0xFF, 0x74, 0x00,
    0x22, 0xFF, 0xD6, 0x03, 0x00, 0x00, 0xA7, 0xFF, 0x74, 0x00, 0x00, 0xB4, 0xFF, 0xC5, 0x7B, 0xB2,
    0xDF, 0xFF, 0x74, 0x00, 0x00, 0x15, 0xAB, 0xF4, 0xEE, 0x94, 0x63, 0xFF, 0x74, 0x00, 0x00, 0x00,
    0x00, 0x00, 0x00, 0x00, 0x5C, 0xFF, 0x74, 0x00, 0x00, 0x00, 0x00, 0x00, 0x00, 0x00, 0x5C, 0xFF,
    0x74, 0x00, 0x00, 0x00, 0x00, 0x00, 0x00, 0x00, 0x5C, 0xFF, 0x74, 0x00, 0x00, 0x00, 0x00, 0x00,
    0x00, 0x00, 0x5C, 0xFF, 0x74, 0x00, 0x00, 0xD0, 0xFF, 0x62, 0xE7, 0xCC, 0x00, 0xD0, 0xFF, 0xC4,
    0x1C, 0x00, 0x00, 0xD0, 0xFF, 0x3B, 0x00, 0x00, 0x00, 0xD0, 0xFF, 0x0B, 0x00, 0x00, 0x00, 0xD0,
    0xFF, 0x00, 0x00, 0x00, 0x00, 0xD0, 0xFF, 0x00, 0x00, 0x00, 0x00, 0xD0, 0xFF, 0x00, 0x00, 0x00,
    0x00, 0xD0, 0xFF, 0x00, 0x00, 0x00, 0x00, 0x3B, 0xBC, 0xF0, 0xF2, 0xB3, 0x00, 0x22, 0xF7, 0xDE,
    0x6A, 0x77, 0xD3, 0x00, 0x44, 0xFF, 0xA7, 0x00, 0x00, 0x12, 0x00, 0x09, 0xCE, 0xFF, 0xD8, 0x75,
    0x0B, 0x00, 0x00, 0x07, 0x66, 0xCC, 0xFF, 0xD6, 0x0D, 0x12, 0x02, 0x00, 0x00, 0x99, 0xFF, 0x4E,
    0x50, 0xC6, 0x6F, 0x66, 0xD4, 0xFA, 0x2A, 0x2D, 0xCA, 0xF4, 0xF1, 0xC0, 0x43, 0x00, 0x00, 0x32,
    0xC3, 0x74, 0x00, 0x00, 0x00, 0x54, 0xFF, 0x7C, 0x00, 0x00, 0xA8, 0xFF, 0xFF, 0xFF, 0xFF, 0x68,
    0x46, 0x9C, 0xFF, 0xB3, 0x6C, 0x2B, 0x00, 0x54, 0xFF, 0x7C, 0x00, 0x00, 0x00, 0x54, 0xFF, 0x7C,
    0x00, 0x00, 0x00, 0x54, 0xFF, 0x7C, 0x00, 0x00, 0x00, 0x53, 0xFF, 0x83, 0x00, 0x00, 0x00, 0x37,
    0xFF, 0xE3, 0x7D, 0x50, 0x00, 0x00, 0x90, 0xEF, 0xF1, 0x4F, 0x00, 0xF8, 0xD8, 0x00, 0x00, 0x00,
    0xA8, 0xFF, 0x28, 0x00, 0xF8, 0xD8, 0x00, 0x00, 0x00, 0xA8, 0xFF, 0x28, 0x00, 0xF8, 0xD8, 0x00,
    0x00, 0x00, 0xA8, 0xFF, 0x28, 0x00, 0xF8, 0xD8, 0x00, 0x00, 0x00, 0xA8, 0xFF, 0x28, 0x00, 0xF6,
    0xDB, 0x00, 0x00, 0x00, 0xAD, 0xFF, 0x28, 0x00, 0xDE, 0xF7, 0x0F, 0x00, 0x07, 0xE2, 0xFF, 0x28,
    0x00, 0x99, 0xFF, 0xC6, 0x7B, 0xC6, 0xE9, 0xFF, 0x28, 0x00, 0x13, 0xAB, 0xF0, 0xE8, 0x74, 0xA8,
    0xFF, 0x28, 0xBD, 0xFF, 0x34, 0x00, 0x00, 0x09, 0xF4, 0xE0, 0x01, 0x5F, 0xFF, 0x86, 0x00, 0x00,
    0x53, 0xFF, 0x7E, 0x00, 0x0C, 0xF4, 0xD7, 0x00, 0x00, 0xA8, 0xFD, 0x1E, 0x00, 0x00, 0xA2, 0xFF,
    0x29, 0x08, 0xF3, 0xB8, 0x00, 0x00, 0x00, 0x43, 0xFF, 0x7A, 0x51, 0xFF, 0x55, 0x00, 0x00, 0x00,
    0x02, 0xE2, 0xCA, 0xA3, 0xEC, 0x06, 0x00, 0x00, 0x00, 0x00, 0x86, 0xFC, 0xE7, 0x8F, 0x00, 0x00,
    0x00, 0x00, 0x00, 0x27, 0xFF, 0xFF, 0x2D, 0x00, 0x00, 0x00, 0xB3, 0xFF, 0x27, 0x00, 0x00, 0xC4,
    0xFF, 0x33, 0x00, 0x00, 0xE7, 0xC9, 0x67, 0xFF, 0x68, 0x00, 0x0F, 0xFB, 0xFE, 0x72, 0x00, 0x26,
    0xFF, 0x7E, 0x1C, 0xFF, 0xA9, 0x00, 0x53, 0xF2, 0xC7, 0xB2, 0x00, 0x65, 0xFF, 0x32, 0x00, 0xD0,
    0xE8, 0x00, 0x9B, 0xAE, 0x85, 0xEF, 0x02, 0xA4, 0xE6, 0x01, 0x00, 0x85, 0xFF, 0x2A, 0xE2, 0x63,
    0x40, 0xFF, 0x31, 0xE2, 0x9B, 0x00, 0x00, 0x39, 0xFF, 0x93, 0xFF, 0x1A, 0x06, 0xF5, 0x91, 0xFF,
    0x50, 0x00, 0x00, 0x02, 0xEB, 0xF0, 0xCF, 0x00, 0x00, 0xB7, 0xF0, 0xF8, 0x0B, 0x00, 0x00, 0x00,
    0xA2, 0xFF, 0x85, 0x00, 0x00, 0x72, 0xFF, 0xB9, 0x00, 0x00, 0x68, 0xFF, 0xA7, 0x00, 0x00, 0x64,
    0xFF, 0x8A, 0x01, 0xC4, 0xFE, 0x31, 0x0B, 0xE6, 0xD9, 0x08, 0x00, 0x2A, 0xF9, 0xB7, 0x80, 0xFD,
    0x3B, 0x00, 0x00, 0x00, 0x82, 0xFF, 0xF8, 0x8F, 0x00, 0x00, 0x00, 0x00, 0x70, 0xFF, 0xFF, 0x81,
    0x00, 0x00, 0x00, 0x29, 0xF7, 0xB0, 0xAB, 0xFA, 0x30, 0x00, 0x05, 0xCC, 0xF8, 0x23, 0x22, 0xF8,
    0xD1, 0x05, 0x83, 0xFF, 0x86, 0x00, 0x00, 0x89, 0xFF, 0x82, 0xC2, 0xFF, 0x39, 0x00, 0x00, 0x01,
    0xE2, 0xE6, 0x03, 0x5C, 0xFF, 0x8D, 0x00, 0x00, 0x3C, 0xFF, 0x86, 0x00, 0x08, 0xED, 0xE0, 0x00,
    0x00, 0x93, 0xFE, 0x24, 0x00, 0x00, 0x90, 0xFF, 0x34, 0x02, 0xE7, 0xBF, 0x00, 0x00, 0x00, 0x29,
    0xFF, 0x88, 0x43, 0xFF, 0x5C, 0x00, 0x00, 0x00, 0x00, 0xC4, 0xDB, 0x9A, 0xEF, 0x09, 0x00, 0x00,
    0x00, 0x00, 0x5E, 0xFF, 0xF2, 0x95, 0x00, 0x00, 0x00, 0x00, 0x00, 0x08, 0xEE, 0xFF, 0x32, 0x00,
    0x00, 0x00, 0x00, 0x00, 0x07, 0xED, 0xCF, 0x00, 0x00, 0x00, 0x00, 0x00, 0x00, 0x5F, 0xFF, 0x62,
    0x00, 0x00, 0x00, 0x00, 0x70, 0x8B, 0xF3, 0xCE, 0x04, 0x00, 0x00, 0x00, 0x00, 0x8E, 0xF4, 0xB1,
    0x19, 0x00, 0x00, 0x00, 0x00, 0x00, 0x58, 0xFF, 0xFF, 0xFF, 0xFF, 0xFF, 0xFE, 0x13, 0x25, 0x6C,
    0x6C, 0x6C, 0xC1, 0xFF, 0x8B, 0x00, 0x00, 0x00, 0x00, 0x31, 0xF8, 0xC8, 0x05, 0x00, 0x00, 0x00,
    0x0E, 0xDB, 0xEE, 0x1F, 0x00, 0x00, 0x00, 0x00, 0xA9, 0xFF, 0x50, 0x00, 0x00, 0x00, 0x00, 0x69,
    0xFF, 0x91, 0x00, 0x00, 0x00, 0x00, 0x30, 0xF8, 0xF6, 0x72, 0x6C, 0x6C, 0x6C, 0x08, 0xBA, 0xFF,
    0xFF, 0xFF, 0xFF, 0xFF, 0xFF, 0x14, 0x00, 0x00, 0x3A, 0xC9, 0xB6, 0x00, 0x00, 0xDE, 0xDE, 0x3A,
    0x00, 0x06, 0xFF, 0x8A, 0x00, 0x00, 0x08, 0xFF, 0x84, 0x00, 0x00, 0x0D, 0xFF, 0x82, 0x00, 0x01,
    0x64, 0xFF, 0x52, 0x00, 0x40, 0xFF, 0x83, 0x00, 0x00, 0x0B, 0x8C, 0xFB, 0x36, 0x00, 0x00, 0x14,
    0xFF, 0x7C, 0x00, 0x00, 0x08, 0xFF, 0x84, 0x00, 0x00, 0x08, 0xFF, 0x84, 0x00, 0x00, 0x04, 0xFD,
    0x8D, 0x00, 0x00, 0x00, 0xD0, 0xDD, 0x36, 0x00, 0x00, 0x2F, 0xC3, 0xB5, 0x00, 0x84, 0xFF, 0x00,
    0x00, 0x84, 0xFF, 0x00, 0x00, 0x84, 0xFF, 0x00, 0x00, 0x84, 0xFF, 0x00, 0x00, 0x84, 0xFF, 0x00,
    0x00, 0x84, 0xFF, 0x00, 0x00, 0x84, 0xFF, 0x00, 0x00, 0x84, 0xFF, 0x00, 0x00, 0x84, 0xFF, 0x00,
    0x00, 0x84, 0xFF, 0x00, 0x00, 0x84, 0xFF, 0x00, 0x00, 0x84, 0xFF, 0x00, 0x00, 0x84, 0xFF, 0x00,
    0x00, 0x84, 0xFF, 0x00, 0x00, 0x84, 0xFF, 0x00, 0x00, 0x84, 0xFF, 0x00, 0x69, 0xDF, 0x6E, 0x00,
    0x00, 0x1C, 0xA7, 0xFF, 0x2D, 0x00, 0x00, 0x32, 0xFF, 0x55, 0x00, 0x00, 0x2C, 0xFF, 0x58, 0x00,
    0x00, 0x2A, 0xFF, 0x5C, 0x00, 0x00, 0x0B, 0xF0, 0xAC, 0x09, 0x00, 0x00, 0x3F, 0xF0, 0x90, 0x00,
    0x03, 0xD7, 0xC7, 0x1E, 0x00, 0x24, 0xFF, 0x63, 0x00, 0x00, 0x2C, 0xFF, 0x58, 0x00, 0x00, 0x2C,
    0xFF, 0x58, 0x00, 0x00, 0x36, 0xFF, 0x51, 0x00, 0x1A, 0xA6, 0xFC, 0x22, 0x00, 0x68, 0xDC, 0x61,
    0x00, 0x00, 0x00, 0x00, 0x8D, 0xF1, 0xE4, 0x92, 0x28, 0x16, 0xE8, 0x6E, 0x00, 0x00, 0x3D, 0xFE,
    0x71, 0x68, 0xCB, 0xFF, 0xFF, 0xE4, 0x15, 0x00, 0x00, 0x1C, 0x45, 0x00, 0x00, 0x00, 0x25, 0x40,
    0x0D, 0x00, 0x00, 0x00, 0x00, 0x00, 0x00, 0x00, 0x00, 0x00, 0x00, 0x00, 0x00, 0x00, 0x00, 0x00,
    0x00, 0x00, 0x00, 0x00, 0x00, 0x00, 0x00, 0x00, 0x00, 0x00, 0x00, 0x00, 0x00, 0x00, 0x00, 0x00,
    0x00, 0x00, 0x00, 0x00, 0x00, 0x5A, 0xE5, 0xEB, 0x6F, 0x00, 0x0A, 0xF7, 0x3E, 0x2D, 0xEF, 0x23,
    0x09, 0xF5, 0x3C, 0x2F, 0xF0, 0x22, 0x00, 0x57, 0xE4, 0xEC, 0x6F, 0x00, 0x00, 0x00, 0x00, 0x00,
    0x00, 0x00, 0x00, 0x00, 0x00, 0x00, 0x00, 0x00, 0x00, 0x00, 0x00, 0x00, 0x00, 0x00, 0x00, 0x00,
    0x00, 0x00, 0x00, 0x00, 0x00, 0x00, 0x00, 0x00, 0x00, 0x00, 0x00, 0x00, 0x00, 0x00, 0x00, 0x00,
    0x00, 0x00, 0x00, 0x00, 0x00, 0x00, 0x00, 0x00, 0x00, 0x00, 0x04, 0x48, 0x0F, 0x00, 0x00, 0x00,
    0x00, 0x00, 0x00, 0x00, 0x00, 0x10, 0xFF, 0x38, 0x00, 0x00, 0x00, 0x00, 0x00, 0x00, 0x00, 0x00,
    0x10, 0xFF, 0x38, 0x00, 0x00, 0x00, 0x00, 0x00, 0x0B, 0x48, 0x48, 0x53, 0xFF, 0x70, 0x48, 0x48,
    0x15, 0x00, 0x00, 0x28, 0xFF, 0xFF, 0xFF, 0xFF, 0xFF, 0xFF, 0xFF, 0x4C, 0x00, 0x00, 0x00, 0x00,
    0x00, 0x10, 0xFF, 0x38, 0x00, 0x00, 0x00, 0x00, 0x00, 0x00, 0x00, 0x00, 0x10, 0xFF, 0x38, 0x00,
    0x00, 0x00, 0x00, 0x00, 0x00, 0x00, 0x00, 0x10, 0xFF, 0x38, 0x00, 0x00, 0x00, 0x00, 0x00, 0x0B,
    0x48, 0x48, 0x48, 0x48, 0x48, 0x48, 0x48, 0x15, 0x00, 0x00, 0x28, 0xFF, 0xFF, 0xFF, 0xFF, 0xFF,
    0xFF, 0xFF, 0x4C, 0x00, 0x00, 0xD0, 0xFF, 0x00, 0x00, 0x00, 0x88, 0xFF, 0x50, 0x00, 0x00, 0xD0,
    0xFF, 0x00, 0x00, 0x00, 0x88, 0xFF, 0x50, 0x00, 0x00, 0xD0, 0xFF, 0x00, 0x00, 0x00, 0x88, 0xFF,
    0x50, 0x00, 0x00, 0xD0, 0xFF, 0x00, 0x00, 0x00, 0x88, 0xFF, 0x50, 0x00, 0x00, 0xD0, 0xFF, 0x02,
    0x00, 0x00, 0x90, 0xFF, 0x50, 0x00, 0x00, 0xD0, 0xFF, 0x33, 0x00, 0x02, 0xD0, 0xFF, 0x50, 0x00,
    0x00, 0xD0, 0xFF, 0xE4, 0x8D, 0xC4, 0xEC, 0xFF, 0x57, 0x00, 0x00, 0xD0, 0xFF, 0xA3, 0xF4, 0xBC,
    0x67, 0xFF, 0x75, 0x00, 0x00, 0xD0, 0xFF, 0x00, 0x00, 0x00, 0x00, 0x00, 0x00, 0x00, 0x00, 0xD0,
    0xFF, 0x00, 0x00, 0x00, 0x00, 0x00, 0x00, 0x00, 0x00, 0xD0, 0xFF, 0x00, 0x00, 0x00, 0x00, 0x00,
    0x00, 0x00, 0x00, 0x00, 0x00, 0x95, 0xF1, 0x17, 0x00, 0x00, 0x00, 0x00, 0x00, 0x00, 0x00, 0x00,
    0x0A, 0xDB, 0x9D, 0x00, 0x00, 0x00, 0x00, 0x00, 0x00, 0x00, 0x00, 0x00, 0x3A, 0xFB, 0x33, 0x00,
    0x00, 0x00, 0x00, 0x00, 0x00, 0x00, 0x00, 0x00, 0x00, 0x00, 0x00, 0x00, 0x00, 0x00, 0x00, 0x00,
    0x00, 0x00, 0xD8, 0xFF, 0x9F, 0x00, 0x00, 0x00, 0x00, 0x00, 0x00, 0x00, 0x3B, 0xFF, 0xEE, 0xF4,
    0x0C, 0x00, 0x00, 0x00, 0x00, 0x00, 0x00, 0x9D, 0xFC, 0x7A, 0xFF, 0x61, 0x00, 0x00, 0x00, 0x00,
    0x00, 0x0B, 0xF3, 0xBD, 0x17, 0xFD, 0xC2, 0x00, 0x00, 0x00, 0x00, 0x00, 0x61, 0xFF, 0x6C, 0x00,
    0xC3, 0xFF, 0x23, 0x00, 0x00, 0x00, 0x00, 0xC2, 0xFE, 0x1B, 0x00, 0x70, 0xFF, 0x83, 0x00, 0x00,
    0x00, 0x24, 0xFF, 0xC8, 0x00, 0x00, 0x1E, 0xFF, 0xE2, 0x02, 0x00, 0x00, 0x86, 0xFF, 0xFF, 0xFF,
    0xFF, 0xFF, 0xFF, 0xFF, 0x45, 0x00, 0x03, 0xE4, 0xFF, 0x8A, 0x84, 0x84, 0x84, 0xB0, 0xFF, 0xA5,
    0x00, 0x4A, 0xFF, 0xC1, 0x00, 0x00, 0x00, 0x00, 0x15, 0xF9, 0xF6, 0x0F, 0xAB, 0xFF, 0x5D, 0x00,
    0x00, 0x00, 0x00, 0x00, 0xA8, 0xFF, 0x67, 0x00, 0x00, 0x00, 0x00, 0x00, 0x8D, 0xF1, 0x23, 0x00,
    0x00, 0x00, 0x00, 0x00, 0x00, 0x00, 0x31, 0xFC, 0x56, 0x00, 0x00, 0x00, 0x00, 0x00, 0x00, 0x00,
    0x03, 0xCC, 0x97, 0x00, 0x00, 0x00, 0x00, 0x00, 0x00, 0x00, 0x00, 0x00, 0x00, 0x00, 0x00, 0x00,
    0x00, 0x00, 0x00, 0x00, 0x00, 0x00, 0x00, 0xD8, 0xFF, 0x9F, 0x00, 0x00, 0x00, 0x00, 0x00, 0x00,
    0x00, 0x3B, 0xFF, 0xEE, 0xF4, 0x0C, 0x00, 0x00, 0x00, 0x00, 0x00, 0x00, 0x9D, 0xFC, 0x7A, 0xFF,
    0x61, 0x00, 0x00, 0x00, 0x00, 0x00, 0x0B, 0xF3, 0xBD, 0x17, 0xFD, 0xC2, 0x00, 0x00, 0x00, 0x00,
    0x00, 0x61, 0xFF, 0x6C, 0x00, 0xC3, 0xFF, 0x23, 0x00, 0x00, 0x00, 0x00, 0xC2, 0xFE, 0x1B, 0x00,
    0x70, 0xFF, 0x83, 0x00, 0x00, 0x00, 0x24, 0xFF, 0xC8, 0x00, 0x00, 0x1E, 0xFF, 0xE2, 0x02, 0x00,
    0x00, 0x86, 0xFF, 0xFF, 0xFF, 0xFF, 0xFF, 0xFF, 0xFF, 0x45, 0x00, 0x03, 0xE4, 0xFF, 0x8A, 0x84,
    0x84, 0x84, 0xB0, 0xFF, 0xA5, 0x00, 0x4A, 0xFF, 0xC1, 0x00, 0x00, 0x00, 0x00, 0x15, 0xF9, 0xF6,
    0x0F, 0xAB, 0xFF, 0x5D, 0x00, 0x00, 0x00, 0x00, 0x00, 0xA8, 0xFF, 0x67, 0x00, 0x00, 0x00, 0x00,
    0xB7, 0xFF, 0x4E, 0x00, 0x00, 0x00, 0x00, 0x00, 0x00, 0x00, 0x4C, 0xE9, 0x86, 0xDC, 0x07, 0x00,
    0x00, 0x00, 0x00, 0x00, 0x06, 0xDA, 0x59, 0x03, 0xCB, 0x79, 0x00, 0x00, 0x00, 0x00, 0x00, 0x00,
    0x00, 0x00, 0x00, 0x00, 0x00, 0x00, 0x00, 0x00, 0x00, 0x00, 0x00, 0x00, 0xD8, 0xFF, 0x9F, 0x00,
    0x00, 0x00, 0x00, 0x00, 0x00, 0x00, 0x3B, 0xFF, 0xEE, 0xF4, 0x0C, 0x00, 0x00, 0x00, 0x00, 0x00,
    0x00, 0x9D, 0xFC, 0x7A, 0xFF, 0x61, 0x00, 0x00, 0x00, 0x00, 0x00, 0x0B, 0xF3, 0xBD, 0x17, 0xFD,
    0xC2, 0x00, 0x00, 0x00, 0x00, 0x00, 0x61, 0xFF, 0x6C, 0x00, 0xC3, 0xFF, 0x23, 0x00, 0x00, 0x00,
    0x00, 0xC2, 0xFE, 0x1B, 0x00, 0x70, 0xFF, 0x83, 0x00, 0x00, 0x00, 0x24, 0xFF, 0xC8, 0x00, 0x00,
    0x1E, 0xFF, 0xE2, 0x02, 0x00, 0x00, 0x86, 0xFF, 0xFF, 0xFF, 0xFF, 0xFF, 0xFF, 0xFF, 0x45, 0x00,
    0x03, 0xE4, 0xFF, 0x8A, 0x84, 0x84, 0x84, 0xB0, 0xFF, 0xA5, 0x00, 0x4A, 0xFF, 0xC1, 0x00, 0x00,
    0x00, 0x00, 0x15, 0xF9, 0xF6, 0x0F, 0xAB, 0xFF, 0x5D, 0x00, 0x00, 0x00, 0x00, 0x00, 0xA8, 0xFF,
    0x67, 0x00, 0x00, 0x03, 0xBC, 0xED, 0x85, 0x49, 0xE8, 0x00, 0x00, 0x00, 0x00, 0x00, 0x3B, 0xCA,
    0x48, 0xB6, 0xF3, 0x71, 0x00, 0x00, 0x00, 0x00, 0x00, 0x00, 0x00, 0x00, 0x00, 0x00, 0x00, 0x00,
    0x00, 0x00, 0x00, 0x00, 0x00, 0x00, 0xD8, 0xFF, 0x9F, 0x00, 0x00, 0x00, 0x00, 0x00, 0x00, 0x00,
    0x3B, 0xFF, 0xEE, 0xF4, 0x0C, 0x00, 0x00, 0x00, 0x00, 0x00, 0x00, 0x9D, 0xFC, 0x7A, 0xFF, 0x61,
    0x00, 0x00, 0x00, 0x00, 0x00, 0x0B, 0xF3, 0xBD, 0x17, 0xFD, 0xC2, 0x00, 0x00, 0x00, 0x00, 0x00,
    0x61, 0xFF, 0x6C, 0x00, 0xC3, 0xFF, 0x23, 0x00, 0x00, 0x00, 0x00, 0xC2, 0xFE, 0x1B, 0x00, 0x70,
    0xFF, 0x83, 0x00, 0x00, 0x00, 0x24, 0xFF, 0xC8, 0x00, 0x00, 0x1E, 0xFF, 0xE2, 0x02, 0x00, 0x00,
    0x86, 0xFF, 0xFF, 0xFF, 0xFF, 0xFF, 0xFF, 0xFF, 0x45, 0x00, 0x03, 0xE4, 0xFF, 0x8A, 0x84, 0x84,
    0x84, 0xB0, 0xFF, 0xA5, 0x00, 0x4A, 0xFF, 0xC1, 0x00, 0x00, 0x00, 0x00, 0x15, 0xF9, 0xF6, 0x0F,
    0xAB, 0xFF, 0x5D, 0x00, 0x00, 0x00, 0x00, 0x00, 0xA8, 0xFF, 0x67, 0x00, 0x00, 0x59, 0xFF, 0x45,
    0x00, 0x00, 0x00, 0x00, 0x00, 0x00, 0xAA, 0xD5, 0x04, 0x00, 0x00, 0x00, 0x00, 0x00, 0x13, 0xE7,
    0x6D, 0x00, 0x00, 0x00, 0x00, 0x00, 0x00, 0x00, 0x00, 0x00, 0x00, 0x00, 0x9C, 0xFF, 0xFF, 0xFF,
    0xFF, 0xFF, 0x6C, 0x00, 0x9C, 0xFF, 0xAF, 0x94, 0x94, 0x94, 0x3E, 0x00, 0x9C, 0xFF, 0x40, 0x00,
    0x00, 0x00, 0x00, 0x00, 0x9C, 0xFF, 0x40, 0x00, 0x00, 0x00, 0x00, 0x00, 0x9C, 0xFF, 0x40, 0x00,
    0x00, 0x00, 0x00, 0x00, 0x9C, 0xFF, 0xFF, 0xFF, 0xFF, 0xFF, 0x18, 0x00, 0x9C, 0xFF, 0xAF, 0x94,
    0x94, 0x94, 0x0D, 0x00, 0x9C, 0xFF, 0x40, 0x00, 0x00, 0x00, 0x00, 0x00, 0x9C, 0xFF, 0x40, 0x00,
    0x00, 0x00, 0x00, 0x00, 0x9C, 0xFF, 0xAF, 0x94, 0x94, 0x94, 0x63, 0x00, 0x9C, 0xFF, 0xFF, 0xFF,
    0xFF, 0xFF, 0xAC, 0x00, 0x00, 0x00, 0x00, 0x30, 0xFC, 0x74, 0x00, 0x00, 0x00, 0x00, 0x02, 0xCB,
    0xB4, 0x01, 0x00, 0x00, 0x00, 0x00, 0x6F, 0xE3, 0x13, 0x00, 0x00, 0x00, 0x00, 0x00, 0x00, 0x00,
    0x00, 0x00, 0x00, 0x00, 0x9C, 0xFF, 0xFF, 0xFF, 0xFF, 0xFF, 0x6C, 0x00, 0x9C, 0xFF, 0xAF, 0x94,
    0x94, 0x94, 0x3E, 0x00, 0x9C, 0xFF, 0x40, 0x00, 0x00, 0x00, 0x00, 0x00, 0x9C, 0xFF, 0x40, 0x00,
    0x00, 0x00, 0x00, 0x00, 0x9C, 0xFF, 0x40, 0x00, 0x00, 0x00, 0x00, 0x00, 0x9C, 0xFF, 0xFF, 0xFF,
    0xFF, 0xFF, 0x18, 0x00, 0x9C, 0xFF, 0xAF, 0x94, 0x94, 0x94, 0x0D, 0x00, 0x9C, 0xFF, 0x40, 0x00,
    0x00, 0x00, 0x00, 0x00, 0x9C, 0xFF, 0x40, 0x00, 0x00, 0x00, 0x00, 0x00, 0x9C, 0xFF, 0xAF, 0x94,
    0x94, 0x94, 0x63, 0x00, 0x9C, 0xFF, 0xFF, 0xFF, 0xFF, 0xFF, 0xAC, 0x00, 0x00, 0x00, 0xA7, 0xFF,
    0x5E, 0x00, 0x00, 0x00, 0x00, 0x3C, 0xF0, 0x7E, 0xE6, 0x0C, 0x00, 0x00, 0x02, 0xCE, 0x69, 0x00,
    0xBD, 0x89, 0x00, 0x00, 0x00, 0x00, 0x00, 0x00, 0x00, 0x00, 0x00, 0x00, 0x9C, 0xFF, 0xFF, 0xFF,
    0xFF, 0xFF, 0x6C, 0x00, 0x9C, 0xFF, 0xAF, 0x94, 0x94, 0x94, 0x3E, 0x00, 0x9C, 0xFF, 0x40, 0x00,
    0x00, 0x00, 0x00, 0x00, 0x9C, 0xFF, 0x40, 0x00, 0x00, 0x00, 0x00, 0x00, 0x9C, 0xFF, 0x40, 0x00,
    0x00, 0x00, 0x00, 0x00, 0x9C, 0xFF, 0xFF, 0xFF, 0xFF, 0xFF, 0x18, 0x00, 0x9C, 0xFF, 0xAF, 0x94,
    0x94, 0x94, 0x0D, 0x00, 0x9C, 0xFF, 0x40, 0x00, 0x00, 0x00, 0x00, 0x00, 0x9C, 0xFF, 0x40, 0x00,
    0x00, 0x00, 0x00, 0x00, 0x9C, 0xFF, 0xAF, 0x94, 0x94, 0x94, 0x63, 0x00, 0x9C, 0xFF, 0xFF, 0xFF,
    0xFF, 0xFF, 0xAC, 0x65, 0xFF, 0x3A, 0x00, 0x00, 0x00, 0xB5, 0xCB, 0x01, 0x00, 0x00, 0x19, 0xED,
    0x61, 0x00, 0x00, 0x00, 0x00, 0x00, 0x00, 0x00, 0xA0, 0xFF, 0x4C, 0x00, 0x00, 0xA0, 0xFF, 0x4C,
    0x00, 0x00, 0xA0, 0xFF, 0x4C, 0x00, 0x00, 0xA0, 0xFF, 0x4C, 0x00, 0x00, 0xA0, 0xFF, 0x4C, 0x00,
    0x00, 0xA0, 0xFF, 0x4C, 0x00, 0x00, 0xA0, 0xFF, 0x4C, 0x00, 0x00, 0xA0, 0xFF, 0x4C, 0x00, 0x00,
    0xA0, 0xFF, 0x4C, 0x00, 0x00, 0xA0, 0xFF, 0x4C, 0x00, 0x00, 0xA0, 0xFF, 0x4C, 0x00, 0x00, 0x00,
    0x71, 0xFA, 0x36, 0x00, 0x1E, 0xF3, 0x71, 0x00, 0x00, 0xB3, 0xB2, 0x00, 0x00, 0x00, 0x00, 0x00,
    0x00, 0x00, 0x00, 0xA0, 0xFF, 0x4C, 0x00, 0x00, 0xA0, 0xFF, 0x4C, 0x00, 0x00, 0xA0, 0xFF, 0x4C,
    0x00, 0x00, 0xA0, 0xFF, 0x4C, 0x00, 0x00, 0xA0, 0xFF, 0x4C, 0x00, 0x00, 0xA0, 0xFF, 0x4C, 0x00,
    0x00, 0xA0, 0xFF, 0x4C, 0x00, 0x00, 0xA0, 0xFF, 0x4C, 0x00, 0x00, 0xA0, 0xFF, 0x4C, 0x00, 0x00,
    0xA0, 0xFF, 0x4C, 0x00, 0x00, 0xA0, 0xFF, 0x4C, 0x00, 0x00, 0x00, 0x00, 0x07, 0xD5, 0xC0, 0x00,
    0x00, 0x00, 0x00, 0x00, 0x00, 0x00, 0x00, 0x00, 0x00, 0x33, 0xFB, 0x55, 0x00, 0x00, 0x00, 0x00,
    0x00, 0x00, 0x00, 0x00, 0x00, 0x00, 0x7F, 0xE0, 0x09, 0x00, 0x00, 0x00, 0x00, 0x00, 0x00, 0x00,
    0x00, 0x00, 0x00, 0x00, 0x00, 0x00, 0x00, 0x00, 0x00, 0x00, 0x00, 0x04, 0x68, 0xC6, 0xF1, 0xF8,
    0xD7, 0x85, 0x0F, 0x00, 0x00, 0x00, 0x07, 0xBB, 0xFF, 0xF4, 0xB6, 0xAE, 0xE6, 0xFF, 0xD9, 0x18,
    0x00, 0x00, 0x8B, 0xFF, 0xC9, 0x16, 0x00, 0x00, 0x06, 0x9E, 0xFF, 0xB4, 0x00, 0x08, 0xF5, 0xFA,
    0x27, 0x00, 0x00, 0x00, 0x00, 0x0C, 0xE9, 0xFF, 0x23, 0x3B, 0xFF, 0xC7, 0x00, 0x00, 0x00, 0x00,
    0x00, 0x00, 0xA9, 0xFF, 0x59, 0x4F, 0xFF, 0xA9, 0x00, 0x00, 0x00, 0x00, 0x00, 0x00, 0x8D, 0xFF,
    0x66, 0x41, 0xFF, 0xC5, 0x00, 0x00, 0x00, 0x00, 0x00, 0x00, 0xA8, 0xFF, 0x51, 0x0F, 0xFA, 0xF8,
    0x20, 0x00, 0x00, 0x00, 0x00, 0x0C, 0xE7, 0xFD, 0x19, 0x00, 0x9A, 0xFF, 0xBF, 0x0F, 0x00, 0x00,
    0x0B, 0xA6, 0xFF, 0xA5, 0x00, 0x00, 0x0D, 0xC9, 0xFF, 0xEE, 0xAE, 0xB5, 0xE9, 0xFF, 0xCE, 0x10,
    0x00, 0x00, 0x00, 0x08, 0x76, 0xD0, 0xF6, 0xF6, 0xD0, 0x78, 0x0A, 0x00, 0x00, 0x00, 0x00, 0x00,
    0x00, 0x00, 0x00, 0x99, 0xEC, 0x1C, 0x00, 0x00, 0x00, 0x00, 0x00, 0x00, 0x00, 0x00, 0x3B, 0xFD,
    0x4B, 0x00, 0x00, 0x00, 0x00, 0x00, 0x00, 0x00, 0x00, 0x05, 0xD5, 0x8B, 0x00, 0x00, 0x00, 0x00,
    0x00, 0x00, 0x00, 0x00, 0x00, 0x00, 0x00, 0x00, 0x00, 0x00, 0x00, 0x00, 0x00, 0x00, 0x00, 0x04,
    0x68, 0xC6, 0xF1, 0xF8, 0xD7, 0x85, 0x0F, 0x00, 0x00, 0x00, 0x07, 0xBB, 0xFF, 0xF4, 0xB6, 0xAE,
    0xE6, 0xFF, 0xD9, 0x18, 0x00, 0x00, 0x8B, 0xFF, 0xC9, 0x16, 0x00, 0x00, 0x06, 0x9E, 0xFF, 0xB4,
    0x00, 0x08, 0xF5, 0xFA, 0x27, 0x00, 0x00, 0x00, 0x00, 0x0C, 0xE9, 0xFF, 0x23, 0x3B, 0xFF, 0xC7,
    0x00, 0x00, 0x00, 0x00, 0x00, 0x00, 0xA9, 0xFF, 0x59, 0x4F, 0xFF, 0xA9, 0x00, 0x00, 0x00, 0x00,
    0x00, 0x00, 0x8D, 0xFF, 0x66, 0x41, 0xFF, 0xC5, 0x00, 0x00, 0x00, 0x00, 0x00, 0x00, 0xA8, 0xFF,
    0x51, 0x0F, 0xFA, 0xF8, 0x20, 0x00, 0x00, 0x00, 0x00, 0x0C, 0xE7, 0xFD, 0x19, 0x00, 0x9A, 0xFF,
    0xBF, 0x0F, 0x00, 0x00, 0x0B, 0xA6, 0xFF, 0xA5, 0x00, 0x00, 0x0D, 0xC9, 0xFF, 0xEE, 0xAE, 0xB5,
    0xE9, 0xFF, 0xCE, 0x10, 0x00, 0x00, 0x00, 0x08, 0x76, 0xD0, 0xF6, 0xF6, 0xD0, 0x78, 0x0A, 0x00,
    0x00, 0x00, 0x00, 0x00, 0x00, 0x05, 0xD9, 0xFB, 0x2A, 0x00, 0x00, 0x00, 0x00, 0x00, 0x00, 0x00,
    0x00, 0x74, 0xD0, 0x9F, 0xBB, 0x00, 0x00, 0x00, 0x00, 0x00, 0x00, 0x00, 0x17, 0xEE, 0x34, 0x10,
    0xE6, 0x51, 0x00, 0x00, 0x00, 0x00, 0x00, 0x00, 0x00, 0x00, 0x00, 0x00, 0x00, 0x00, 0x00, 0x00,
    0x00, 0x00, 0x00, 0x04, 0x68, 0xC6, 0xF1, 0xF8, 0xD7, 0x85, 0x0F, 0x00, 0x00, 0x00, 0x07, 0xBB,
    0xFF, 0xF4, 0xB6, 0xAE, 0xE6, 0xFF, 0xD9, 0x18, 0x00, 0x00, 0x8B, 0xFF, 0xC9, 0x16, 0x00, 0x00,
    0x06, 0x9E, 0xFF, 0xB4, 0x00, 0x08, 0xF5, 0xFA, 0x27, 0x00, 0x00, 0x00, 0x00, 0x0C, 0xE9, 0xFF,
    0x23, 0x3B, 0xFF, 0xC7, 0x00, 0x00, 0x00, 0x00, 0x00, 0x00, 0xA9, 0xFF, 0x59, 0x4F, 0xFF, 0xA9,
    0x00, 0x00, 0x00, 0x00, 0x00, 0x00, 0x8D, 0xFF, 0x66, 0x41, 0xFF, 0xC5, 0x00, 0x00, 0x00, 0x00,
    0x00, 0x00, 0xA8, 0xFF, 0x51, 0x0F, 0xFA, 0xF8, 0x20, 0x00, 0x00, 0x00, 0x00, 0x0C, 0xE7, 0xFD,
    0x19, 0x00, 0x9A, 0xFF, 0xBF, 0x0F, 0x00, 0x00, 0x0B, 0xA6, 0xFF, 0xA5, 0x00, 0x00, 0x0D, 0xC9,
    0xFF, 0xEE, 0xAE, 0xB5, 0xE9, 0xFF, 0xCE, 0x10, 0x00, 0x00, 0x00, 0x08, 0x76, 0xD0, 0xF6, 0xF6,
    0xD0, 0x78, 0x0A, 0x00, 0x00, 0x00, 0x00, 0x00, 0x1A, 0xD8, 0xE1, 0x6C, 0x6F, 0xB5, 0x00, 0x00,
    0x00, 0x00, 0x00, 0x00, 0x6F, 0xA3, 0x57, 0xCB, 0xEE, 0x45, 0x00, 0x00, 0x00, 0x00, 0x00, 0x00,
    0x00, 0x00, 0x00, 0x00, 0x00, 0x00, 0x00, 0x00, 0x00, 0x00, 0x00, 0x04, 0x68, 0xC6, 0xF1, 0xF8,
    0xD7, 0x85, 0x0F, 0x00, 0x00, 0x00, 0x07, 0xBB, 0xFF, 0xF4, 0xB6, 0xAE, 0xE6, 0xFF, 0xD9, 0x18,
    0x00, 0x00, 0x8B, 0xFF, 0xC9, 0x16, 0x00, 0x00, 0x06, 0x9E, 0xFF, 0xB4, 0x00, 0x08, 0xF5, 0xFA,
    0x27, 0x00, 0x00, 0x00, 0x00, 0x0C, 0xE9, 0xFF, 0x23, 0x3B, 0xFF, 0xC7, 0x00, 0x00, 0x00, 0x00,
    0x00, 0x00, 0xA9, 0xFF, 0x59, 0x4F, 0xFF, 0xA9, 0x00, 0x00, 0x00, 0x00, 0x00, 0x00, 0x8D, 0xFF,
    0x66, 0x41, 0xFF, 0xC5, 0x00, 0x00, 0x00, 0x00, 0x00, 0x00, 0xA8, 0xFF, 0x51, 0x0F, 0xFA, 0xF8,
    0x20, 0x00, 0x00, 0x00, 0x00, 0x0C, 0xE7, 0xFD, 0x19, 0x00, 0x9A, 0xFF, 0xBF, 0x0F, 0x00, 0x00,
    0x0B, 0xA6, 0xFF, 0xA5, 0x00, 0x00, 0x0D, 0xC9, 0xFF, 0xEE, 0xAE, 0xB5, 0xE9, 0xFF, 0xCE, 0x10,
    0x00, 0x00, 0x00, 0x08, 0x76, 0xD0, 0xF6, 0xF6, 0xD0, 0x78, 0x0A, 0x00, 0x00, 0x00, 0x00, 0x00,
    0x42, 0xFE, 0x5D, 0x00, 0x00, 0x00, 0x00, 0x00, 0x00, 0x00, 0x00, 0x00, 0x92, 0xE5, 0x0B, 0x00,
    0x00, 0x00, 0x00, 0x00, 0x00, 0x00, 0x00, 0x09, 0xD9, 0x85, 0x00, 0x00, 0x00, 0x00, 0x00, 0x00,
    0x00, 0x00, 0x00, 0x00, 0x00, 0x00, 0x00, 0x00, 0x00, 0x00, 0xC0, 0xFF, 0x1C, 0x00, 0x00, 0x00,
    0x00, 0xDC, 0xFF, 0x00, 0x00, 0xC0, 0xFF, 0x1C, 0x00, 0x00, 0x00, 0x00, 0xDC, 0xFF, 0x00, 0x00,
    0xC0, 0xFF, 0x1C, 0x00, 0x00, 0x00, 0x00, 0xDC, 0xFF, 0x00, 0x00, 0xC0, 0xFF, 0x1C, 0x00, 0x00,
    0x00, 0x00, 0xDC, 0xFF, 0x00, 0x00, 0xC0, 0xFF, 0x1C, 0x00, 0x00, 0x00, 0x00, 0xDC, 0xFF, 0x00,
    0x00, 0xC0, 0xFF, 0x1C, 0x00, 0x00, 0x00, 0x00, 0xDC, 0xFF, 0x00, 0x00, 0xBE, 0xFF, 0x25, 0x00,
    0x00, 0x00, 0x00, 0xE3, 0xFD, 0x00, 0x00, 0xAE, 0xFF, 0x49, 0x00, 0x00, 0x00, 0x08, 0xFC, 0xE8,
    0x00, 0x00, 0x77, 0xFF, 0xBF, 0x09, 0x00, 0x00, 0x7C, 0xFF, 0xAB, 0x00, 0x00, 0x13, 0xE5, 0xFF,
    0xE1, 0xAC, 0xC9, 0xFF, 0xF6, 0x2E, 0x00, 0x00, 0x00, 0x1F, 0xA4, 0xE8, 0xFC, 0xEB, 0xAE, 0x2F,
    0x00, 0x00, 0x00, 0x00, 0x00, 0x00, 0x00, 0x0F, 0xE6, 0xAC, 0x00, 0x00, 0x00, 0x00, 0x00, 0x00,
    0x00, 0x00, 0x96, 0xDE, 0x0F, 0x00, 0x00, 0x00, 0x00, 0x00, 0x00, 0x00, 0x39, 0xF7, 0x35, 0x00,
    0x00, 0x00, 0x00, 0x00, 0x00, 0x00, 0x00, 0x00, 0x00, 0x00, 0x00, 0x00, 0x00, 0x00, 0x00, 0xC0,
    0xFF, 0x1C, 0x00, 0x00, 0x00, 0x00, 0xDC, 0xFF, 0x00, 0x00, 0xC0, 0xFF, 0x1C, 0x00, 0x00, 0x00,
    0x00, 0xDC, 0xFF, 0x00, 0x00, 0xC0, 0xFF, 0x1C, 0x00, 0x00, 0x00, 0x00, 0xDC, 0xFF, 0x00, 0x00,
    0xC0, 0xFF, 0x1C, 0x00, 0x00, 0x00, 0x00, 0xDC, 0xFF, 0x00, 0x00, 0xC0, 0xFF, 0x1C, 0x00, 0x00,
    0x00, 0x00, 0xDC, 0xFF, 0x00, 0x00, 0xC0, 0xFF, 0x1C, 0x00, 0x00, 0x00, 0x00, 0xDC, 0xFF, 0x00,
    0x00, 0xBE, 0xFF, 0x25, 0x00, 0x00, 0x00, 0x00, 0xE3, 0xFD, 0x00, 0x00, 0xAE, 0xFF, 0x49, 0x00,
    0x00, 0x00, 0x08, 0xFC, 0xE8, 0x00, 0x00, 0x77, 0xFF, 0xBF, 0x09, 0x00, 0x00, 0x7C, 0xFF, 0xAB,
    0x00, 0x00, 0x13, 0xE5, 0xFF, 0xE1, 0xAC, 0xC9, 0xFF, 0xF6, 0x2E, 0x00, 0x00, 0x00, 0x1F, 0xA4,
    0xE8, 0xFC, 0xEB, 0xAE, 0x2F, 0x00, 0x00, 0x00, 0x00, 0x00, 0x00, 0x0A, 0xDE, 0xB7, 0x01, 0x00,
    0x00, 0x00, 0x00, 0x00, 0x00, 0x8A, 0xE4, 0x14, 0x00, 0x00, 0x00, 0x00, 0x00, 0x00, 0x2F, 0xF8,
    0x3E, 0x00, 0x00, 0x00, 0x00, 0x00, 0x00, 0x00, 0x00, 0x00, 0x00, 0x00, 0x00, 0x00, 0x00, 0xAC,
    0xFF, 0x73, 0x00, 0x00, 0x00, 0x16, 0xF4, 0xE4, 0x08, 0x2B, 0xFD, 0xE8, 0x0A, 0x00, 0x00, 0x90,
    0xFF, 0x66, 0x00, 0x00, 0xA8, 0xFF, 0x73, 0x00, 0x1D, 0xF8, 0xDB, 0x04, 0x00, 0x00, 0x28, 0xFD,
    0xE8, 0x0A, 0x9B, 0xFF, 0x59, 0x00, 0x00, 0x00, 0x00, 0xA4, 0xFF, 0x91, 0xFB, 0xD1, 0x01, 0x00,
    0x00, 0x00, 0x00, 0x25, 0xFC, 0xFF, 0xFF, 0x4D, 0x00, 0x00, 0x00, 0x00, 0x00, 0x00, 0xA0, 0xFF,
    0xC6, 0x00, 0x00, 0x00, 0x00, 0x00, 0x00, 0x00, 0x58, 0xFF, 0x84, 0x00, 0x00, 0x00, 0x00, 0x00,
    0x00, 0x00, 0x58, 0xFF, 0x84, 0x00, 0x00, 0x00, 0x00, 0x00, 0x00, 0x00, 0x58, 0xFF, 0x84, 0x00,
    0x00, 0x00, 0x00, 0x00, 0x00, 0x00, 0x58, 0xFF, 0x84, 0x00, 0x00, 0x00, 0x00, 0x00, 0x00, 0x71,
    0xFD, 0x30, 0x00, 0x00, 0x00, 0x00, 0x00, 0x01, 0xC0, 0xC0, 0x00, 0x00, 0x00, 0x00, 0x00, 0x00,
    0x20, 0xF2, 0x55, 0x00, 0x00, 0x00, 0x00, 0x00, 0x00, 0x00, 0x00, 0x00, 0x00, 0x00, 0x3C, 0xB4,
    0xE7, 0xF5, 0xCD, 0x44, 0x00, 0x00, 0x9F, 0xB3, 0x71, 0x77, 0xEF, 0xF1, 0x12, 0x00, 0x18, 0x00,
    0x00, 0x00, 0x82, 0xFF, 0x43, 0x00, 0x1A, 0x81, 0xB8, 0xDB, 0xFA, 0xFF, 0x54, 0x15, 0xEA, 0xE2,
    0x7D, 0x56, 0x90, 0xFF, 0x54, 0x59, 0xFF, 0x61, 0x00, 0x00, 0x9C, 0xFF, 0x54, 0x41, 0xFF, 0xD2,
    0x6A, 0x97, 0xE8, 0xFF, 0x54, 0x00, 0x84, 0xEA, 0xF2, 0x99, 0x77, 0xFF, 0x54, 0x00, 0x00, 0x00,
    0x00, 0x89, 0xF2, 0x25, 0x00, 0x00, 0x00, 0x00, 0x2E, 0xFB, 0x59, 0x00, 0x00, 0x00, 0x00, 0x02,
    0xC8, 0x9B, 0x00, 0x00, 0x00, 0x00, 0x00, 0x00, 0x00, 0x00, 0x00, 0x00, 0x00, 0x00, 0x3C, 0xB4,
    0xE7, 0xF5, 0xCD, 0x44, 0x00, 0x00, 0x9F, 0xB3, 0x71, 0x77, 0xEF, 0xF1, 0x12, 0x00, 0x18, 0x00,
    0x00, 0x00, 0x82, 0xFF, 0x43, 0x00, 0x1A, 0x81, 0xB8, 0xDB, 0xFA, 0xFF, 0x54, 0x15, 0xEA, 0xE2,
    0x7D, 0x56, 0x90, 0xFF, 0x54, 0x59, 0xFF, 0x61, 0x00, 0x00, 0x9C, 0xFF, 0x54, 0x41, 0xFF, 0xD2,
    0x6A, 0x97, 0xE8, 0xFF, 0x54, 0x00, 0x84, 0xEA, 0xF2, 0x99, 0x77, 0xFF, 0x54, 0x00, 0x00, 0x02,
    0xCC, 0xFE, 0x37, 0x00, 0x00, 0x00, 0x00, 0x64, 0xDB, 0x94, 0xC9, 0x01, 0x00, 0x00, 0x0F, 0xE9,
    0x42, 0x0A, 0xDC, 0x61, 0x00, 0x00, 0x00, 0x00, 0x00, 0x00, 0x00, 0x00, 0x00, 0x00, 0x3C, 0xB4,
    0xE7, 0xF5, 0xCD, 0x44, 0x00, 0x00, 0x9F, 0xB3, 0x71, 0x77, 0xEF, 0xF1, 0x12, 0x00, 0x18, 0x00,
    0x00, 0x00, 0x82, 0xFF, 0x43, 0x00, 0x1A, 0x81, 0xB8, 0xDB, 0xFA, 0xFF, 0x54, 0x15, 0xEA, 0xE2,
    0x7D, 0x56, 0x90, 0xFF, 0x54, 0x59, 0xFF, 0x61, 0x00, 0x00, 0x9C, 0xFF, 0x54, 0x41, 0xFF, 0xD2,
    0x6A, 0x97, 0xE8, 0xFF, 0x54, 0x00, 0x84, 0xEA, 0xF2, 0x99, 0x77, 0xFF, 0x54, 0x00, 0x13, 0xD2,
    0xE4, 0x71, 0x66, 0xC1, 0x00, 0x00, 0x63, 0xAC, 0x53, 0xC7, 0xF0, 0x4F, 0x00, 0x00, 0x00, 0x00,
    0x00, 0x00, 0x00, 0x00, 0x00, 0x00, 0x3C, 0xB4, 0xE7, 0xF5, 0xCD, 0x44, 0x00, 0x00, 0x9F, 0xB3,
    0x71, 0x77, 0xEF, 0xF1, 0x12, 0x00, 0x18, 0x00, 0x00, 0x00, 0x82, 0xFF, 0x43, 0x00, 0x1A, 0x81,
    0xB8, 0xDB, 0xFA, 0xFF, 0x54, 0x15, 0xEA, 0xE2, 0x7D, 0x56, 0x90, 0xFF, 0x54, 0x59, 0xFF, 0x61,
    0x00, 0x00, 0x9C, 0xFF, 0x54, 0x41, 0xFF, 0xD2, 0x6A, 0x97, 0xE8, 0xFF, 0x54, 0x00, 0x84, 0xEA,
    0xF2, 0x99, 0x77, 0xFF, 0x54, 0x00, 0x00, 0x2C, 0xF8, 0x79, 0x00, 0x00, 0x00, 0x00, 0x00, 0x00,
    0x00, 0x76, 0xF3, 0x19, 0x00, 0x00, 0x00, 0x00, 0x00, 0x00, 0x02, 0xC4, 0xA1, 0x00, 0x00, 0x00,
    0x00, 0x00, 0x00, 0x00, 0x00, 0x00, 0x00, 0x00, 0x00, 0x00, 0x00, 0x6D, 0xDA, 0xF7, 0xD5, 0x66,
    0x00, 0x00, 0x00, 0x84, 0xFF, 0xA4, 0x62, 0xA8, 0xFF, 0x5B, 0x00, 0x14, 0xFA, 0xB3, 0x00, 0x00,
    0x02, 0xE4, 0xC7, 0x00, 0x48, 0xFF, 0xFF, 0xFF, 0xFF, 0xFF, 0xFF, 0xEB, 0x00, 0x42, 0xFF, 0xB0,
    0x48, 0x48, 0x48, 0x48, 0x44, 0x00, 0x19, 0xFE, 0xD6, 0x06, 0x00, 0x00, 0x00, 0x00, 0x00, 0x00,
    0x9B, 0xFF, 0xCE, 0x76, 0x74, 0xAA, 0x4E, 0x00, 0x00, 0x09, 0x8D, 0xE5, 0xFA, 0xE5, 0xAC, 0x23,
    0x00, 0x00, 0x00, 0x00, 0x00, 0x41, 0xFF, 0x60, 0x00, 0x00, 0x00, 0x00, 0x00, 0x07, 0xDA, 0xA1,
    0x00, 0x00, 0x00, 0x00, 0x00, 0x00, 0x83, 0xD7, 0x0B, 0x00, 0x00, 0x00, 0x00, 0x00, 0x00, 0x00,
    0x00, 0x00, 0x00, 0x00, 0x00, 0x00, 0x00, 0x6D, 0xDA, 0xF7, 0xD5, 0x66, 0x00, 0x00, 0x00, 0x84,
    0xFF, 0xA4, 0x62, 0xA8, 0xFF, 0x5B, 0x00, 0x14, 0xFA, 0xB3, 0x00, 0x00, 0x02, 0xE4, 0xC7, 0x00,
    0x48, 0xFF, 0xFF, 0xFF, 0xFF, 0xFF, 0xFF, 0xEB, 0x00, 0x42, 0xFF, 0xB0, 0x48, 0x48, 0x48, 0x48,
    0x44, 0x00, 0x19, 0xFE, 0xD6, 0x06, 0x00, 0x00, 0x00, 0x00, 0x00, 0x00, 0x9B, 0xFF, 0xCE, 0x76,
    0x74, 0xAA, 0x4E, 0x00, 0x00, 0x09, 0x8D, 0xE5, 0xFA, 0xE5, 0xAC, 0x23, 0x00, 0x00, 0x00, 0x00,
    0x8B, 0xFF, 0x7A, 0x00, 0x00, 0x00, 0x00, 0x00, 0x26, 0xF4, 0x75, 0xF4, 0x1B, 0x00, 0x00, 0x00,
    0x00, 0xB5, 0x85, 0x00, 0xA3, 0xA5, 0x00, 0x00, 0x00, 0x00, 0x00, 0x00, 0x00, 0x00, 0x00, 0x00,
    0x00, 0x00, 0x00, 0x6D, 0xDA, 0xF7, 0xD5, 0x66, 0x00, 0x00, 0x00, 0x84, 0xFF, 0xA4, 0x62, 0xA8,
    0xFF, 0x5B, 0x00, 0x14, 0xFA, 0xB3, 0x00, 0x00, 0x02, 0xE4, 0xC7, 0x00, 0x48, 0xFF, 0xFF, 0xFF,
    0xFF, 0xFF, 0xFF, 0xEB, 0x00, 0x42, 0xFF, 0xB0, 0x48, 0x48, 0x48, 0x48, 0x44, 0x00, 0x19, 0xFE,
    0xD6, 0x06, 0x00, 0x00, 0x00, 0x00, 0x00, 0x00, 0x9B, 0xFF, 0xCE, 0x76, 0x74, 0xAA, 0x4E, 0x00,
    0x00, 0x09, 0x8D, 0xE5, 0xFA, 0xE5, 0xAC, 0x23, 0x00, 0xA9, 0xE7, 0x0D, 0x00, 0x13, 0xE7, 0x89,
    0x00, 0x00, 0x4C, 0xF8, 0x24, 0x00, 0x00, 0x00, 0x00, 0x00, 0xD0, 0xFF, 0x00, 0x00, 0xD0, 0xFF,
    0x00, 0x00, 0xD0, 0xFF, 0x00, 0x00, 0xD0, 0xFF, 0x00, 0x00, 0xD0, 0xFF, 0x00, 0x00, 0xD0, 0xFF,
    0x00, 0x00, 0xD0, 0xFF, 0x00, 0x00, 0xD0, 0xFF, 0x00, 0x00, 0x00, 0xB4, 0xDD, 0x0F, 0x00, 0x56,
    0xF9, 0x34, 0x00, 0x10, 0xE7, 0x6F, 0x00, 0x00, 0x00, 0x00, 0x00, 0x00, 0x00, 0x00, 0xD0, 0xFF,
    0x00, 0x00, 0x00, 0xD0, 0xFF, 0x00, 0x00, 0x00, 0xD0, 0xFF, 0x00, 0x00, 0x00, 0xD0, 0xFF, 0x00,
    0x00, 0x00, 0xD0, 0xFF, 0x00, 0x00, 0x00, 0xD0, 0xFF, 0x00, 0x00, 0x00, 0xD0, 0xFF, 0x00, 0x00,
    0x00, 0xD0, 0xFF, 0x00, 0x00, 0x00, 0x00, 0x06, 0xD2, 0xC4, 0x00, 0x00, 0x00, 0x00, 0x00, 0x00,
    0x00, 0x00, 0x30, 0xFA, 0x59, 0x00, 0x00, 0x00, 0x00, 0x00, 0x00, 0x00, 0x00, 0x7B, 0xE2, 0x0A,
    0x00, 0x00, 0x00, 0x00, 0x00, 0x00, 0x00, 0x00, 0x00, 0x00, 0x00, 0x00, 0x00, 0x00, 0x00, 0x62,
    0xCE, 0xF7, 0xF3, 0xBC, 0x39, 0x00, 0x00, 0x00, 0x82, 0xFF, 0xD8, 0x84, 0x97, 0xF8, 0xF8, 0x32,
    0x00, 0x14, 0xFA, 0xE3, 0x0B, 0x00, 0x00, 0x5A, 0xFF, 0xAA, 0x00, 0x47, 0xFF, 0x97, 0x00, 0x00,
    0x00, 0x0A, 0xFF, 0xDA, 0x00, 0x4B, 0xFF, 0x95, 0x00, 0x00, 0x00, 0x09, 0xFE, 0xD8, 0x00, 0x1B,
    0xFD, 0xE0, 0x0A, 0x00, 0x00, 0x55, 0xFF, 0x9F, 0x00, 0x00, 0x93, 0xFF, 0xD5, 0x7F, 0x92, 0xF6,
    0xF0, 0x24, 0x00, 0x00, 0x02, 0x72, 0xD7, 0xFA, 0xEE, 0xAD, 0x28, 0x00, 0x00, 0x00, 0x00, 0x00,
    0x00, 0x07, 0xD9, 0xBD, 0x02, 0x00, 0x00, 0x00, 0x00, 0x00, 0x00, 0x82, 0xE9, 0x18, 0x00, 0x00,
    0x00, 0x00, 0x00, 0x00, 0x29, 0xF7, 0x45, 0x00, 0x00, 0x00, 0x00, 0x00, 0x00, 0x00, 0x00, 0x00,
    0x00, 0x00, 0x00, 0x00, 0x00, 0x00, 0x00, 0x62, 0xCE, 0xF7, 0xF3, 0xBC, 0x39, 0x00, 0x00, 0x00,
    0x82, 0xFF, 0xD8, 0x84, 0x97, 0xF8, 0xF8, 0x32, 0x00, 0x14, 0xFA, 0xE3, 0x0B, 0x00, 0x00, 0x5A,
    0xFF, 0xAA, 0x00, 0x47, 0xFF, 0x97, 0x00, 0x00, 0x00, 0x0A, 0xFF, 0xDA, 0x00, 0x4B, 0xFF, 0x95,
    0x00, 0x00, 0x00, 0x09, 0xFE, 0xD8, 0x00, 0x1B, 0xFD, 0xE0, 0x0A, 0x00, 0x00, 0x55, 0xFF, 0x9F,
    0x00, 0x00, 0x93, 0xFF, 0xD5, 0x7F, 0x92, 0xF6, 0xF0, 0x24, 0x00, 0x00, 0x02, 0x72, 0xD7, 0xFA,
    0xEE, 0xAD, 0x28, 0x00, 0x00, 0x00, 0x00, 0x00, 0x34, 0xFE, 0xCF, 0x02, 0x00, 0x00, 0x00, 0x00,
    0x00, 0x01, 0xC6, 0x8D, 0xE2, 0x67, 0x00, 0x00, 0x00, 0x00, 0x00, 0x5D, 0xD6, 0x06, 0x4B, 0xEB,
    0x11, 0x00, 0x00, 0x00, 0x00, 0x00, 0x00, 0x00, 0x00, 0x00, 0x00, 0x00, 0x00, 0x00, 0x00, 0x62,
    0xCE, 0xF7, 0xF3, 0xBC, 0x39, 0x00, 0x00, 0x00, 0x82, 0xFF, 0xD8, 0x84, 0x97, 0xF8, 0xF8, 0x32,
    0x00, 0x14, 0xFA, 0xE3, 0x0B, 0x00, 0x00, 0x5A, 0xFF, 0xAA, 0x00, 0x47, 0xFF, 0x97, 0x00, 0x00,
    0x00, 0x0A, 0xFF, 0xDA, 0x00, 0x4B, 0xFF, 0x95, 0x00, 0x00, 0x00, 0x09, 0xFE, 0xD8, 0x00, 0x1B,
    0xFD, 0xE0, 0x0A, 0x00, 0x00, 0x55, 0xFF, 0x9F, 0x00, 0x00, 0x93, 0xFF, 0xD5, 0x7F, 0x92, 0xF6,
    0xF0, 0x24, 0x00, 0x00, 0x02, 0x72, 0xD7, 0xFA, 0xEE, 0xAD, 0x28, 0x00, 0x00, 0x00, 0x00, 0x50,
    0xEF, 0xC3, 0x4B, 0xB0, 0x65, 0x00, 0x00, 0x00, 0x00, 0xBF, 0x64, 0x7A, 0xE6, 0xD3, 0x13, 0x00,
    0x00, 0x00, 0x00, 0x00, 0x00, 0x00, 0x00, 0x00, 0x00, 0x00, 0x00, 0x00, 0x00, 0x62, 0xCE, 0xF7,
    0xF3, 0xBC, 0x39, 0x00, 0x00, 0x00, 0x82, 0xFF, 0xD8, 0x84, 0x97, 0xF8, 0xF8, 0x32, 0x00, 0x14,
    0xFA, 0xE3, 0x0B, 0x00, 0x00, 0x5A, 0xFF, 0xAA, 0x00, 0x47, 0xFF, 0x97, 0x00, 0x00, 0x00, 0x0A,
    0xFF, 0xDA, 0x00, 0x4B, 0xFF, 0x95, 0x00, 0x00, 0x00, 0x09, 0xFE, 0xD8, 0x00, 0x1B, 0xFD, 0xE0,
    0x0A, 0x00, 0x00, 0x55, 0xFF, 0x9F, 0x00, 0x00, 0x93, 0xFF, 0xD5, 0x7F, 0x92, 0xF6, 0xF0, 0x24,
    0x00, 0x00, 0x02, 0x72, 0xD7, 0xFA, 0xEE, 0xAD, 0x28, 0x00, 0x00, 0x00, 0x00, 0x46, 0xFF, 0x59,
    0x00, 0x00, 0x00, 0x00, 0x00, 0x00, 0x00, 0x96, 0xE2, 0x0A, 0x00, 0x00, 0x00, 0x00, 0x00, 0x00,
    0x0B, 0xDC, 0x81, 0x00, 0x00, 0x00, 0x00, 0x00, 0x00, 0x00, 0x00, 0x00, 0x00, 0x00, 0x00, 0x00,
    0xF8, 0xD8, 0x00, 0x00, 0x00, 0xA8, 0xFF, 0x28, 0x00, 0xF8, 0xD8, 0x00, 0x00, 0x00, 0xA8, 0xFF,
    0x28, 0x00, 0xF8, 0xD8, 0x00, 0x00, 0x00, 0xA8, 0xFF, 0x28, 0x00, 0xF8, 0xD8, 0x00, 0x00, 0x00,
    0xA8, 0xFF, 0x28, 0x00, 0xF6, 0xDB, 0x00, 0x00, 0x00, 0xAD, 0xFF, 0x28, 0x00, 0xDE, 0xF7, 0x0F,
    0x00, 0x07, 0xE2, 0xFF, 0x28, 0x00, 0x99, 0xFF, 0xC6, 0x7B, 0xC6, 0xE9, 0xFF, 0x28, 0x00, 0x13,
    0xAB, 0xF0, 0xE8, 0x74, 0xA8, 0xFF, 0x28, 0x00, 0x00, 0x00, 0x00, 0x06, 0xD6, 0xC1, 0x03, 0x00,
    0x00, 0x00, 0x00, 0x00, 0x7E, 0xEB, 0x1B, 0x00, 0x00, 0x00, 0x00, 0x00, 0x26, 0xF6, 0x48, 0x00,
    0x00, 0x00, 0x00, 0x00, 0x00, 0x00, 0x00, 0x00, 0x00, 0x00, 0x00, 0x00, 0xF8, 0xD8, 0x00, 0x00,
    0x00, 0xA8, 0xFF, 0x28, 0x00, 0xF8, 0xD8, 0x00, 0x00, 0x00, 0xA8, 0xFF, 0x28, 0x00, 0xF8, 0xD8,
    0x00, 0x00, 0x00, 0xA8, 0xFF, 0x28, 0x00, 0xF8, 0xD8, 0x00, 0x00, 0x00, 0xA8, 0xFF, 0x28, 0x00,
    0xF6, 0xDB, 0x00, 0x00, 0x00, 0xAD, 0xFF, 0x28, 0x00, 0xDE, 0xF7, 0x0F, 0x00, 0x07, 0xE2, 0xFF,
    0x28, 0x00, 0x99, 0xFF, 0xC6, 0x7B, 0xC6, 0xE9, 0xFF, 0x28, 0x00, 0x13, 0xAB, 0xF0, 0xE8, 0x74,
    0xA8, 0xFF, 0x28, 0x00, 0x00, 0x00, 0x00, 0x65, 0xFC, 0x3F, 0x00, 0x00, 0x00, 0x00, 0x00, 0x17,
    0xEE, 0x7D, 0x00, 0x00, 0x00, 0x00, 0x00, 0x00, 0xA7, 0xBD, 0x02, 0x00, 0x00, 0x00, 0x00, 0x00,
    0x00, 0x00, 0x00, 0x00, 0x00, 0x00, 0x00, 0xC2, 0xFF, 0x39, 0x00, 0x00, 0x01, 0xE2, 0xE6, 0x03,
    0x5C, 0xFF, 0x8D, 0x00, 0x00, 0x3C, 0xFF, 0x86, 0x00, 0x08, 0xED, 0xE0, 0x00, 0x00, 0x93, 0xFE,
    0x24, 0x00, 0x00, 0x90, 0xFF, 0x34, 0x02, 0xE7, 0xBF, 0x00, 0x00, 0x00, 0x29, 0xFF, 0x88, 0x43,
    0xFF, 0x5C, 0x00, 0x00, 0x00, 0x00, 0xC4, 0xDB, 0x9A, 0xEF, 0x09, 0x00, 0x00, 0x00, 0x00, 0x5E,
    0xFF, 0xF2, 0x95, 0x00, 0x00, 0x00, 0x00, 0x00, 0x08, 0xEE, 0xFF, 0x32, 0x00, 0x00, 0x00, 0x00,
    0x00, 0x07, 0xED, 0xCF, 0x00, 0x00, 0x00, 0x00, 0x00, 0x00, 0x5F, 0xFF, 0x62, 0x00, 0x00, 0x00,
    0x00, 0x70, 0x8B, 0xF3, 0xCE, 0x04, 0x00, 0x00, 0x00, 0x00, 0x8E, 0xF4, 0xB1, 0x19, 0x00, 0x00,
    0x00, 0x00, 0x00, 0x00, 0x00, 0x00, 0xE3, 0x51, 0x0E, 0xA3, 0x91, 0x00, 0x00, 0x00, 0x00, 0x00,
    0x00, 0x42, 0xD8, 0xF5, 0xB1, 0x10, 0x00, 0x00, 0x00, 0x00, 0x00, 0x00, 0x00, 0x00, 0x00, 0x00,
    0x00, 0x00, 0x00, 0x00, 0x00, 0x00, 0x00, 0x00, 0xD8, 0xFF, 0x9F, 0x00, 0x00, 0x00, 0x00, 0x00,
    0x00, 0x00, 0x3B, 0xFF, 0xEE, 0xF4, 0x0C, 0x00, 0x00, 0x00, 0x00, 0x00, 0x00, 0x9D, 0xFC, 0x7A,
    0xFF, 0x61, 0x00, 0x00, 0x00, 0x00, 0x00, 0x0B, 0xF3, 0xBD, 0x17, 0xFD, 0xC2, 0x00, 0x00, 0x00,
    0x00, 0x00, 0x61, 0xFF, 0x6C, 0x00, 0xC3, 0xFF, 0x23, 0x00, 0x00, 0x00, 0x00, 0xC2, 0xFE, 0x1B,
    0x00, 0x70, 0xFF, 0x83, 0x00, 0x00, 0x00, 0x24, 0xFF, 0xC8, 0x00, 0x00, 0x1E, 0xFF, 0xE2, 0x02,
    0x00, 0x00, 0x86, 0xFF, 0xFF, 0xFF, 0xFF, 0xFF, 0xFF, 0xFF, 0x45, 0x00, 0x03, 0xE4, 0xFF, 0x8A,
    0x84, 0x84, 0x84, 0xB0, 0xFF, 0xA5, 0x00, 0x4A, 0xFF, 0xC1, 0x00, 0x00, 0x00, 0x00, 0x15, 0xF9,
    0xF6, 0x0F, 0xAB, 0xFF, 0x5D, 0x00, 0x00, 0x00, 0x00, 0x00, 0xA8, 0xFF, 0x67, 0x00, 0x03, 0xEF,
    0x42, 0x10, 0xB0, 0x81, 0x00, 0x00, 0x00, 0x4C, 0xDC, 0xF4, 0xA9, 0x0B, 0x00, 0x00, 0x00, 0x00,
    0x00, 0x00, 0x00, 0x00, 0x00, 0x00, 0x3C, 0xB4, 0xE7, 0xF5, 0xCD, 0x44, 0x00, 0x00, 0x9F, 0xB3,
    0x71, 0x77, 0xEF, 0xF1, 0x12, 0x00, 0x18, 0x00, 0x00, 0x00, 0x82, 0xFF, 0x43, 0x00, 0x1A, 0x81,
    0xB8, 0xDB, 0xFA, 0xFF, 0x54, 0x15, 0xEA, 0xE2, 0x7D, 0x56, 0x90, 0xFF, 0x54, 0x59, 0xFF, 0x61,
    0x00, 0x00, 0x9C, 0xFF, 0x54, 0x41, 0xFF, 0xD2, 0x6A, 0x97, 0xE8, 0xFF, 0x54, 0x00, 0x84, 0xEA,
    0xF2, 0x99, 0x77, 0xFF, 0x54, 0x00, 0x9C, 0xFF, 0xFF, 0xFE, 0xF2, 0xD3, 0x95, 0x2B, 0x00, 0x00,
    0x00, 0x9C, 0xFF, 0xAD, 0x94, 0xA1, 0xD2, 0xFF, 0xFA, 0x64, 0x00, 0x00, 0x9C, 0xFF, 0x3C, 0x00,
    0x00, 0x00, 0x4C, 0xF7, 0xFC, 0x2A, 0x00, 0x9C, 0xFF, 0x3C, 0x00, 0x00, 0x00, 0x00, 0x83, 0xFF,
    0x8D, 0x00, 0x9C, 0xFF, 0x3C, 0x00, 0x00, 0x00, 0x00, 0x3A, 0xFF, 0xBE, 0xE0, 0xFF, 0xFF, 0xFF,
    0xFF, 0xA4, 0x00, 0x00, 0x29, 0xFF, 0xC9, 0x88, 0xD8, 0xFF, 0xB3, 0x9C, 0x63, 0x00, 0x00, 0x45,
    0xFF, 0xB1, 0x00, 0x9C, 0xFF, 0x3C, 0x00, 0x00, 0x00, 0x00, 0x9E, 0xFF, 0x6A, 0x00, 0x9C, 0xFF,
    0x3C, 0x00, 0x00, 0x02, 0x6F, 0xFF, 0xDC, 0x08, 0x00, 0x9C, 0xFF, 0xAD, 0x94, 0xA4, 0xDF, 0xFF,
    0xD9, 0x25, 0x00, 0x00, 0x9C, 0xFF, 0xFF, 0xFD, 0xED, 0xC1, 0x6E, 0x0A, 0x00, 0x00, 0x00, 0x00,
    0x00, 0x00, 0x00, 0x00, 0x5C, 0xFF, 0x74, 0x00, 0x00, 0x00, 0x00, 0x00, 0xF0, 0xFF, 0xFF, 0xFF,
    0xFF, 0x8C, 0x00, 0x00, 0x00, 0x00, 0x47, 0x4C, 0x8C, 0xFF, 0x9D, 0x29, 0x00, 0x00, 0x00, 0x00,
    0x00, 0x00, 0x5C, 0xFF, 0x74, 0x00, 0x00, 0x04, 0x84, 0xE4, 0xF8, 0xBC, 0x78, 0xFF, 0x74, 0x00,
    0x00, 0x8A, 0xFF, 0xD4, 0x82, 0xAA, 0xF8, 0xFF, 0x74, 0x00, 0x11, 0xF8, 0xE4, 0x0B, 0x00, 0x00,
    0x98, 0xFF, 0x74, 0x00, 0x3B, 0xFF, 0x98, 0x00, 0x00, 0x00, 0x57, 0xFF, 0x74, 0x00, 0x47, 0xFF,
    0x91, 0x00, 0x00, 0x00, 0x5E, 0xFF, 0x74, 0x00, 0x21, 0xFF, 0xD8, 0x04, 0x00, 0x00, 0xAC, 0xFF,
    0x74, 0x00, 0x00, 0xB1, 0xFF, 0xC7, 0x7C, 0xB4, 0xE9, 0xFF, 0x74, 0x00, 0x00, 0x12, 0xA5, 0xF2,
    0xF2, 0x9F, 0x67, 0xFF, 0x74, 0x00, 0x04, 0xBE, 0xED, 0x83, 0x4B, 0xE4, 0x3F, 0xC7, 0x49, 0xB8,
    0xF3, 0x6D, 0x00, 0x00, 0x00, 0x00, 0x00, 0x00, 0x00, 0x00, 0xA0, 0xFF, 0x4C, 0x00, 0x00, 0x00,
    0xA0, 0xFF, 0x4C, 0x00, 0x00, 0x00, 0xA0, 0xFF, 0x4C, 0x00, 0x00, 0x00, 0xA0, 0xFF, 0x4C, 0x00,
    0x00, 0x00, 0xA0, 0xFF, 0x4C, 0x00, 0x00, 0x00, 0xA0, 0xFF, 0x4C, 0x00, 0x00, 0x00, 0xA0, 0xFF,
    0x4C, 0x00, 0x00, 0x00, 0xA0, 0xFF, 0x4C, 0x00, 0x00, 0x00, 0xA0, 0xFF, 0x4C, 0x00, 0x00, 0x00,
    0xA0, 0xFF, 0x4C, 0x00, 0x00, 0x00, 0xA0, 0xFF, 0x4C, 0x00, 0x25, 0xE0, 0xDA, 0x63, 0x7F, 0xA1,
    0x83, 0x93, 0x5F, 0xD3, 0xE9, 0x36, 0x00, 0x00, 0x00, 0x00, 0x00, 0x00, 0x00, 0x00, 0xD0, 0xFF,
    0x00, 0x00, 0x00, 0x00, 0xD0, 0xFF, 0x00, 0x00, 0x00, 0x00, 0xD0, 0xFF, 0x00, 0x00, 0x00, 0x00,
    0xD0, 0xFF, 0x00, 0x00, 0x00, 0x00, 0xD0, 0xFF, 0x00, 0x00, 0x00, 0x00, 0xD0, 0xFF, 0x00, 0x00,
    0x00, 0x00, 0xD0, 0xFF, 0x00, 0x00, 0x00, 0x00, 0xD0, 0xFF, 0x00, 0x00, 0x00, 0x00, 0x00, 0x79,
    0xF2, 0xAD, 0x41, 0xD4, 0x35, 0x00, 0x00, 0x00, 0x00, 0x00, 0xE9, 0x47, 0x91, 0xEF, 0xB5, 0x01,
    0x00, 0x00, 0x00, 0x00, 0x00, 0x00, 0x00, 0x00, 0x00, 0x00, 0x00, 0x00, 0x00, 0x00, 0xC0, 0xFF,
    0x1C, 0x00, 0x00, 0x00, 0x00, 0xDC, 0xFF, 0x00, 0x00, 0xC0, 0xFF, 0x1C, 0x00, 0x00, 0x00, 0x00,
    0xDC, 0xFF, 0x00, 0x00, 0xC0, 0xFF, 0x1C, 0x00, 0x00, 0x00, 0x00, 0xDC, 0xFF, 0x00, 0x00, 0xC0,
    0xFF, 0x1C, 0x00, 0x00, 0x00, 0x00, 0xDC, 0xFF, 0x00, 0x00, 0xC0, 0xFF, 0x1C, 0x00, 0x00, 0x00,
    0x00, 0xDC, 0xFF, 0x00, 0x00, 0xC0, 0xFF, 0x1C, 0x00, 0x00, 0x00, 0x00, 0xDC, 0xFF, 0x00, 0x00,
    0xBE, 0xFF, 0x25, 0x00, 0x00, 0x00, 0x00, 0xE3, 0xFD, 0x00, 0x00, 0xAE, 0xFF, 0x49, 0x00, 0x00,
    0x00, 0x08, 0xFC, 0xE8, 0x00, 0x00, 0x77, 0xFF, 0xBF, 0x09, 0x00, 0x00, 0x7C, 0xFF, 0xAB, 0x00,
    0x00, 0x13, 0xE5, 0xFF, 0xE1, 0xAC, 0xC9, 0xFF, 0xF6, 0x2E, 0x00, 0x00, 0x00, 0x1F, 0xA4, 0xE8,
    0xFC, 0xEB, 0xAE, 0x2F, 0x00, 0x00, 0x00, 0x00, 0x7D, 0xF2, 0xAB, 0x40, 0xD6, 0x31, 0x00, 0x00,
    0x00, 0xEB, 0x46, 0x94, 0xF0, 0xB2, 0x01, 0x00, 0x00, 0x00, 0x00, 0x00, 0x00, 0x00, 0x00, 0x00,
    0x00, 0x00, 0xF8, 0xD8, 0x00, 0x00, 0x00, 0xA8, 0xFF, 0x28, 0x00, 0xF8, 0xD8, 0x00, 0x00, 0x00,
    0xA8, 0xFF, 0x28, 0x00, 0xF8, 0xD8, 0x00, 0x00, 0x00, 0xA8, 0xFF, 0x28, 0x00, 0xF8, 0xD8, 0x00,
    0x00, 0x00, 0xA8, 0xFF, 0x28, 0x00, 0xF6, 0xDB, 0x00, 0x00, 0x00, 0xAD, 0xFF, 0x28, 0x00, 0xDE,
    0xF7, 0x0F, 0x00, 0x07, 0xE2, 0xFF, 0x28, 0x00, 0x99, 0xFF, 0xC6, 0x7B, 0xC6, 0xE9, 0xFF, 0x28,
    0x00, 0x13, 0xAB, 0xF0, 0xE8, 0x74, 0xA8, 0xFF, 0x28, 0x00, 0x00, 0x00, 0x00, 0x00, 0x00, 0x00,
    0x00, 0x00, 0x00, 0x00, 0xC7, 0x7A, 0x00, 0x00, 0x04, 0x68, 0xC6, 0xF1, 0xF3, 0xCC, 0x65, 0x0E,
    0x25, 0xE1, 0x7A, 0x00, 0x07, 0xBB, 0xFF, 0xF2, 0xB5, 0xAE, 0xE7, 0xFF, 0xFF, 0xFB, 0xC1, 0x14,
    0x00, 0x8B, 0xFF, 0xC4, 0x13, 0x00, 0x00, 0x06, 0x9F, 0xFF, 0x99, 0x00, 0x00, 0x08, 0xF5, 0xF8,
    0x23, 0x00, 0x00, 0x00, 0x00, 0x0C, 0xE9, 0xFD, 0x1E, 0x00, 0x3B, 0xFF, 0xC3, 0x00, 0x00, 0x00,
    0x00, 0x00, 0x00, 0xA9, 0xFF, 0x5B, 0x00, 0x4F, 0xFF, 0xA5, 0x00, 0x00, 0x00, 0x00, 0x00, 0x00,
    0x8D, 0xFF, 0x6A, 0x00, 0x41, 0xFF, 0xC1, 0x00, 0x00, 0x00, 0x00, 0x00, 0x00, 0xA8, 0xFF, 0x55,
    0x00, 0x0F, 0xFA, 0xF7, 0x1E, 0x00, 0x00, 0x00, 0x00, 0x0C, 0xE7, 0xFE, 0x1C, 0x00, 0x00, 0x9A,
    0xFF, 0xBC, 0x0E, 0x00, 0x00, 0x0C, 0xA7, 0xFF, 0xA9, 0x00, 0x00, 0x00, 0x0D, 0xC9, 0xFF, 0xED,
    0xAD, 0xB6, 0xEA, 0xFF, 0xD0, 0x12, 0x00, 0x00, 0x00, 0x00, 0x08, 0x76, 0xD0, 0xF6, 0xF6, 0xD0,
    0x79, 0x0A, 0x00, 0x00, 0x00, 0x00, 0x00, 0x00, 0x00, 0x00, 0x00, 0x00, 0x00, 0xBE, 0x82, 0x00,
    0x00, 0x00, 0x00, 0x00, 0x00, 0x00, 0x10, 0xD9, 0x84, 0x00, 0x00, 0x63, 0xCF, 0xF7, 0xFB, 0xF5,
    0xFC, 0xC3, 0x1A, 0x00, 0x82, 0xFF, 0xDA, 0x84, 0x96, 0xF7, 0xFC, 0x3A, 0x00, 0x14, 0xFA, 0xE5,
    0x0D, 0x00, 0x00, 0x56, 0xFF, 0xAD, 0x00, 0x47, 0xFF, 0x9B, 0x00, 0x00, 0x00, 0x07, 0xFE, 0xDA,
    0x00, 0x4B, 0xFF, 0x99, 0x00, 0x00, 0x00, 0x06, 0xFD, 0xD8, 0x00, 0x1A, 0xFD, 0xE2, 0x0B, 0x00,
    0x00, 0x51, 0xFF, 0x9F, 0x00, 0x00, 0x90, 0xFF, 0xD7, 0x7F, 0x90, 0xF5, 0xF0, 0x24, 0x00, 0x00,
    0x01, 0x70, 0xD7, 0xFA, 0xEE, 0xAD, 0x28, 0x00, 0x00, 0x00, 0x00, 0x00, 0x00, 0x00, 0x00, 0x00,
    0x00, 0x00, 0x00, 0x27, 0xFF, 0x18, 0x00, 0x00, 0x00, 0x00, 0x00, 0x00, 0x00, 0x00, 0x00, 0x00,
    0x50, 0xFF, 0x17, 0x00, 0xC0, 0xFF, 0x1C, 0x00, 0x00, 0x00, 0x00, 0xDC, 0xFF, 0xED, 0x73, 0x00,
    0x00, 0xC0, 0xFF, 0x1C, 0x00, 0x00, 0x00, 0x00, 0xDC, 0xFF, 0x01, 0x00, 0x00, 0x00, 0xC0, 0xFF,
    0x1C, 0x00, 0x00, 0x00, 0x00, 0xDC, 0xFF, 0x00, 0x00, 0x00, 0x00, 0xC0, 0xFF, 0x1C, 0x00, 0x00,
    0x00, 0x00, 0xDC, 0xFF, 0x00, 0x00, 0x00, 0x00, 0xC0, 0xFF, 0x1C, 0x00, 0x00, 0x00, 0x00, 0xDC,
    0xFF, 0x00, 0x00, 0x00, 0x00, 0xC0, 0xFF, 0x1C, 0x00, 0x00, 0x00, 0x00, 0xDC, 0xFF, 0x00, 0x00,
    0x00, 0x00, 0xBD, 0xFF, 0x21, 0x00, 0x00, 0x00, 0x00, 0xE0, 0xFB, 0x00, 0x00, 0x00, 0x00, 0xAB,
    0xFF, 0x43, 0x00, 0x00, 0x00, 0x05, 0xFA, 0xE5, 0x00, 0x00, 0x00, 0x00, 0x70, 0xFF, 0xB7, 0x06,
    0x00, 0x00, 0x75, 0xFF, 0xA5, 0x00, 0x00, 0x00, 0x00, 0x0F, 0xE0, 0xFF, 0xDE, 0xAB, 0xC8, 0xFF,
    0xF3, 0x29, 0x00, 0x00, 0x00, 0x00, 0x00, 0x1C, 0xA1, 0xE7, 0xFB, 0xEB, 0xAC, 0x2C, 0x00, 0x00,
    0x00, 0x00, 0x00, 0x00, 0x00, 0x00, 0x00, 0x00, 0x00, 0x00, 0x27, 0xFF, 0x0D, 0x00, 0x00, 0x00,
    0x00, 0x00, 0x00, 0x00, 0x00, 0x54, 0xFB, 0x0C, 0x00, 0xF8, 0xD8, 0x00, 0x00, 0x00, 0xA8, 0xFF,
    0xE4, 0x62, 0x00, 0x00, 0xF8, 0xD8, 0x00, 0x00, 0x00, 0xA8, 0xFF, 0x28, 0x00, 0x00, 0x00, 0xF8,
    0xD8, 0x00, 0x00, 0x00, 0xA8, 0xFF, 0x28, 0x00, 0x00, 0x00, 0xF8, 0xD8, 0x00, 0x00, 0x00, 0xA8,
    0xFF, 0x28, 0x00, 0x00, 0x00, 0xF6, 0xDB, 0x00, 0x00, 0x00, 0xAD, 0xFF, 0x28, 0x00, 0x00, 0x00,
    0xDF, 0xF7, 0x0E, 0x00, 0x06, 0xE1, 0xFF, 0x28, 0x00, 0x00, 0x00, 0x9B, 0xFF, 0xC4, 0x77, 0xC3,
    0xEC, 0xFF, 0x28, 0x00, 0x00, 0x00, 0x14, 0xAD, 0xF1, 0xE8, 0x77, 0xA8, 0xFF, 0x28, 0x00, 0x00,
    0x00, 0x00, 0x0C, 0x7C, 0xCF, 0xF5, 0xF8, 0xDA, 0x91, 0x1C, 0x00, 0x00, 0x00, 0x18, 0xD8, 0xFF,
    0xF0, 0xB8, 0xAD, 0xE2, 0xFF, 0xEF, 0x36, 0x00, 0x00, 0xB1, 0xFF, 0xBC, 0x15, 0x00, 0x00, 0x06,
    0x93, 0xFF, 0xDE, 0x05, 0x15, 0xFE, 0xF5, 0x18, 0x00, 0x00, 0x00, 0x00, 0x04, 0xD5, 0xFF, 0x44,
    0x3B, 0xFF, 0xC6, 0x00, 0x00, 0x00, 0x00, 0x00, 0x00, 0x96, 0xFF, 0x6A, 0x32, 0xFF, 0xB7, 0x00,
    0x00, 0x00, 0x00, 0x00, 0x00, 0x88, 0xFF, 0x60, 0x0B, 0xF3, 0xE1, 0x01, 0x00, 0x00, 0x00, 0x00,
    0x00, 0xB6, 0xFF, 0x2B, 0x00, 0x89, 0xFF, 0x4E, 0x00, 0x00, 0x00, 0x00, 0x25, 0xFC, 0xB3, 0x00,
    0x00, 0x05, 0xB8, 0xE7, 0x21, 0x00, 0x00, 0x0F, 0xCD, 0xD1, 0x13, 0x00, 0x27, 0x8C, 0x8F, 0xEF,
    0xE8, 0x09, 0x00, 0xC6, 0xF9, 0x96, 0x8C, 0x3F, 0x48, 0xFF, 0xFF, 0xFF, 0xFF, 0x10, 0x00, 0xE4,
    0xFF, 0xFF, 0xFF, 0x74, 0x00, 0x00, 0x00, 0x00, 0xD8, 0xFF, 0x9F, 0x00, 0x00, 0x00, 0x00, 0x00,
    0x00, 0x00, 0x3B, 0xFF, 0xEE, 0xF4, 0x0C, 0x00, 0x00, 0x00, 0x00, 0x00, 0x00, 0x9D, 0xFC, 0x7A,
    0xFF, 0x61, 0x00, 0x00, 0x00, 0x00, 0x00, 0x0B, 0xF3, 0xBD, 0x17, 0xFD, 0xC2, 0x00, 0x00, 0x00,
    0x00, 0x00, 0x61, 0xFF, 0x6C, 0x00, 0xC3, 0xFF, 0x23, 0x00, 0x00, 0x00, 0x00, 0xC2, 0xFE, 0x1B,
    0x00, 0x70, 0xFF, 0x83, 0x00, 0x00, 0x00, 0x24, 0xFF, 0xC8, 0x00, 0x00, 0x1E, 0xFF, 0xE2, 0x02,
    0x00, 0x00, 0x86, 0xFF, 0xFF, 0xFF, 0xFF, 0xFF, 0xFF, 0xFF, 0x45, 0x00, 0x03, 0xE4, 0xFF, 0x8A,
    0x84, 0x84, 0x84, 0xB0, 0xFF, 0xA5, 0x00, 0x4A, 0xFF, 0xC1, 0x00, 0x00, 0x00, 0x00, 0x15, 0xF9,
    0xF6, 0x0F, 0xAB, 0xFF, 0x5D, 0x00, 0x00, 0x00, 0x00, 0x00, 0xA8, 0xFF, 0x67, 0x00, 0x00, 0x00,
    0x00, 0x00, 0x00, 0x00, 0x00, 0x00, 0x00, 0x00, 0x00, 0x00, 0x00, 0x00, 0x49, 0xF1, 0x44, 0x00,
    0x00, 0x00, 0x00, 0x00, 0x00, 0x00, 0x00, 0x48, 0xF1, 0x41, 0x00, 0x00, 0x00, 0x00, 0x00, 0x3C,
    0xB4, 0xE7, 0xF5, 0xCD, 0x44, 0x00, 0x00, 0x9F, 0xB3, 0x71, 0x77, 0xEF, 0xF1, 0x12, 0x00, 0x18,
    0x00, 0x00, 0x00, 0x82, 0xFF, 0x43, 0x00, 0x1A, 0x81, 0xB8, 0xDB, 0xFA, 0xFF, 0x54, 0x15, 0xEA,
    0xE2, 0x7D, 0x56, 0x90, 0xFF, 0x54, 0x59, 0xFF, 0x61, 0x00, 0x00, 0x9C, 0xFF, 0x54, 0x41, 0xFF,
    0xD2, 0x6A, 0x97, 0xE8, 0xFF, 0x54, 0x00, 0x84, 0xEA, 0xF2, 0x99, 0x77, 0xFF, 0x54, 0x00, 0x00,
    0x00, 0x00, 0x00, 0x00, 0x00, 0x00, 0x00, 0x00, 0x00, 0x8B, 0xE3, 0x10, 0x00, 0x00, 0x00, 0x00,
    0x00, 0x8A, 0xE1, 0x0F, 0x00, 0x00, 0x00, 0x00, 0x00, 0x00, 0x7F, 0xE2, 0x51, 0x00, 0x00, 0x00,
    0x00, 0x00, 0x00, 0x00, 0x00, 0x01, 0x86, 0xB8, 0x00, 0x00, 0x00, 0x00, 0x00, 0x00, 0x00, 0x00,
    0x44, 0xFB, 0x67, 0x00, 0x00, 0x00, 0x00, 0x00, 0x00, 0x00, 0x00, 0x00, 0x00, 0x00, 0x00, 0x00,
    0x00, 0x00, 0x00, 0x00, 0x00, 0x00, 0xD8, 0xFF, 0x9F, 0x00, 0x00, 0x00, 0x00, 0x00, 0x00, 0x00,
    0x3B, 0xFF, 0xEE, 0xF4, 0x0C, 0x00, 0x00, 0x00, 0x00, 0x00, 0x00, 0x9D, 0xFC, 0x7A, 0xFF, 0x61,
    0x00, 0x00, 0x00, 0x00, 0x00, 0x0B, 0xF3, 0xBD, 0x17, 0xFD, 0xC2, 0x00, 0x00, 0x00, 0x00, 0x00,
    0x61, 0xFF, 0x6C, 0x00, 0xC3, 0xFF, 0x23, 0x00, 0x00, 0x00, 0x00, 0xC2, 0xFE, 0x1B, 0x00, 0x70,
    0xFF, 0x83, 0x00, 0x00, 0x00, 0x24, 0xFF, 0xC8, 0x00, 0x00, 0x1E, 0xFF, 0xE2, 0x02, 0x00, 0x00,
    0x86, 0xFF, 0xFF, 0xFF, 0xFF, 0xFF, 0xFF, 0xFF, 0x45, 0x00, 0x03, 0xE4, 0xFF, 0x8A, 0x84, 0x84,
    0x84, 0xB0, 0xFF, 0xA5, 0x00, 0x4A, 0xFF, 0xC1, 0x00, 0x00, 0x00, 0x00, 0x15, 0xF9, 0xF6, 0x0F,
    0xAB, 0xFF, 0x5D, 0x00, 0x00, 0x00, 0x00, 0x00, 0xA8, 0xFF, 0x67, 0x00, 0x00, 0x00, 0x9F, 0xDD,
    0x39, 0x00, 0x00, 0x00, 0x00, 0x00, 0x04, 0xA7, 0x95, 0x00, 0x00, 0x00, 0x00, 0x00, 0x68, 0xF6,
    0x48, 0x00, 0x00, 0x00, 0x00, 0x00, 0x00, 0x00, 0x00, 0x00, 0x00, 0x00, 0x3C, 0xB4, 0xE7, 0xF5,
    0xCD, 0x44, 0x00, 0x00, 0x9F, 0xB3, 0x71, 0x77, 0xEF, 0xF1, 0x12, 0x00, 0x18, 0x00, 0x00, 0x00,
    0x82, 0xFF, 0x43, 0x00, 0x1A, 0x81, 0xB8, 0xDB, 0xFA, 0xFF, 0x54, 0x15, 0xEA, 0xE2, 0x7D, 0x56,
    0x90, 0xFF, 0x54, 0x59, 0xFF, 0x61, 0x00, 0x00, 0x9C, 0xFF, 0x54, 0x41, 0xFF, 0xD2, 0x6A, 0x97,
    0xE8, 0xFF, 0x54, 0x00, 0x84, 0xEA, 0xF2, 0x99, 0x77, 0xFF, 0x54, 0x00, 0x00, 0x00, 0x00, 0x00,
    0x00, 0x00, 0x06, 0xCF, 0xBB, 0x07, 0x00, 0x00, 0x00, 0x0B, 0xCC, 0xFA, 0x6D, 0x8A, 0xC5, 0x0B,
    0x00, 0x00, 0x00, 0x02, 0xB2, 0x93, 0x2A, 0xDF, 0x4C, 0x00, 0x00, 0x00, 0x00, 0x00, 0x00, 0x00,
    0x00, 0x00, 0x00, 0x00, 0x00, 0x00, 0x00, 0x00, 0x00, 0x00, 0x00, 0xD8, 0xFF, 0x9F, 0x00, 0x00,
    0x00, 0x00, 0x00, 0x00, 0x00, 0x3B, 0xFF, 0xEE, 0xF4, 0x0C, 0x00, 0x00, 0x00, 0x00, 0x00, 0x00,
    0x9D, 0xFC, 0x7A, 0xFF, 0x61, 0x00, 0x00, 0x00, 0x00, 0x00, 0x0B, 0xF3, 0xBD, 0x17, 0xFD, 0xC2,
    0x00, 0x00, 0x00, 0x00, 0x00, 0x61, 0xFF, 0x6C, 0x00, 0xC3, 0xFF, 0x23, 0x00, 0x00, 0x00, 0x00,
    0xC2, 0xFE, 0x1B, 0x00, 0x70, 0xFF, 0x83, 0x00, 0x00, 0x00, 0x24, 0xFF, 0xC8, 0x00, 0x00, 0x1E,
    0xFF, 0xE2, 0x02, 0x00, 0x00, 0x86, 0xFF, 0xFF, 0xFF, 0xFF, 0xFF, 0xFF, 0xFF, 0x45, 0x00, 0x03,
    0xE4, 0xFF, 0x8A, 0x84, 0x84, 0x84, 0xB0, 0xFF, 0xA5, 0x00, 0x4A, 0xFF, 0xC1, 0x00, 0x00, 0x00,
    0x00, 0x15, 0xF9, 0xF6, 0x0F, 0xAB, 0xFF, 0x5D, 0x00, 0x00, 0x00, 0x00, 0x00, 0xA8, 0xFF, 0x67,
    0x00, 0x00, 0x00, 0x00, 0x00, 0x00, 0x07, 0xD2, 0xB8, 0x06, 0x00, 0x00, 0x0C, 0xCE, 0xFA, 0x69,
    0x8E, 0xC3, 0x0A, 0x00, 0x00, 0x03, 0xB5, 0x8F, 0x2B, 0xE0, 0x49, 0x00, 0x00, 0x00, 0x00, 0x00,
    0x00, 0x00, 0x00, 0x00, 0x00, 0x00, 0x00, 0x00, 0x00, 0x3C, 0xB4, 0xE7, 0xF5, 0xCD, 0x44, 0x00,
    0x00, 0x00, 0x00, 0x9F, 0xB3, 0x71, 0x77, 0xEF, 0xF1, 0x12, 0x00, 0x00, 0x00, 0x18, 0x00, 0x00,
    0x00, 0x82, 0xFF, 0x43, 0x00, 0x00, 0x00, 0x1A, 0x81, 0xB8, 0xDB, 0xFA, 0xFF, 0x54, 0x00, 0x00,
    0x15, 0xEA, 0xE2, 0x7D, 0x56, 0x90, 0xFF, 0x54, 0x00, 0x00, 0x59, 0xFF, 0x61, 0x00, 0x00, 0x9C,
    0xFF, 0x54, 0x00, 0x00, 0x41, 0xFF, 0xD2, 0x6A, 0x97, 0xE8, 0xFF, 0x54, 0x00, 0x00, 0x00, 0x84,
    0xEA, 0xF2, 0x99, 0x77, 0xFF, 0x54, 0x00, 0x00, 0x35, 0xF2, 0x6D, 0x00, 0x00, 0x00, 0x00, 0x00,
    0x00, 0x00, 0x00, 0x00, 0x40, 0xEE, 0x34, 0xC9, 0xFA, 0x72, 0x00, 0x00, 0x00, 0x00, 0x00, 0x00,
    0x02, 0xAE, 0xA2, 0x23, 0xD8, 0x52, 0x00, 0x00, 0x00, 0x00, 0x00, 0x00, 0x00, 0x00, 0x00, 0x00,
    0x00, 0x00, 0x00, 0x00, 0x00, 0x00, 0x00, 0x00, 0xD8, 0xFF, 0x9F, 0x00, 0x00, 0x00, 0x00, 0x00,
    0x00, 0x00, 0x3B, 0xFF, 0xEE, 0xF4, 0x0C, 0x00, 0x00, 0x00, 0x00, 0x00, 0x00, 0x9D, 0xFC, 0x7A,
    0xFF, 0x61, 0x00, 0x00, 0x00, 0x00, 0x00, 0x0B, 0xF3, 0xBD, 0x17, 0xFD, 0xC2, 0x00, 0x00, 0x00,
    0x00, 0x00, 0x61, 0xFF, 0x6C, 0x00, 0xC3, 0xFF, 0x23, 0x00, 0x00, 0x00, 0x00, 0xC2, 0xFE, 0x1B,
    0x00, 0x70, 0xFF, 0x83, 0x00, 0x00, 0x00, 0x24, 0xFF, 0xC8, 0x00, 0x00, 0x1E, 0xFF, 0xE2, 0x02,
    0x00, 0x00, 0x86, 0xFF, 0xFF, 0xFF, 0xFF, 0xFF, 0xFF, 0xFF, 0x45, 0x00, 0x03, 0xE4, 0xFF, 0x8A,
    0x84, 0x84, 0x84, 0xB0, 0xFF, 0xA5, 0x00, 0x4A, 0xFF, 0xC1, 0x00, 0x00, 0x00, 0x00, 0x15, 0xF9,
    0xF6, 0x0F, 0xAB, 0xFF, 0x5D, 0x00, 0x00, 0x00, 0x00, 0x00, 0xA8, 0xFF, 0x67, 0x3B, 0xF5, 0x65,
    0x00, 0x00, 0x00, 0x00, 0x00, 0x00, 0x00, 0x47, 0xED, 0x31, 0xCE, 0xFA, 0x6A, 0x00, 0x00, 0x00,
    0x00, 0x03, 0xB5, 0x9B, 0x25, 0xDA, 0x4C, 0x00, 0x00, 0x00, 0x00, 0x00, 0x00, 0x00, 0x00, 0x00,
    0x00, 0x00, 0x00, 0x3C, 0xB4, 0xE7, 0xF5, 0xCD, 0x44, 0x00, 0x00, 0x00, 0x9F, 0xB3, 0x71, 0x77,
    0xEF, 0xF1, 0x12, 0x00, 0x00, 0x18, 0x00, 0x00, 0x00, 0x82, 0xFF, 0x43, 0x00, 0x00, 0x1A, 0x81,
    0xB8, 0xDB, 0xFA, 0xFF, 0x54, 0x00, 0x15, 0xEA, 0xE2, 0x7D, 0x56, 0x90, 0xFF, 0x54, 0x00, 0x59,
    0xFF, 0x61, 0x00, 0x00, 0x9C, 0xFF, 0x54, 0x00, 0x41, 0xFF, 0xD2, 0x6A, 0x97, 0xE8, 0xFF, 0x54,
    0x00, 0x00, 0x84, 0xEA, 0xF2, 0x99, 0x77, 0xFF, 0x54, 0x00, 0x00, 0x00, 0x00, 0x00, 0x00, 0x00,
    0xD0, 0xD1, 0x18, 0x00, 0x00, 0x00, 0x00, 0x00, 0x00, 0x00, 0x00, 0x0B, 0xD8, 0x5D, 0x00, 0x00,
    0x00, 0x00, 0x09, 0xC8, 0xFA, 0x75, 0xA0, 0xE7, 0x1F, 0x00, 0x00, 0x00, 0x01, 0xAC, 0x9A, 0x26,
    0xDC, 0x53, 0x00, 0x00, 0x00, 0x00, 0x00, 0x00, 0x00, 0x00, 0x00, 0x00, 0x00, 0x00, 0x00, 0x00,
    0x00, 0x00, 0x00, 0x00, 0xD8, 0xFF, 0x9F, 0x00, 0x00, 0x00, 0x00, 0x00, 0x00, 0x00, 0x3B, 0xFF,
    0xEE, 0xF4, 0x0C, 0x00, 0x00, 0x00, 0x00, 0x00, 0x00, 0x9D, 0xFC, 0x7A, 0xFF, 0x61, 0x00, 0x00,
    0x00, 0x00, 0x00, 0x0B, 0xF3, 0xBD, 0x17, 0xFD, 0xC2, 0x00, 0x00, 0x00, 0x00, 0x00, 0x61, 0xFF,
    0x6C, 0x00, 0xC3, 0xFF, 0x23, 0x00, 0x00, 0x00, 0x00, 0xC2, 0xFE, 0x1B, 0x00, 0x70, 0xFF, 0x83,
    0x00, 0x00, 0x00, 0x24, 0xFF, 0xC8, 0x00, 0x00, 0x1E, 0xFF, 0xE2, 0x02, 0x00, 0x00, 0x86, 0xFF,
    0xFF, 0xFF, 0xFF, 0xFF, 0xFF, 0xFF, 0x45, 0x00, 0x03, 0xE4, 0xFF, 0x8A, 0x84, 0x84, 0x84, 0xB0,
    0xFF, 0xA5, 0x00, 0x4A, 0xFF, 0xC1, 0x00, 0x00, 0x00, 0x00, 0x15, 0xF9, 0xF6, 0x0F, 0xAB, 0xFF,
    0x5D, 0x00, 0x00, 0x00, 0x00, 0x00, 0xA8, 0xFF, 0x67, 0x00, 0x00, 0x00, 0x00, 0x00, 0x0E, 0xE0,
    0xC1, 0x09, 0x00, 0x00, 0x00, 0x00, 0x00, 0x00, 0x11, 0xF2, 0x3D, 0x00, 0x00, 0x15, 0xDD, 0xF9,
    0x56, 0xC0, 0xD9, 0x0E, 0x00, 0x08, 0xC5, 0x7D, 0x36, 0xE4, 0x3A, 0x00, 0x00, 0x00, 0x00, 0x00,
    0x00, 0x00, 0x00, 0x00, 0x00, 0x00, 0x00, 0x3C, 0xB4, 0xE7, 0xF5, 0xCD, 0x44, 0x00, 0x00, 0x00,
    0x9F, 0xB3, 0x71, 0x77, 0xEF, 0xF1, 0x12, 0x00, 0x00, 0x18, 0x00, 0x00, 0x00, 0x82, 0xFF, 0x43,
    0x00, 0x00, 0x1A, 0x81, 0xB8, 0xDB, 0xFA, 0xFF, 0x54, 0x00, 0x15, 0xEA, 0xE2, 0x7D, 0x56, 0x90,
    0xFF, 0x54, 0x00, 0x59, 0xFF, 0x61, 0x00, 0x00, 0x9C, 0xFF, 0x54, 0x00, 0x41, 0xFF, 0xD2, 0x6A,
    0x97, 0xE8, 0xFF, 0x54, 0x00, 0x00, 0x84, 0xEA, 0xF2, 0x99, 0x77, 0xFF, 0x54, 0x00, 0x00, 0x00,
    0x00, 0x00, 0x04, 0x00, 0x00, 0x0E, 0x00, 0x00, 0x00, 0x00, 0x00, 0x0A, 0xD6, 0xF3, 0x73, 0x40,
    0xD5, 0x00, 0x00, 0x00, 0x00, 0x00, 0x46, 0xB9, 0x20, 0xA9, 0xF1, 0x64, 0x00, 0x00, 0x00, 0x00,
    0x00, 0x00, 0x0B, 0xCE, 0xFA, 0x6D, 0x00, 0x00, 0x00, 0x00, 0x00, 0x00, 0x02, 0xB3, 0x91, 0x2B,
    0xDF, 0x4C, 0x00, 0x00, 0x00, 0x00, 0x00, 0x00, 0x00, 0x00, 0x00, 0x00, 0x00, 0x00, 0x00, 0x00,
    0x00, 0x00, 0x00, 0x00, 0xD8, 0xFF, 0x9F, 0x00, 0x00, 0x00, 0x00, 0x00, 0x00, 0x00, 0x3B, 0xFF,
    0xEE, 0xF4, 0x0C, 0x00, 0x00, 0x00, 0x00, 0x00, 0x00, 0x9D, 0xFC, 0x7A, 0xFF, 0x61, 0x00, 0x00,
    0x00, 0x00, 0x00, 0x0B, 0xF3, 0xBD, 0x17, 0xFD, 0xC2, 0x00, 0x00, 0x00, 0x00, 0x00, 0x61, 0xFF,
    0x6C, 0x00, 0xC3, 0xFF, 0x23, 0x00, 0x00, 0x00, 0x00, 0xC2, 0xFE, 0x1B, 0x00, 0x70, 0xFF, 0x83,
    0x00, 0x00, 0x00, 0x24, 0xFF, 0xC8, 0x00, 0x00, 0x1E, 0xFF, 0xE2, 0x02, 0x00, 0x00, 0x86, 0xFF,
    0xFF, 0xFF, 0xFF, 0xFF, 0xFF, 0xFF, 0x45, 0x00, 0x03, 0xE4, 0xFF, 0x8A, 0x84, 0x84, 0x84, 0xB0,
    0xFF, 0xA5, 0x00, 0x4A, 0xFF, 0xC1, 0x00, 0x00, 0x00, 0x00, 0x15, 0xF9, 0xF6, 0x0F, 0xAB, 0xFF,
    0x5D, 0x00, 0x00, 0x00, 0x00, 0x00, 0xA8, 0xFF, 0x67, 0x00, 0x00, 0x00, 0x04, 0x00, 0x00, 0x0E,
    0x00, 0x00, 0x08, 0xD3, 0xF4, 0x75, 0x3D, 0xD9, 0x00, 0x00, 0x42, 0xBD, 0x1F, 0xA7, 0xF1, 0x68,
    0x00, 0x00, 0x00, 0x00, 0x00, 0x00, 0x00, 0x00, 0x00, 0x00, 0x00, 0x00, 0xB2, 0xFF, 0x4C, 0x00,
    0x00, 0x00, 0x00, 0x44, 0xF5, 0xAC, 0xD9, 0x05, 0x00, 0x00, 0x03, 0xD3, 0x69, 0x08, 0xD1, 0x72,
    0x00, 0x00, 0x00, 0x00, 0x00, 0x00, 0x00, 0x00, 0x00, 0x00, 0x3C, 0xB4, 0xE7, 0xF5, 0xCD, 0x44,
    0x00, 0x00, 0x9F, 0xB3, 0x71, 0x77, 0xEF, 0xF1, 0x12, 0x00, 0x18, 0x00, 0x00, 0x00, 0x82, 0xFF,
    0x43, 0x00, 0x1A, 0x81, 0xB8, 0xDB, 0xFA, 0xFF, 0x54, 0x15, 0xEA, 0xE2, 0x7D, 0x56, 0x90, 0xFF,
    0x54, 0x59, 0xFF, 0x61, 0x00, 0x00, 0x9C, 0xFF, 0x54, 0x41, 0xFF, 0xD2, 0x6A, 0x97, 0xE8, 0xFF,
    0x54, 0x00, 0x84, 0xEA, 0xF2, 0x99, 0x77, 0xFF, 0x54, 0x00, 0x00, 0x00, 0x00, 0xAF, 0xFF, 0x56,
    0x00, 0x00, 0x00, 0x00, 0x00, 0x00, 0x00, 0x44, 0xED, 0x82, 0xE1, 0x09, 0x00, 0x00, 0x00, 0x00,
    0x00, 0x04, 0xD4, 0x61, 0x02, 0xC4, 0x81, 0x00, 0x00, 0x00, 0x00, 0x00, 0x00, 0x00, 0x00, 0x00,
    0x00, 0x00, 0x00, 0x00, 0x00, 0x00, 0x00, 0x00, 0x00, 0xD8, 0xFF, 0x9F, 0x00, 0x00, 0x00, 0x00,
    0x00, 0x00, 0x00, 0x3B, 0xFF, 0xEE, 0xF4, 0x0C, 0x00, 0x00, 0x00, 0x00, 0x00, 0x00, 0x9D, 0xFC,
    0x7A, 0xFF, 0x61, 0x00, 0x00, 0x00, 0x00, 0x00, 0x0B, 0xF3, 0xBD, 0x17, 0xFD, 0xC2, 0x00, 0x00,
    0x00, 0x00, 0x00, 0x61, 0xFF, 0x6C, 0x00, 0xC3, 0xFF, 0x23, 0x00, 0x00, 0x00, 0x00, 0xC2, 0xFE,
    0x1B, 0x00, 0x70, 0xFF, 0x83, 0x00, 0x00, 0x00, 0x24, 0xFF, 0xC8, 0x00, 0x00, 0x1E, 0xFF, 0xE2,
    0x02, 0x00, 0x00, 0x86, 0xFF, 0xFF, 0xFF, 0xFF, 0xFF, 0xFF, 0xFF, 0x45, 0x00, 0x03, 0xE4, 0xFF,
    0x8A, 0x84, 0x84, 0x84, 0xB0, 0xFF, 0xA5, 0x00, 0x4A, 0xFF, 0xC1, 0x00, 0x00, 0x00, 0x00, 0x15,
    0xF9, 0xF6, 0x0F, 0xAB, 0xFF, 0x5D, 0x00, 0x00, 0x00, 0x00, 0x00, 0xA8, 0xFF, 0x67, 0x00, 0x00,
    0x00, 0x00, 0x00, 0x00, 0x00, 0x00, 0x00, 0x00, 0x00, 0x00, 0x00, 0x00, 0x00, 0x6D, 0xEC, 0x24,
    0x00, 0x00, 0x00, 0x00, 0x00, 0x00, 0x00, 0x00, 0x6C, 0xEC, 0x23, 0x00, 0x00, 0x00, 0x00, 0x00,
    0x00, 0x00, 0xC2, 0xFF, 0x42, 0x00, 0x00, 0x00, 0x00, 0x58, 0xE3, 0x8C, 0xD3, 0x03, 0x00, 0x00,
    0x0A, 0xE2, 0x4D, 0x06, 0xD4, 0x6D, 0x00, 0x00, 0x00, 0x00, 0x00, 0x00, 0x00, 0x00, 0x00, 0x00,
    0x3C, 0xB4, 0xE7, 0xF5, 0xCD, 0x44, 0x00, 0x00, 0x9F, 0xB3, 0x71, 0x77, 0xEF, 0xF1, 0x12, 0x00,
    0x18, 0x00, 0x00, 0x00, 0x82, 0xFF, 0x43, 0x00, 0x1A, 0x81, 0xB8, 0xDB, 0xFA, 0xFF, 0x54, 0x15,
    0xEA, 0xE2, 0x7D, 0x56, 0x90, 0xFF, 0x54, 0x59, 0xFF, 0x61, 0x00, 0x00, 0x9C, 0xFF, 0x54, 0x41,
    0xFF, 0xD2, 0x6A, 0x97, 0xE8, 0xFF, 0x54, 0x00, 0x84, 0xEA, 0xF2, 0x99, 0x77, 0xFF, 0x54, 0x00,
    0x00, 0x00, 0x00, 0x00, 0x00, 0x00, 0x00, 0x00, 0x00, 0x00, 0x93, 0xDF, 0x0B, 0x00, 0x00, 0x00,
    0x00, 0x00, 0x92, 0xDE, 0x0A, 0x00, 0x00, 0x00, 0x00, 0x00, 0x00, 0x00, 0x63, 0xF6, 0x3D, 0x00,
    0x00, 0x00, 0x00, 0x00, 0x00, 0x00, 0x22, 0xED, 0x49, 0x00, 0x00, 0x00, 0x00, 0x00, 0x00, 0x00,
    0xCC, 0x5E, 0x14, 0x9D, 0x84, 0x00, 0x00, 0x00, 0x00, 0x00, 0x00, 0x37, 0xD4, 0xF5, 0xAF, 0x0C,
    0x00, 0x00, 0x00, 0x00, 0x00, 0x00, 0x00, 0x00, 0x00, 0x00, 0x00, 0x00, 0x00, 0x00, 0x00, 0x00,
    0x00, 0x00, 0xD8, 0xFF, 0x9F, 0x00, 0x00, 0x00, 0x00, 0x00, 0x00, 0x00, 0x3B, 0xFF, 0xEE, 0xF4,
    0x0C, 0x00, 0x00, 0x00, 0x00, 0x00, 0x00, 0x9D, 0xFC, 0x7A, 0xFF, 0x61, 0x00, 0x00, 0x00, 0x00,
    0x00, 0x0B, 0xF3, 0xBD, 0x17, 0xFD, 0xC2, 0x00, 0x00, 0x00, 0x00, 0x00, 0x61, 0xFF, 0x6C, 0x00,
    0xC3, 0xFF, 0x23, 0x00, 0x00, 0x00, 0x00, 0xC2, 0xFE, 0x1B, 0x00, 0x70, 0xFF, 0x83, 0x00, 0x00,
    0x00, 0x24, 0xFF, 0xC8, 0x00, 0x00, 0x1E, 0xFF, 0xE2, 0x02, 0x00, 0x00, 0x86, 0xFF, 0xFF, 0xFF,
    0xFF, 0xFF, 0xFF, 0xFF, 0x45, 0x00, 0x03, 0xE4, 0xFF, 0x8A, 0x84, 0x84, 0x84, 0xB0, 0xFF, 0xA5,
    0x00, 0x4A, 0xFF, 0xC1, 0x00, 0x00, 0x00, 0x00, 0x15, 0xF9, 0xF6, 0x0F, 0xAB, 0xFF, 0x5D, 0x00,
    0x00, 0x00, 0x00, 0x00, 0xA8, 0xFF, 0x67, 0x00, 0x00, 0x00, 0x00, 0x00, 0x0C, 0x08, 0x00, 0x00,
    0x00, 0x00, 0x00, 0x63, 0xF5, 0x3B, 0x00, 0x00, 0x00, 0x0A, 0x1F, 0xE3, 0x4B, 0x08, 0x00, 0x00,
    0x00, 0xC1, 0x69, 0x14, 0x9A, 0x89, 0x00, 0x00, 0x00, 0x30, 0xD0, 0xF5, 0xB1, 0x0E, 0x00, 0x00,
    0x00, 0x00, 0x00, 0x00, 0x00, 0x00, 0x00, 0x00, 0x3C, 0xB4, 0xE7, 0xF5, 0xCD, 0x44, 0x00, 0x00,
    0x9F, 0xB3, 0x71, 0x77, 0xEF, 0xF1, 0x12, 0x00, 0x18, 0x00, 0x00, 0x00, 0x82, 0xFF, 0x43, 0x00,
    0x1A, 0x81, 0xB8, 0xDB, 0xFA, 0xFF, 0x54, 0x15, 0xEA, 0xE2, 0x7D, 0x56, 0x90, 0xFF, 0x54, 0x59,
    0xFF, 0x61, 0x00, 0x00, 0x9C, 0xFF, 0x54, 0x41, 0xFF, 0xD2, 0x6A, 0x97, 0xE8, 0xFF, 0x54, 0x00,
    0x84, 0xEA, 0xF2, 0x99, 0x77, 0xFF, 0x54, 0x00, 0x00, 0x00, 0x88, 0xF1, 0x1F, 0x00, 0x00, 0x00,
    0x00, 0x00, 0x00, 0x00, 0x00, 0x00, 0x97, 0xC2, 0x02, 0x00, 0x00, 0x00, 0x00, 0x00, 0x00, 0x00,
    0xD1, 0x56, 0x14, 0xA4, 0x7C, 0x00, 0x00, 0x00, 0x00, 0x00, 0x00, 0x33, 0xD2, 0xF5, 0xB1, 0x0D,
    0x00, 0x00, 0x00, 0x00, 0x00, 0x00, 0x00, 0x00, 0x00, 0x00, 0x00, 0x00, 0x00, 0x00, 0x00, 0x00,
    0x00, 0x00, 0xD8, 0xFF, 0x9F, 0x00, 0x00, 0x00, 0x00, 0x00, 0x00, 0x00, 0x3B, 0xFF, 0xEE, 0xF4,
    0x0C, 0x00, 0x00, 0x00, 0x00, 0x00, 0x00, 0x9D, 0xFC, 0x7A, 0xFF, 0x61, 0x00, 0x00, 0x00, 0x00,
    0x00, 0x0B, 0xF3, 0xBD, 0x17, 0xFD, 0xC2, 0x00, 0x00, 0x00, 0x00, 0x00, 0x61, 0xFF, 0x6C, 0x00,
    0xC3, 0xFF, 0x23, 0x00, 0x00, 0x00, 0x00, 0xC2, 0xFE, 0x1B, 0x00, 0x70, 0xFF, 0x83, 0x00, 0x00,
    0x00, 0x24, 0xFF, 0xC8, 0x00, 0x00, 0x1E, 0xFF, 0xE2, 0x02, 0x00, 0x00, 0x86, 0xFF, 0xFF, 0xFF,
    0xFF, 0xFF, 0xFF, 0xFF, 0x45, 0x00, 0x03, 0xE4, 0xFF, 0x8A, 0x84, 0x84, 0x84, 0xB0, 0xFF, 0xA5,
    0x00, 0x4A, 0xFF, 0xC1, 0x00, 0x00, 0x00, 0x00, 0x15, 0xF9, 0xF6, 0x0F, 0xAB, 0xFF, 0x5D, 0x00,
    0x00, 0x00, 0x00, 0x00, 0xA8, 0xFF, 0x67, 0x00, 0x00, 0x0A, 0x0A, 0x00, 0x00, 0x00, 0x00, 0x00,
    0x00, 0x5B, 0xFB, 0x40, 0x00, 0x00, 0x00, 0x00, 0x00, 0x09, 0x6B, 0xD5, 0x0F, 0x08, 0x00, 0x00,
    0x00, 0xA9, 0x7A, 0x13, 0x88, 0x9D, 0x00, 0x00, 0x00, 0x1E, 0xC2, 0xF5, 0xC0, 0x1B, 0x00, 0x00,
    0x00, 0x00, 0x00, 0x00, 0x00, 0x00, 0x00, 0x00, 0x3C, 0xB4, 0xE7, 0xF5, 0xCD, 0x44, 0x00, 0x00,
    0x9F, 0xB3, 0x71, 0x77, 0xEF, 0xF1, 0x12, 0x00, 0x18, 0x00, 0x00, 0x00, 0x82, 0xFF, 0x43, 0x00,
    0x1A, 0x81, 0xB8, 0xDB, 0xFA, 0xFF, 0x54, 0x15, 0xEA, 0xE2, 0x7D, 0x56, 0x90, 0xFF, 0x54, 0x59,
    0xFF, 0x61, 0x00, 0x00, 0x9C, 0xFF, 0x54, 0x41, 0xFF, 0xD2, 0x6A, 0x97, 0xE8, 0xFF, 0x54, 0x00,
    0x84, 0xEA, 0xF2, 0x99, 0x77, 0xFF, 0x54, 0x00, 0x00, 0x00, 0x00, 0x69, 0xE2, 0x87, 0x00, 0x00,
    0x00, 0x00, 0x00, 0x00, 0x00, 0x00, 0x11, 0xA3, 0x92, 0x00, 0x00, 0x00, 0x00, 0x00, 0x00, 0x00,
    0xC8, 0x62, 0x13, 0x9A, 0x88, 0x00, 0x00, 0x00, 0x00, 0x00, 0x00, 0x35, 0xD2, 0xF5, 0xB1, 0x0E,
    0x00, 0x00, 0x00, 0x00, 0x00, 0x00, 0x00, 0x00, 0x00, 0x00, 0x00, 0x00, 0x00, 0x00, 0x00, 0x00,
    0x00, 0x00, 0xD8, 0xFF, 0x9F, 0x00, 0x00, 0x00, 0x00, 0x00, 0x00, 0x00, 0x3B, 0xFF, 0xEE, 0xF4,
    0x0C, 0x00, 0x00, 0x00, 0x00, 0x00, 0x00, 0x9D, 0xFC, 0x7A, 0xFF, 0x61, 0x00, 0x00, 0x00, 0x00,
    0x00, 0x0B, 0xF3, 0xBD, 0x17, 0xFD, 0xC2, 0x00, 0x00, 0x00, 0x00, 0x00, 0x61, 0xFF, 0x6C, 0x00,
    0xC3, 0xFF, 0x23, 0x00, 0x00, 0x00, 0x00, 0xC2, 0xFE, 0x1B, 0x00, 0x70, 0xFF, 0x83, 0x00, 0x00,
    0x00, 0x24, 0xFF, 0xC8, 0x00, 0x00, 0x1E, 0xFF, 0xE2, 0x02, 0x00, 0x00, 0x86, 0xFF, 0xFF, 0xFF,
    0xFF, 0xFF, 0xFF, 0xFF, 0x45, 0x00, 0x03, 0xE4, 0xFF, 0x8A, 0x84, 0x84, 0x84, 0xB0, 0xFF, 0xA5,
    0x00, 0x4A, 0xFF, 0xC1, 0x00, 0x00, 0x00, 0x00, 0x15, 0xF9, 0xF6, 0x0F, 0xAB, 0xFF, 0x5D, 0x00,
    0x00, 0x00, 0x00, 0x00, 0xA8, 0xFF, 0x67, 0x00, 0x00, 0x00, 0x66, 0xE1, 0x67, 0x00, 0x00, 0x00,
    0x00, 0x00, 0x00, 0x6B, 0xD4, 0x00, 0x00, 0x00, 0x00, 0x0A, 0x29, 0xFE, 0x82, 0x08, 0x00, 0x00,
    0x00, 0xC1, 0x69, 0x14, 0x9A, 0x89, 0x00, 0x00, 0x00, 0x30, 0xD0, 0xF5, 0xB1, 0x0E, 0x00, 0x00,
    0x00, 0x00, 0x00, 0x00, 0x00, 0x00, 0x00, 0x00, 0x3C, 0xB4, 0xE7, 0xF5, 0xCD, 0x44, 0x00, 0x00,
    0x9F, 0xB3, 0x71, 0x77, 0xEF, 0xF1, 0x12, 0x00, 0x18, 0x00, 0x00, 0x00, 0x82, 0xFF, 0x43, 0x00,
    0x1A, 0x81, 0xB8, 0xDB, 0xFA, 0xFF, 0x54, 0x15, 0xEA, 0xE2, 0x7D, 0x56, 0x90, 0xFF, 0x54, 0x59,
    0xFF, 0x61, 0x00, 0x00, 0x9C, 0xFF, 0x54, 0x41, 0xFF, 0xD2, 0x6A, 0x97, 0xE8, 0xFF, 0x54, 0x00,
    0x84, 0xEA, 0xF2, 0x99, 0x77, 0xFF, 0x54, 0x00, 0x00, 0x00, 0x00, 0x04, 0x00, 0x00, 0x0E, 0x00,
    0x00, 0x00, 0x00, 0x00, 0x01, 0xC2, 0xF9, 0x84, 0x2D, 0xED, 0x00, 0x00, 0x00, 0x00, 0x00, 0x2A,
    0xD1, 0x1B, 0x99, 0xF2, 0x7D, 0x00, 0x00, 0x00, 0x00, 0x00, 0x00, 0xC5, 0x65, 0x1A, 0xA3, 0x89,
    0x00, 0x00, 0x00, 0x00, 0x00, 0x00, 0x33, 0xD1, 0xF5, 0xB3, 0x0F, 0x00, 0x00, 0x00, 0x00, 0x00,
    0x00, 0x00, 0x00, 0x00, 0x00, 0x00, 0x00, 0x00, 0x00, 0x00, 0x00, 0x00, 0x00, 0xD8, 0xFF, 0x9F,
    0x00, 0x00, 0x00, 0x00, 0x00, 0x00, 0x00, 0x3B, 0xFF, 0xEE, 0xF4, 0x0C, 0x00, 0x00, 0x00, 0x00,
    0x00, 0x00, 0x9D, 0xFC, 0x7A, 0xFF, 0x61, 0x00, 0x00, 0x00, 0x00, 0x00, 0x0B, 0xF3, 0xBD, 0x17,
    0xFD, 0xC2, 0x00, 0x00, 0x00, 0x00, 0x00, 0x61, 0xFF, 0x6C, 0x00, 0xC3, 0xFF, 0x23, 0x00, 0x00,
    0x00, 0x00, 0xC2, 0xFE, 0x1B, 0x00, 0x70, 0xFF, 0x83, 0x00, 0x00, 0x00, 0x24, 0xFF, 0xC8, 0x00,
    0x00, 0x1E, 0xFF, 0xE2, 0x02, 0x00, 0x00, 0x86, 0xFF, 0xFF, 0xFF, 0xFF, 0xFF, 0xFF, 0xFF, 0x45,
    0x00, 0x03, 0xE4, 0xFF, 0x8A, 0x84, 0x84, 0x84, 0xB0, 0xFF, 0xA5, 0x00, 0x4A, 0xFF, 0xC1, 0x00,
    0x00, 0x00, 0x00, 0x15, 0xF9, 0xF6, 0x0F, 0xAB, 0xFF, 0x5D, 0x00, 0x00, 0x00, 0x00, 0x00, 0xA8,
    0xFF, 0x67, 0x00, 0x00, 0x02, 0x0C, 0x00, 0x00, 0x19, 0x00, 0x00, 0x06, 0xD5, 0xFA, 0x89, 0x3F,
    0xE2, 0x00, 0x00, 0x34, 0xBB, 0x12, 0x94, 0xE5, 0x69, 0x00, 0x00, 0x00, 0x0B, 0x00, 0x00, 0x04,
    0x07, 0x00, 0x00, 0x00, 0xCE, 0x5D, 0x1C, 0xB0, 0x7B, 0x00, 0x00, 0x00, 0x37, 0xD4, 0xF4, 0xAA,
    0x0A, 0x00, 0x00, 0x00, 0x00, 0x00, 0x00, 0x00, 0x00, 0x00, 0x00, 0x3C, 0xB4, 0xE7, 0xF5, 0xCD,
    0x44, 0x00, 0x00, 0x9F, 0xB3, 0x71, 0x77, 0xEF, 0xF1, 0x12, 0x00, 0x18, 0x00, 0x00, 0x00, 0x82,
    0xFF, 0x43, 0x00, 0x1A, 0x81, 0xB8, 0xDB, 0xFA, 0xFF, 0x54, 0x15, 0xEA, 0xE2, 0x7D, 0x56, 0x90,
    0xFF, 0x54, 0x59, 0xFF, 0x61, 0x00, 0x00, 0x9C, 0xFF, 0x54, 0x41, 0xFF, 0xD2, 0x6A, 0x97, 0xE8,
    0xFF, 0x54, 0x00, 0x84, 0xEA, 0xF2, 0x99, 0x77, 0xFF, 0x54, 0x00, 0x00, 0x00, 0xDF, 0x55, 0x0E,
    0xA0, 0x95, 0x00, 0x00, 0x00, 0x00, 0x00, 0x00, 0x3F, 0xD6, 0xF5, 0xB3, 0x12, 0x00, 0x00, 0x00,
    0x00, 0x00, 0x00, 0x00, 0x00, 0x00, 0x00, 0x00, 0x00, 0x00, 0x00, 0x00, 0x00, 0x00, 0x00, 0xD8,
    0xFF, 0x9F, 0x00, 0x00, 0x00, 0x00, 0x00, 0x00, 0x00, 0x3B, 0xFF, 0xEE, 0xF4, 0x0C, 0x00, 0x00,
    0x00, 0x00, 0x00, 0x00, 0x9D, 0xFC, 0x7A, 0xFF, 0x61, 0x00, 0x00, 0x00, 0x00, 0x00, 0x0B, 0xF3,
    0xBD, 0x17, 0xFD, 0xC2, 0x00, 0x00, 0x00, 0x00, 0x00, 0x61, 0xFF, 0x6C, 0x00, 0xC3, 0xFF, 0x23,
    0x00, 0x00, 0x00, 0x00, 0xC2, 0xFE, 0x1B, 0x00, 0x70, 0xFF, 0x83, 0x00, 0x00, 0x00, 0x24, 0xFF,
    0xC8, 0x00, 0x00, 0x1E, 0xFF, 0xE2, 0x02, 0x00, 0x00, 0x86, 0xFF, 0xFF, 0xFF, 0xFF, 0xFF, 0xFF,
    0xFF, 0x45, 0x00, 0x03, 0xE4, 0xFF, 0x8A, 0x84, 0x84, 0x84, 0xB0, 0xFF, 0xA5, 0x00, 0x4A, 0xFF,
    0xC1, 0x00, 0x00, 0x00, 0x00, 0x15, 0xF9, 0xF6, 0x0F, 0xAB, 0xFF, 0x5D, 0x00, 0x00, 0x00, 0x00,
    0x00, 0xA8, 0xFF, 0x67, 0x00, 0x00, 0x00, 0x00, 0x00, 0x00, 0x00, 0x00, 0x00, 0x00, 0x00, 0x00,
    0x00, 0x00, 0x00, 0x6D, 0xEC, 0x24, 0x00, 0x00, 0x00, 0x00, 0x00, 0x00, 0x00, 0x00, 0x6C, 0xEC,
    0x23, 0x00, 0x00, 0x00, 0x00, 0x00, 0x01, 0xE9, 0x4A, 0x0F, 0xAA, 0x89, 0x00, 0x00, 0x00, 0x47,
    0xDA, 0xF4, 0xAD, 0x0D, 0x00, 0x00, 0x00, 0x00, 0x00, 0x00, 0x00, 0x00, 0x00, 0x00, 0x3C, 0xB4,
    0xE7, 0xF5, 0xCD, 0x44, 0x00, 0x00, 0x9F, 0xB3, 0x71, 0x77, 0xEF, 0xF1, 0x12, 0x00, 0x18, 0x00,
    0x00, 0x00, 0x82, 0xFF, 0x43, 0x00, 0x1A, 0x81, 0xB8, 0xDB, 0xFA, 0xFF, 0x54, 0x15, 0xEA, 0xE2,
    0x7D, 0x56, 0x90, 0xFF, 0x54, 0x59, 0xFF, 0x61, 0x00, 0x00, 0x9C, 0xFF, 0x54, 0x41, 0xFF, 0xD2,
    0x6A, 0x97, 0xE8, 0xFF, 0x54, 0x00, 0x84, 0xEA, 0xF2, 0x99, 0x77, 0xFF, 0x54, 0x00, 0x00, 0x00,
    0x00, 0x00, 0x00, 0x00, 0x00, 0x00, 0x00, 0x00, 0x93, 0xDF, 0x0B, 0x00, 0x00, 0x00, 0x00, 0x00,
    0x92, 0xDE, 0x0A, 0x00, 0x00, 0x00, 0x9C, 0xFF, 0xFF, 0xFF, 0xFF, 0xFF, 0x6C, 0x00, 0x9C, 0xFF,
    0xAF, 0x94, 0x94, 0x94, 0x3E, 0x00, 0x9C, 0xFF, 0x40, 0x00, 0x00, 0x00, 0x00, 0x00, 0x9C, 0xFF,
    0x40, 0x00, 0x00, 0x00, 0x00, 0x00, 0x9C, 0xFF, 0x40, 0x00, 0x00, 0x00, 0x00, 0x00, 0x9C, 0xFF,
    0xFF, 0xFF, 0xFF, 0xFF, 0x18, 0x00, 0x9C, 0xFF, 0xAF, 0x94, 0x94, 0x94, 0x0D, 0x00, 0x9C, 0xFF,
    0x40, 0x00, 0x00, 0x00, 0x00, 0x00, 0x9C, 0xFF, 0x40, 0x00, 0x00, 0x00, 0x00, 0x00, 0x9C, 0xFF,
    0xAF, 0x94, 0x94, 0x94, 0x63, 0x00, 0x9C, 0xFF, 0xFF, 0xFF, 0xFF, 0xFF, 0xAC, 0x00, 0x00, 0x00,
    0x00, 0x00, 0x00, 0x00, 0x00, 0x00, 0x00, 0x00, 0x29, 0xED, 0x67, 0x00, 0x00, 0x00, 0x00, 0x00,
    0x29, 0xED, 0x65, 0x00, 0x00, 0x00, 0x00, 0x6D, 0xDA, 0xF7, 0xD5, 0x66, 0x00, 0x00, 0x00, 0x84,
    0xFF, 0xA4, 0x62, 0xA8, 0xFF, 0x5B, 0x00, 0x14, 0xFA, 0xB3, 0x00, 0x00, 0x02, 0xE4, 0xC7, 0x00,
    0x48, 0xFF, 0xFF, 0xFF, 0xFF, 0xFF, 0xFF, 0xEB, 0x00, 0x42, 0xFF, 0xB0, 0x48, 0x48, 0x48, 0x48,
    0x44, 0x00, 0x19, 0xFE, 0xD6, 0x06, 0x00, 0x00, 0x00, 0x00, 0x00, 0x00, 0x9B, 0xFF, 0xCE, 0x76,
    0x74, 0xAA, 0x4E, 0x00, 0x00, 0x09, 0x8D, 0xE5, 0xFA, 0xE5, 0xAC, 0x23, 0x00, 0x00, 0x00, 0x00,
    0x00, 0x00, 0x00, 0x00, 0x00, 0x00, 0x00, 0x00, 0x00, 0x3C, 0xF0, 0x51, 0x00, 0x00, 0x00, 0x00,
    0x00, 0x00, 0x3B, 0xF0, 0x4F, 0x00, 0x00, 0x00, 0x00, 0x00, 0x00, 0x6E, 0xE3, 0x60, 0x00, 0x00,
    0x00, 0x00, 0x00, 0x01, 0x73, 0xCC, 0x00, 0x00, 0x00, 0x00, 0x00, 0x30, 0xFD, 0x79, 0x00, 0x00,
    0x00, 0x00, 0x00, 0x00, 0x00, 0x00, 0x00, 0x00, 0x00, 0x9C, 0xFF, 0xFF, 0xFF, 0xFF, 0xFF, 0x6C,
    0x00, 0x9C, 0xFF, 0xAF, 0x94, 0x94, 0x94, 0x3E, 0x00, 0x9C, 0xFF, 0x40, 0x00, 0x00, 0x00, 0x00,
    0x00, 0x9C, 0xFF, 0x40, 0x00, 0x00, 0x00, 0x00, 0x00, 0x9C, 0xFF, 0x40, 0x00, 0x00, 0x00, 0x00,
    0x00, 0x9C, 0xFF, 0xFF, 0xFF, 0xFF, 0xFF, 0x18, 0x00, 0x9C, 0xFF, 0xAF, 0x94, 0x94, 0x94, 0x0D,
    0x00, 0x9C, 0xFF, 0x40, 0x00, 0x00, 0x00, 0x00, 0x00, 0x9C, 0xFF, 0x40, 0x00, 0x00, 0x00, 0x00,
    0x00, 0x9C, 0xFF, 0xAF, 0x94, 0x94, 0x94, 0x63, 0x00, 0x9C, 0xFF, 0xFF, 0xFF, 0xFF, 0xFF, 0xAC,
    0x00, 0x00, 0x00, 0x6B, 0xE3, 0x66, 0x00, 0x00, 0x00, 0x00, 0x00, 0x00, 0x00, 0x6F, 0xD1, 0x00,
    0x00, 0x00, 0x00, 0x00, 0x00, 0x2C, 0xFD, 0x7D, 0x00, 0x00, 0x00, 0x00, 0x00, 0x00, 0x00, 0x00,
    0x00, 0x00, 0x00, 0x00, 0x00, 0x00, 0x6D, 0xDA, 0xF7, 0xD5, 0x66, 0x00, 0x00, 0x00, 0x84, 0xFF,
    0xA4, 0x62, 0xA8, 0xFF, 0x5B, 0x00, 0x14, 0xFA, 0xB3, 0x00, 0x00, 0x02, 0xE4, 0xC7, 0x00, 0x48,
    0xFF, 0xFF, 0xFF, 0xFF, 0xFF, 0xFF, 0xEB, 0x00, 0x42, 0xFF, 0xB0, 0x48, 0x48, 0x48, 0x48, 0x44,
    0x00, 0x19, 0xFE, 0xD6, 0x06, 0x00, 0x00, 0x00, 0x00, 0x00, 0x00, 0x9B, 0xFF, 0xCE, 0x76, 0x74,
    0xAA, 0x4E, 0x00, 0x00, 0x09, 0x8D, 0xE5, 0xFA, 0xE5, 0xAC, 0x23, 0x00, 0x00, 0x00, 0x93, 0xF2,
    0x9E, 0x3F, 0xE6, 0x19, 0x00, 0x0C, 0xE9, 0x44, 0x9F, 0xF2, 0x9C, 0x00, 0x00, 0x00, 0x00, 0x00,
    0x00, 0x00, 0x00, 0x00, 0x00, 0x9C, 0xFF, 0xFF, 0xFF, 0xFF, 0xFF, 0x6C, 0x00, 0x9C, 0xFF, 0xAF,
    0x94, 0x94, 0x94, 0x3E, 0x00, 0x9C, 0xFF, 0x40, 0x00, 0x00, 0x00, 0x00, 0x00, 0x9C, 0xFF, 0x40,
    0x00, 0x00, 0x00, 0x00, 0x00, 0x9C, 0xFF, 0x40, 0x00, 0x00, 0x00, 0x00, 0x00, 0x9C, 0xFF, 0xFF,
    0xFF, 0xFF, 0xFF, 0x18, 0x00, 0x9C, 0xFF, 0xAF, 0x94, 0x94, 0x94, 0x0D, 0x00, 0x9C, 0xFF, 0x40,
    0x00, 0x00, 0x00, 0x00, 0x00, 0x9C, 0xFF, 0x40, 0x00, 0x00, 0x00, 0x00, 0x00, 0x9C, 0xFF, 0xAF,
    0x94, 0x94, 0x94, 0x63, 0x00, 0x9C, 0xFF, 0xFF, 0xFF, 0xFF, 0xFF, 0xAC, 0x00, 0x00, 0xAC, 0xF0,
    0x90, 0x41, 0xF2, 0x03, 0x00, 0x00, 0x27, 0xD8, 0x46, 0xAD, 0xF3, 0x83, 0x00, 0x00, 0x00, 0x00,
    0x00, 0x00, 0x00, 0x00, 0x00, 0x00, 0x00, 0x00, 0x00, 0x6D, 0xDA, 0xF7, 0xD5, 0x66, 0x00, 0x00,
    0x00, 0x84, 0xFF, 0xA4, 0x62, 0xA8, 0xFF, 0x5B, 0x00, 0x14, 0xFA, 0xB3, 0x00, 0x00, 0x02, 0xE4,
    0xC7, 0x00, 0x48, 0xFF, 0xFF, 0xFF, 0xFF, 0xFF, 0xFF, 0xEB, 0x00, 0x42, 0xFF, 0xB0, 0x48, 0x48,
    0x48, 0x48, 0x44, 0x00, 0x19, 0xFE, 0xD6, 0x06, 0x00, 0x00, 0x00, 0x00, 0x00, 0x00, 0x9B, 0xFF,
    0xCE, 0x76, 0x74, 0xAA, 0x4E, 0x00, 0x00, 0x09, 0x8D, 0xE5, 0xFA, 0xE5, 0xAC, 0x23, 0x00, 0x00,
    0x00, 0x00, 0x00, 0x00, 0x00, 0x00, 0xA3, 0xDC, 0x19, 0x00, 0x00, 0x00, 0xA2, 0xFA, 0xA0, 0x56,
    0xE4, 0x20, 0x00, 0x00, 0x00, 0x81, 0xBC, 0x1D, 0xC5, 0x7D, 0x00, 0x00, 0x00, 0x00, 0x00, 0x00,
    0x00, 0x00, 0x00, 0x00, 0x00, 0x00, 0x00, 0x00, 0x9C, 0xFF, 0xFF, 0xFF, 0xFF, 0xFF, 0x6C, 0x00,
    0x00, 0x00, 0x9C, 0xFF, 0xAF, 0x94, 0x94, 0x94, 0x3E, 0x00, 0x00, 0x00, 0x9C, 0xFF, 0x40, 0x00,
    0x00, 0x00, 0x00, 0x00, 0x00, 0x00, 0x9C, 0xFF, 0x40, 0x00, 0x00, 0x00, 0x00, 0x00, 0x00, 0x00,
    0x9C, 0xFF, 0x40, 0x00, 0x00, 0x00, 0x00, 0x00, 0x00, 0x00, 0x9C, 0xFF, 0xFF, 0xFF, 0xFF, 0xFF,
    0x18, 0x00, 0x00, 0x00, 0x9C, 0xFF, 0xAF, 0x94, 0x94, 0x94, 0x0D, 0x00, 0x00, 0x00, 0x9C, 0xFF,
    0x40, 0x00, 0x00, 0x00, 0x00, 0x00, 0x00, 0x00, 0x9C, 0xFF, 0x40, 0x00, 0x00, 0x00, 0x00, 0x00,
    0x00, 0x00, 0x9C, 0xFF, 0xAF, 0x94, 0x94, 0x94, 0x63, 0x00, 0x00, 0x00, 0x9C, 0xFF, 0xFF, 0xFF,
    0xFF, 0xFF, 0xAC, 0x00, 0x00, 0x00, 0x00, 0x00, 0x00, 0x00, 0x00, 0x01, 0xBC, 0xCC, 0x0E, 0x00,
    0x00, 0x04, 0xBA, 0xFA, 0x85, 0x72, 0xD5, 0x13, 0x00, 0x00, 0x00, 0x9C, 0xA7, 0x21, 0xD6, 0x62,
    0x00, 0x00, 0x00, 0x00, 0x00, 0x00, 0x00, 0x00, 0x00, 0x00, 0x00, 0x00, 0x00, 0x00, 0x00, 0x6D,
    0xDA, 0xF7, 0xD5, 0x66, 0x00, 0x00, 0x00, 0x00, 0x84, 0xFF, 0xA4, 0x62, 0xA8, 0xFF, 0x5B, 0x00,
    0x00, 0x14, 0xFA, 0xB3, 0x00, 0x00, 0x02, 0xE4, 0xC7, 0x00, 0x00, 0x48, 0xFF, 0xFF, 0xFF, 0xFF,
    0xFF, 0xFF, 0xEB, 0x00, 0x00, 0x42, 0xFF, 0xB0, 0x48, 0x48, 0x48, 0x48, 0x44, 0x00, 0x00, 0x19,
    0xFE, 0xD6, 0x06, 0x00, 0x00, 0x00, 0x00, 0x00, 0x00, 0x00, 0x9B, 0xFF, 0xCE, 0x76, 0x74, 0xAA,
    0x4E, 0x00, 0x00, 0x00, 0x09, 0x8D, 0xE5, 0xFA, 0xE5, 0xAC, 0x23, 0x00, 0x00, 0x11, 0xD2, 0xB1,
    0x00, 0x00, 0x00, 0x00, 0x00, 0x00, 0x00, 0x18, 0xDB, 0x65, 0x90, 0xFA, 0xB3, 0x03, 0x00, 0x00,
    0x00, 0x00, 0x6C, 0xD2, 0x1F, 0xAE, 0x94, 0x00, 0x00, 0x00, 0x00, 0x00, 0x00, 0x00, 0x00, 0x00,
    0x00, 0x00, 0x00, 0x9C, 0xFF, 0xFF, 0xFF, 0xFF, 0xFF, 0x6C, 0x00, 0x00, 0x9C, 0xFF, 0xAF, 0x94,
    0x94, 0x94, 0x3E, 0x00, 0x00, 0x9C, 0xFF, 0x40, 0x00, 0x00, 0x00, 0x00, 0x00, 0x00, 0x9C, 0xFF,
    0x40, 0x00, 0x00, 0x00, 0x00, 0x00, 0x00, 0x9C, 0xFF, 0x40, 0x00, 0x00, 0x00, 0x00, 0x00, 0x00,
    0x9C, 0xFF, 0xFF, 0xFF, 0xFF, 0xFF, 0x18, 0x00, 0x00, 0x9C, 0xFF, 0xAF, 0x94, 0x94, 0x94, 0x0D,
    0x00, 0x00, 0x9C, 0xFF, 0x40, 0x00, 0x00, 0x00, 0x00, 0x00, 0x00, 0x9C, 0xFF, 0x40, 0x00, 0x00,
    0x00, 0x00, 0x00, 0x00, 0x9C, 0xFF, 0xAF, 0x94, 0x94, 0x94, 0x63, 0x00, 0x00, 0x9C, 0xFF, 0xFF,
    0xFF, 0xFF, 0xFF, 0xAC, 0x10, 0xD0, 0xB4, 0x00, 0x00, 0x00, 0x00, 0x00, 0x00, 0x00, 0x00, 0x16,
    0xD9, 0x69, 0x8C, 0xFA, 0xB6, 0x03, 0x00, 0x00, 0x00, 0x00, 0x00, 0x69, 0xD4, 0x20, 0xAA, 0x98,
    0x00, 0x00, 0x00, 0x00, 0x00, 0x00, 0x00, 0x00, 0x00, 0x00, 0x00, 0x00, 0x00, 0x00, 0x00, 0x6D,
    0xDA, 0xF7, 0xD5, 0x66, 0x00, 0x00, 0x00, 0x00, 0x84, 0xFF, 0xA4, 0x62, 0xA8, 0xFF, 0x5B, 0x00,
    0x00, 0x14, 0xFA, 0xB3, 0x00, 0x00, 0x02, 0xE4, 0xC7, 0x00, 0x00, 0x48, 0xFF, 0xFF, 0xFF, 0xFF,
    0xFF, 0xFF, 0xEB, 0x00, 0x00, 0x42, 0xFF, 0xB0, 0x48, 0x48, 0x48, 0x48, 0x44, 0x00, 0x00, 0x19,
    0xFE, 0xD6, 0x06, 0x00, 0x00, 0x00, 0x00, 0x00, 0x00, 0x00, 0x9B, 0xFF, 0xCE, 0x76, 0x74, 0xAA,
    0x4E, 0x00, 0x00, 0x00, 0x09, 0x8D, 0xE5, 0xFA, 0xE5, 0xAC, 0x23, 0x00, 0x00, 0x00, 0x00, 0x00,
    0x00, 0x00, 0x9D, 0xE0, 0x3B, 0x00, 0x00, 0x00, 0x00, 0x00, 0x00, 0x04, 0xA7, 0x95, 0x00, 0x00,
    0x00, 0x9A, 0xFA, 0xAB, 0x69, 0xF6, 0x48, 0x00, 0x00, 0x76, 0xC4, 0x1D, 0xBD, 0x89, 0x00, 0x00,
    0x00, 0x00, 0x00, 0x00, 0x00, 0x00, 0x00, 0x00, 0x00, 0x00, 0x9C, 0xFF, 0xFF, 0xFF, 0xFF, 0xFF,
    0x6C, 0x00, 0x00, 0x9C, 0xFF, 0xAF, 0x94, 0x94, 0x94, 0x3E, 0x00, 0x00, 0x9C, 0xFF, 0x40, 0x00,
    0x00, 0x00, 0x00, 0x00, 0x00, 0x9C, 0xFF, 0x40, 0x00, 0x00, 0x00, 0x00, 0x00, 0x00, 0x9C, 0xFF,
    0x40, 0x00, 0x00, 0x00, 0x00, 0x00, 0x00, 0x9C, 0xFF, 0xFF, 0xFF, 0xFF, 0xFF, 0x18, 0x00, 0x00,
    0x9C, 0xFF, 0xAF, 0x94, 0x94, 0x94, 0x0D, 0x00, 0x00, 0x9C, 0xFF, 0x40, 0x00, 0x00, 0x00, 0x00,
    0x00, 0x00, 0x9C, 0xFF, 0x40, 0x00, 0x00, 0x00, 0x00, 0x00, 0x00, 0x9C, 0xFF, 0xAF, 0x94, 0x94,
    0x94, 0x63, 0x00, 0x00, 0x9C, 0xFF, 0xFF, 0xFF, 0xFF, 0xFF, 0xAC, 0x00, 0x00, 0x00, 0x00, 0x00,
    0x00, 0x00, 0x8C, 0xE4, 0x49, 0x00, 0x00, 0x00, 0x00, 0x00, 0x00, 0x03, 0x95, 0xA9, 0x00, 0x00,
    0x00, 0x87, 0xFA, 0xBC, 0x59, 0xF9, 0x59, 0x00, 0x00, 0x62, 0xD1, 0x1F, 0xAF, 0x9C, 0x00, 0x00,
    0x00, 0x00, 0x00, 0x00, 0x00, 0x00, 0x00, 0x00, 0x00, 0x00, 0x00, 0x6D, 0xDA, 0xF7, 0xD5, 0x66,
    0x00, 0x00, 0x00, 0x84, 0xFF, 0xA4, 0x62, 0xA8, 0xFF, 0x5B, 0x00, 0x14, 0xFA, 0xB3, 0x00, 0x00,
    0x02, 0xE4, 0xC7, 0x00, 0x48, 0xFF, 0xFF, 0xFF, 0xFF, 0xFF, 0xFF, 0xEB, 0x00, 0x42, 0xFF, 0xB0,
    0x48, 0x48, 0x48, 0x48, 0x44, 0x00, 0x19, 0xFE, 0xD6, 0x06, 0x00, 0x00, 0x00, 0x00, 0x00, 0x00,
    0x9B, 0xFF, 0xCE, 0x76, 0x74, 0xAA, 0x4E, 0x00, 0x00, 0x09, 0x8D, 0xE5, 0xFA, 0xE5, 0xAC, 0x23,
    0x00, 0x00, 0x00, 0x00, 0x04, 0x00, 0x00, 0x0D, 0x01, 0x00, 0x00, 0xAC, 0xFC, 0x94, 0x28, 0xEC,
    0x0B, 0x00, 0x12, 0xE5, 0x1A, 0x8A, 0xF1, 0x93, 0x00, 0x00, 0x00, 0x00, 0xA5, 0xFA, 0xA0, 0x00,
    0x00, 0x00, 0x00, 0x82, 0xBB, 0x1D, 0xC6, 0x7D, 0x00, 0x00, 0x00, 0x00, 0x00, 0x00, 0x00, 0x00,
    0x00, 0x00, 0x9C, 0xFF, 0xFF, 0xFF, 0xFF, 0xFF, 0x6C, 0x00, 0x9C, 0xFF, 0xAF, 0x94, 0x94, 0x94,
    0x3E, 0x00, 0x9C, 0xFF, 0x40, 0x00, 0x00, 0x00, 0x00, 0x00, 0x9C, 0xFF, 0x40, 0x00, 0x00, 0x00,
    0x00, 0x00, 0x9C, 0xFF, 0x40, 0x00, 0x00, 0x00, 0x00, 0x00, 0x9C, 0xFF, 0xFF, 0xFF, 0xFF, 0xFF,
    0x18, 0x00, 0x9C, 0xFF, 0xAF, 0x94, 0x94, 0x94, 0x0D, 0x00, 0x9C, 0xFF, 0x40, 0x00, 0x00, 0x00,
    0x00, 0x00, 0x9C, 0xFF, 0x40, 0x00, 0x00, 0x00, 0x00, 0x00, 0x9C, 0xFF, 0xAF, 0x94, 0x94, 0x94,
    0x63, 0x00, 0x9C, 0xFF, 0xFF, 0xFF, 0xFF, 0xFF, 0xAC, 0x00, 0x00, 0x00, 0x04, 0x00, 0x00, 0x0D,
    0x01, 0x00, 0x00, 0x00, 0xB4, 0xFB, 0x8F, 0x28, 0xEF, 0x05, 0x00, 0x00, 0x1A, 0xDE, 0x1A, 0x90,
    0xF1, 0x8B, 0x00, 0x00, 0x00, 0x00, 0x00, 0x00, 0x00, 0x00, 0x00, 0x00, 0x00, 0x00, 0x00, 0x00,
    0x8A, 0xFF, 0x74, 0x00, 0x00, 0x00, 0x00, 0x00, 0x23, 0xF7, 0xA3, 0xF1, 0x16, 0x00, 0x00, 0x00,
    0x00, 0xAF, 0x91, 0x00, 0xB0, 0x9A, 0x00, 0x00, 0x00, 0x00, 0x00, 0x00, 0x00, 0x00, 0x00, 0x00,
    0x00, 0x00, 0x00, 0x6D, 0xDA, 0xF7, 0xD5, 0x66, 0x00, 0x00, 0x00, 0x84, 0xFF, 0xA4, 0x62, 0xA8,
    0xFF, 0x5B, 0x00, 0x14, 0xFA, 0xB3, 0x00, 0x00, 0x02, 0xE4, 0xC7, 0x00, 0x48, 0xFF, 0xFF, 0xFF,
    0xFF, 0xFF, 0xFF, 0xEB, 0x00, 0x42, 0xFF, 0xB0, 0x48, 0x48, 0x48, 0x48, 0x44, 0x00, 0x19, 0xFE,
    0xD6, 0x06, 0x00, 0x00, 0x00, 0x00, 0x00, 0x00, 0x9B, 0xFF, 0xCE, 0x76, 0x74, 0xAA, 0x4E, 0x00,
    0x00, 0x09, 0x8D, 0xE5, 0xFA, 0xE5, 0xAC, 0x23, 0x00, 0x00, 0x00, 0x00, 0x87, 0xFF, 0x7E, 0x00,
    0x00, 0x00, 0x00, 0x23, 0xF4, 0x75, 0xF5, 0x1D, 0x00, 0x00, 0x00, 0xB1, 0x89, 0x00, 0x9F, 0xA9,
    0x00, 0x00, 0x00, 0x00, 0x00, 0x00, 0x00, 0x00, 0x00, 0x00, 0x9C, 0xFF, 0xFF, 0xFF, 0xFF, 0xFF,
    0x6C, 0x00, 0x9C, 0xFF, 0xAF, 0x94, 0x94, 0x94, 0x3E, 0x00, 0x9C, 0xFF, 0x40, 0x00, 0x00, 0x00,
    0x00, 0x00, 0x9C, 0xFF, 0x40, 0x00, 0x00, 0x00, 0x00, 0x00, 0x9C, 0xFF, 0x40, 0x00, 0x00, 0x00,
    0x00, 0x00, 0x9C, 0xFF, 0xFF, 0xFF, 0xFF, 0xFF, 0x18, 0x00, 0x9C, 0xFF, 0xAF, 0x94, 0x94, 0x94,
    0x0D, 0x00, 0x9C, 0xFF, 0x40, 0x00, 0x00, 0x00, 0x00, 0x00, 0x9C, 0xFF, 0x40, 0x00, 0x00, 0x00,
    0x00, 0x00, 0x9C, 0xFF, 0xAF, 0x94, 0x94, 0x94, 0x63, 0x00, 0x9C, 0xFF, 0xFF, 0xFF, 0xFF, 0xFF,
    0xAC, 0x00, 0x00, 0x00, 0x00, 0x00, 0x00, 0x00, 0x00, 0x00, 0x00, 0x00, 0x2F, 0xEE, 0x60, 0x00,
    0x00, 0x00, 0x00, 0x00, 0x2F, 0xEE, 0x5D, 0x00, 0x00, 0x00, 0x00, 0x00, 0x8F, 0xFF, 0x76, 0x00,
    0x00, 0x00, 0x00, 0x00, 0x28, 0xF4, 0x76, 0xF2, 0x18, 0x00, 0x00, 0x00, 0x00, 0xB9, 0x81, 0x00,
    0xA7, 0xA1, 0x00, 0x00, 0x00, 0x00, 0x00, 0x00, 0x00, 0x00, 0x00, 0x00, 0x00, 0x00, 0x00, 0x6D,
    0xDA, 0xF7, 0xD5, 0x66, 0x00, 0x00, 0x00, 0x84, 0xFF, 0xA4, 0x62, 0xA8, 0xFF, 0x5B, 0x00, 0x14,
    0xFA, 0xB3, 0x00, 0x00, 0x02, 0xE4, 0xC7, 0x00, 0x48, 0xFF, 0xFF, 0xFF, 0xFF, 0xFF, 0xFF, 0xEB,
    0x00, 0x42, 0xFF, 0xB0, 0x48, 0x48, 0x48, 0x48, 0x44, 0x00, 0x19, 0xFE, 0xD6, 0x06, 0x00, 0x00,
    0x00, 0x00, 0x00, 0x00, 0x9B, 0xFF, 0xCE, 0x76, 0x74, 0xAA, 0x4E, 0x00, 0x00, 0x09, 0x8D, 0xE5,
    0xFA, 0xE5, 0xAC, 0x23, 0x00, 0x00, 0x00, 0x00, 0x00, 0x00, 0x00, 0x00, 0x00, 0x00, 0x00, 0x00,
    0x00, 0x2F, 0xEE, 0x60, 0x00, 0x00, 0x00, 0x00, 0x00, 0x00, 0x2F, 0xEE, 0x5D, 0x00, 0x00, 0x00,
    0x00, 0xA2, 0xDB, 0x34, 0x00, 0x00, 0x05, 0xAA, 0x90, 0x00, 0x00, 0x6C, 0xF6, 0x45, 0x00, 0x00,
    0x00, 0x00, 0x00, 0x00, 0x00, 0xA0, 0xFF, 0x4C, 0x00, 0x00, 0xA0, 0xFF, 0x4C, 0x00, 0x00, 0xA0,
    0xFF, 0x4C, 0x00, 0x00, 0xA0, 0xFF, 0x4C, 0x00, 0x00, 0xA0, 0xFF, 0x4C, 0x00, 0x00, 0xA0, 0xFF,
    0x4C, 0x00, 0x00, 0xA0, 0xFF, 0x4C, 0x00, 0x00, 0xA0, 0xFF, 0x4C, 0x00, 0x00, 0xA0, 0xFF, 0x4C,
    0x00, 0x00, 0xA0, 0xFF, 0x4C, 0x00, 0x00, 0xA0, 0xFF, 0x4C, 0x00, 0x00, 0xC2, 0xD2, 0x20, 0x00,
    0x09, 0xCB, 0x6D, 0x00, 0x90, 0xEC, 0x2A, 0x00, 0x00, 0x00, 0x00, 0x00, 0xD0, 0xFF, 0x00, 0x00,
    0xD0, 0xFF, 0x00, 0x00, 0xD0, 0xFF, 0x00, 0x00, 0xD0, 0xFF, 0x00, 0x00, 0xD0, 0xFF, 0x00, 0x00,
    0xD0, 0xFF, 0x00, 0x00, 0xD0, 0xFF, 0x00, 0x00, 0xD0, 0xFF, 0x00, 0x00, 0xA0, 0xFF, 0x4C, 0x00,
    0x00, 0xA0, 0xFF, 0x4C, 0x00, 0x00, 0xA0, 0xFF, 0x4C, 0x00, 0x00, 0xA0, 0xFF, 0x4C, 0x00, 0x00,
    0xA0, 0xFF, 0x4C, 0x00, 0x00, 0xA0, 0xFF, 0x4C, 0x00, 0x00, 0xA0, 0xFF, 0x4C, 0x00, 0x00, 0xA0,
    0xFF, 0x4C, 0x00, 0x00, 0xA0, 0xFF, 0x4C, 0x00, 0x00, 0xA0, 0xFF, 0x4C, 0x00, 0x00, 0xA0, 0xFF,
    0x4C, 0x00, 0x00, 0x00, 0x00, 0x00, 0x00, 0x00, 0x69, 0xED, 0x27, 0x00, 0x00, 0x68, 0xED, 0x26,
    0x00, 0x00, 0x01, 0x04, 0x00, 0x00, 0xC9, 0xEA, 0x14, 0x00, 0xBD, 0xDE, 0x11, 0x00, 0x00, 0x00,
    0x00, 0x00, 0x00, 0x00, 0x00, 0x00, 0xD0, 0xFF, 0x00, 0x00, 0xD0, 0xFF, 0x00, 0x00, 0xD0, 0xFF,
    0x00, 0x00, 0xD0, 0xFF, 0x00, 0x00, 0xD0, 0xFF, 0x00, 0x00, 0xD0, 0xFF, 0x00, 0x00, 0xD0, 0xFF,
    0x00, 0x00, 0xD0, 0xFF, 0x00, 0x00, 0x00, 0x00, 0x00, 0x00, 0xA6, 0xD5, 0x02, 0x00, 0xA6, 0xD3,
    0x02, 0x00, 0x00, 0x04, 0x68, 0xC6, 0xF1, 0xF8, 0xD7, 0x85, 0x0F, 0x00, 0x00, 0x00, 0x07, 0xBB,
    0xFF, 0xF4, 0xB6, 0xAE, 0xE6, 0xFF, 0xD9, 0x18, 0x00, 0x00, 0x8B, 0xFF, 0xC9, 0x16, 0x00, 0x00,
    0x06, 0x9E, 0xFF, 0xB4, 0x00, 0x08, 0xF5, 0xFA, 0x27, 0x00, 0x00, 0x00, 0x00, 0x0C, 0xE9, 0xFF,
    0x23, 0x3B, 0xFF, 0xC7, 0x00, 0x00, 0x00, 0x00, 0x00, 0x00, 0xA9, 0xFF, 0x59, 0x4F, 0xFF, 0xA9,
    0x00, 0x00, 0x00, 0x00, 0x00, 0x00, 0x8D, 0xFF, 0x66, 0x41, 0xFF, 0xC5, 0x00, 0x00, 0x00, 0x00,
    0x00, 0x00, 0xA8, 0xFF, 0x51, 0x0F, 0xFA, 0xF8, 0x20, 0x00, 0x00, 0x00, 0x00, 0x0C, 0xE7, 0xFD,
    0x19, 0x00, 0x9A, 0xFF, 0xBF, 0x0F, 0x00, 0x00, 0x0B, 0xA6, 0xFF, 0xA5, 0x00, 0x00, 0x0D, 0xC9,
    0xFF, 0xEE, 0xAE, 0xB5, 0xE9, 0xFF, 0xCE, 0x10, 0x00, 0x00, 0x00, 0x08, 0x76, 0xD0, 0xF6, 0xF6,
    0xD0, 0x78, 0x0A, 0x00, 0x00, 0x00, 0x00, 0x00, 0x00, 0x00, 0x00, 0x00, 0x00, 0x00, 0x00, 0x00,
    0x00, 0x00, 0x00, 0x00, 0x00, 0x00, 0xBA, 0xC4, 0x00, 0x00, 0x00, 0x00, 0x00, 0x00, 0x00, 0x00,
    0x00, 0x00, 0xB9, 0xC1, 0x00, 0x00, 0x00, 0x00, 0x00, 0x00, 0x00, 0x62, 0xCE, 0xF7, 0xF3, 0xBC,
    0x39, 0x00, 0x00, 0x00, 0x82, 0xFF, 0xD8, 0x84, 0x97, 0xF8, 0xF8, 0x32, 0x00, 0x14, 0xFA, 0xE3,
    0x0B, 0x00, 0x00, 0x5A, 0xFF, 0xAA, 0x00, 0x47, 0xFF, 0x97, 0x00, 0x00, 0x00, 0x0A, 0xFF, 0xDA,
    0x00, 0x4B, 0xFF, 0x95, 0x00, 0x00, 0x00, 0x09, 0xFE, 0xD8, 0x00, 0x1B, 0xFD, 0xE0, 0x0A, 0x00,
    0x00, 0x55, 0xFF, 0x9F, 0x00, 0x00, 0x93, 0xFF, 0xD5, 0x7F, 0x92, 0xF6, 0xF0, 0x24, 0x00, 0x00,
    0x02, 0x72, 0xD7, 0xFA, 0xEE, 0xAD, 0x28, 0x00, 0x00, 0x00, 0x00, 0x00, 0x00, 0x00, 0x00, 0x00,
    0x00, 0x00, 0x00, 0x00, 0x00, 0x00, 0x11, 0xE3, 0x89, 0x00, 0x00, 0x00, 0x00, 0x00, 0x00, 0x00,
    0x11, 0xE3, 0x87, 0x00, 0x00, 0x00, 0x00, 0x00, 0x00, 0x00, 0x00, 0x00, 0xB4, 0xD6, 0x28, 0x00,
    0x00, 0x00, 0x00, 0x00, 0x00, 0x00, 0x00, 0x00, 0x07, 0xBC, 0x7C, 0x00, 0x00, 0x00, 0x00, 0x00,
    0x00, 0x00, 0x00, 0x00, 0x80, 0xF1, 0x35, 0x00, 0x00, 0x00, 0x00, 0x00, 0x00, 0x00, 0x00, 0x00,
    0x00, 0x00, 0x00, 0x00, 0x00, 0x00, 0x00, 0x00, 0x00, 0x04, 0x68, 0xC6, 0xF1, 0xF8, 0xD7, 0x85,
    0x0F, 0x00, 0x00, 0x00, 0x07, 0xBB, 0xFF, 0xF4, 0xB6, 0xAE, 0xE6, 0xFF, 0xD9, 0x18, 0x00, 0x00,
    0x8B, 0xFF, 0xC9, 0x16, 0x00, 0x00, 0x06, 0x9E, 0xFF, 0xB4, 0x00, 0x08, 0xF5, 0xFA, 0x27, 0x00,
    0x00, 0x00, 0x00, 0x0C, 0xE9, 0xFF, 0x23, 0x3B, 0xFF, 0xC7, 0x00, 0x00, 0x00, 0x00, 0x00, 0x00,
    0xA9, 0xFF, 0x59, 0x4F, 0xFF, 0xA9, 0x00, 0x00, 0x00, 0x00, 0x00, 0x00, 0x8D, 0xFF, 0x66, 0x41,
    0xFF, 0xC5, 0x00, 0x00, 0x00, 0x00, 0x00, 0x00, 0xA8, 0xFF, 0x51, 0x0F, 0xFA, 0xF8, 0x20, 0x00,
    0x00, 0x00, 0x00, 0x0C, 0xE7, 0xFD, 0x19, 0x00, 0x9A, 0xFF, 0xBF, 0x0F, 0x00, 0x00, 0x0B, 0xA6,
    0xFF, 0xA5, 0x00, 0x00, 0x0D, 0xC9, 0xFF, 0xEE, 0xAE, 0xB5, 0xE9, 0xFF, 0xCE, 0x10, 0x00, 0x00,
    0x00, 0x08, 0x76, 0xD0, 0xF6, 0xF6, 0xD0, 0x78, 0x0A, 0x00, 0x00, 0x00, 0x00, 0x00, 0x23, 0xE1,
    0xAD, 0x03, 0x00, 0x00, 0x00, 0x00, 0x00, 0x00, 0x00, 0x1E, 0xFD, 0x25, 0x00, 0x00, 0x00, 0x00,
    0x00, 0x00, 0x00, 0xD8, 0xCA, 0x04, 0x00, 0x00, 0x00, 0x00, 0x00, 0x00, 0x00, 0x00, 0x00, 0x00,
    0x00, 0x00, 0x00, 0x00, 0x00, 0x62, 0xCE, 0xF7, 0xF3, 0xBC, 0x39, 0x00, 0x00, 0x00, 0x82, 0xFF,
    0xD8, 0x84, 0x97, 0xF8, 0xF8, 0x32, 0x00, 0x14, 0xFA, 0xE3, 0x0B, 0x00, 0x00, 0x5A, 0xFF, 0xAA,
    0x00, 0x47, 0xFF, 0x97, 0x00, 0x00, 0x00, 0x0A, 0xFF, 0xDA, 0x00, 0x4B, 0xFF, 0x95, 0x00, 0x00,
    0x00, 0x09, 0xFE, 0xD8, 0x00, 0x1B, 0xFD, 0xE0, 0x0A, 0x00, 0x00, 0x55, 0xFF, 0x9F, 0x00, 0x00,
    0x93, 0xFF, 0xD5, 0x7F, 0x92, 0xF6, 0xF0, 0x24, 0x00, 0x00, 0x02, 0x72, 0xD7, 0xFA, 0xEE, 0xAD,
    0x28, 0x00, 0x00, 0x00, 0x00, 0x00, 0x00, 0x00, 0x00, 0x00, 0x00, 0x13, 0xE6, 0x9D, 0x01, 0x00,
    0x00, 0x00, 0x00, 0x19, 0xE1, 0xF7, 0x4C, 0xAE, 0xAA, 0x02, 0x00, 0x00, 0x00, 0x00, 0x0B, 0xCC,
    0x71, 0x3E, 0xE4, 0x31, 0x00, 0x00, 0x00, 0x00, 0x00, 0x00, 0x00, 0x00, 0x00, 0x00, 0x00, 0x00,
    0x00, 0x00, 0x00, 0x00, 0x00, 0x04, 0x68, 0xC6, 0xF1, 0xF8, 0xD7, 0x85, 0x0F, 0x00, 0x00, 0x00,
    0x07, 0xBB, 0xFF, 0xF4, 0xB6, 0xAE, 0xE6, 0xFF, 0xD9, 0x18, 0x00, 0x00, 0x8B, 0xFF, 0xC9, 0x16,
    0x00, 0x00, 0x06, 0x9E, 0xFF, 0xB4, 0x00, 0x08, 0xF5, 0xFA, 0x27, 0x00, 0x00, 0x00, 0x00, 0x0C,
    0xE9, 0xFF, 0x23, 0x3B, 0xFF, 0xC7, 0x00, 0x00, 0x00, 0x00, 0x00, 0x00, 0xA9, 0xFF, 0x59, 0x4F,
    0xFF, 0xA9, 0x00, 0x00, 0x00, 0x00, 0x00, 0x00, 0x8D, 0xFF, 0x66, 0x41, 0xFF, 0xC5, 0x00, 0x00,
    0x00, 0x00, 0x00, 0x00, 0xA8, 0xFF, 0x51, 0x0F, 0xFA, 0xF8, 0x20, 0x00, 0x00, 0x00, 0x00, 0x0C,
    0xE7, 0xFD, 0x19, 0x00, 0x9A, 0xFF, 0xBF, 0x0F, 0x00, 0x00, 0x0B, 0xA6, 0xFF, 0xA5, 0x00, 0x00,
    0x0D, 0xC9, 0xFF, 0xEE, 0xAE, 0xB5, 0xE9, 0xFF, 0xCE, 0x10, 0x00, 0x00, 0x00, 0x08, 0x76, 0xD0,
    0xF6, 0xF6, 0xD0, 0x78, 0x0A, 0x00, 0x00, 0x00, 0x00, 0x00, 0x00, 0x00, 0x00, 0x00, 0x3D, 0xFB,
    0x60, 0x00, 0x00, 0x00, 0x41, 0xF4, 0xE8, 0x2E, 0xDF, 0x6D, 0x00, 0x00, 0x00, 0x29, 0xE1, 0x3E,
    0x70, 0xD4, 0x0F, 0x00, 0x00, 0x00, 0x00, 0x00, 0x00, 0x00, 0x00, 0x00, 0x00, 0x00, 0x00, 0x00,
    0x00, 0x62, 0xCE, 0xF7, 0xF3, 0xBC, 0x39, 0x00, 0x00, 0x00, 0x82, 0xFF, 0xD8, 0x84, 0x97, 0xF8,
    0xF8, 0x32, 0x00, 0x14, 0xFA, 0xE3, 0x0B, 0x00, 0x00, 0x5A, 0xFF, 0xAA, 0x00, 0x47, 0xFF, 0x97,
    0x00, 0x00, 0x00, 0x0A, 0xFF, 0xDA, 0x00, 0x4B, 0xFF, 0x95, 0x00, 0x00, 0x00, 0x09, 0xFE, 0xD8,
    0x00, 0x1B, 0xFD, 0xE0, 0x0A, 0x00, 0x00, 0x55, 0xFF, 0x9F, 0x00, 0x00, 0x93, 0xFF, 0xD5, 0x7F,
    0x92, 0xF6, 0xF0, 0x24, 0x00, 0x00, 0x02, 0x72, 0xD7, 0xFA, 0xEE, 0xAD, 0x28, 0x00, 0x00, 0x00,
    0x5E, 0xFB, 0x3C, 0x00, 0x00, 0x00, 0x00, 0x00, 0x00, 0x00, 0x00, 0x00, 0x00, 0x6D, 0xDE, 0x2D,
    0xE7, 0xF5, 0x43, 0x00, 0x00, 0x00, 0x00, 0x00, 0x00, 0x00, 0x0F, 0xD4, 0x73, 0x3C, 0xE1, 0x2C,
    0x00, 0x00, 0x00, 0x00, 0x00, 0x00, 0x00, 0x00, 0x00, 0x00, 0x00, 0x00, 0x00, 0x00, 0x00, 0x00,
    0x00, 0x04, 0x68, 0xC6, 0xF1, 0xF8, 0xD7, 0x85, 0x0F, 0x00, 0x00, 0x00, 0x07, 0xBB, 0xFF, 0xF4,
    0xB6, 0xAE, 0xE6, 0xFF, 0xD9, 0x18, 0x00, 0x00, 0x8B, 0xFF, 0xC9, 0x16, 0x00, 0x00, 0x06, 0x9E,
    0xFF, 0xB4, 0x00, 0x08, 0xF5, 0xFA, 0x27, 0x00, 0x00, 0x00, 0x00, 0x0C, 0xE9, 0xFF, 0x23, 0x3B,
    0xFF, 0xC7, 0x00, 0x00, 0x00, 0x00, 0x00, 0x00, 0xA9, 0xFF, 0x59, 0x4F, 0xFF, 0xA9, 0x00, 0x00,
    0x00, 0x00, 0x00, 0x00, 0x8D, 0xFF, 0x66, 0x41, 0xFF, 0xC5, 0x00, 0x00, 0x00, 0x00, 0x00, 0x00,
    0xA8, 0xFF, 0x51, 0x0F, 0xFA, 0xF8, 0x20, 0x00, 0x00, 0x00, 0x00, 0x0C, 0xE7, 0xFD, 0x19, 0x00,
    0x9A, 0xFF, 0xBF, 0x0F, 0x00, 0x00, 0x0B, 0xA6, 0xFF, 0xA5, 0x00, 0x00, 0x0D, 0xC9, 0xFF, 0xEE,
    0xAE, 0xB5, 0xE9, 0xFF, 0xCE, 0x10, 0x00, 0x00, 0x00, 0x08, 0x76, 0xD0, 0xF6, 0xF6, 0xD0, 0x78,
    0x0A, 0x00, 0x00, 0x01, 0x9F, 0xE3, 0x11, 0x00, 0x00, 0x00, 0x00, 0x00, 0x00, 0x00, 0x00, 0x03,
    0xAC, 0xA9, 0x4E, 0xF7, 0xE1, 0x19, 0x00, 0x00, 0x00, 0x00, 0x00, 0x00, 0x33, 0xE5, 0x3D, 0x72,
    0xCB, 0x0B, 0x00, 0x00, 0x00, 0x00, 0x00, 0x00, 0x00, 0x00, 0x00, 0x00, 0x00, 0x00, 0x00, 0x00,
    0x00, 0x00, 0x62, 0xCE, 0xF7, 0xF3, 0xBC, 0x39, 0x00, 0x00, 0x00, 0x00, 0x82, 0xFF, 0xD8, 0x84,
    0x97, 0xF8, 0xF8, 0x32, 0x00, 0x00, 0x14, 0xFA, 0xE3, 0x0B, 0x00, 0x00, 0x5A, 0xFF, 0xAA, 0x00,
    0x00, 0x47, 0xFF, 0x97, 0x00, 0x00, 0x00, 0x0A, 0xFF, 0xDA, 0x00, 0x00, 0x4B, 0xFF, 0x95, 0x00,
    0x00, 0x00, 0x09, 0xFE, 0xD8, 0x00, 0x00, 0x1B, 0xFD, 0xE0, 0x0A, 0x00, 0x00, 0x55, 0xFF, 0x9F,
    0x00, 0x00, 0x00, 0x93, 0xFF, 0xD5, 0x7F, 0x92, 0xF6, 0xF0, 0x24, 0x00, 0x00, 0x00, 0x02, 0x72,
    0xD7, 0xFA, 0xEE, 0xAD, 0x28, 0x00, 0x00, 0x00, 0x00, 0x00, 0x00, 0x00, 0x00, 0x00, 0x29, 0xE1,
    0xAB, 0x01, 0x00, 0x00, 0x00, 0x00, 0x00, 0x00, 0x00, 0x00, 0x00, 0x24, 0xFF, 0x1D, 0x00, 0x00,
    0x00, 0x00, 0x00, 0x25, 0xEB, 0xF4, 0x3C, 0xE0, 0xC4, 0x03, 0x00, 0x00, 0x00, 0x00, 0x13, 0xD7,
    0x60, 0x4C, 0xE3, 0x25, 0x00, 0x00, 0x00, 0x00, 0x00, 0x00, 0x00, 0x00, 0x00, 0x00, 0x00, 0x00,
    0x00, 0x00, 0x00, 0x00, 0x00, 0x04, 0x68, 0xC6, 0xF1, 0xF8, 0xD7, 0x85, 0x0F, 0x00, 0x00, 0x00,
    0x07, 0xBB, 0xFF, 0xF4, 0xB6, 0xAE, 0xE6, 0xFF, 0xD9, 0x18, 0x00, 0x00, 0x8B, 0xFF, 0xC9, 0x16,
    0x00, 0x00, 0x06, 0x9E, 0xFF, 0xB4, 0x00, 0x08, 0xF5, 0xFA, 0x27, 0x00, 0x00, 0x00, 0x00, 0x0C,
    0xE9, 0xFF, 0x23, 0x3B, 0xFF, 0xC7, 0x00, 0x00, 0x00, 0x00, 0x00, 0x00, 0xA9, 0xFF, 0x59, 0x4F,
    0xFF, 0xA9, 0x00, 0x00, 0x00, 0x00, 0x00, 0x00, 0x8D, 0xFF, 0x66, 0x41, 0xFF, 0xC5, 0x00, 0x00,
    0x00, 0x00, 0x00, 0x00, 0xA8, 0xFF, 0x51, 0x0F, 0xFA, 0xF8, 0x20, 0x00, 0x00, 0x00, 0x00, 0x0C,
    0xE7, 0xFD, 0x19, 0x00, 0x9A, 0xFF, 0xBF, 0x0F, 0x00, 0x00, 0x0B, 0xA6, 0xFF, 0xA5, 0x00, 0x00,
    0x0D, 0xC9, 0xFF, 0xEE, 0xAE, 0xB5, 0xE9, 0xFF, 0xCE, 0x10, 0x00, 0x00, 0x00, 0x08, 0x76, 0xD0,
    0xF6, 0xF6, 0xD0, 0x78, 0x0A, 0x00, 0x00, 0x00, 0x00, 0x00, 0x00, 0x00, 0x00, 0x56, 0xE5, 0x7E,
    0x00, 0x00, 0x00, 0x00, 0x00, 0x00, 0x00, 0x00, 0x57, 0xE9, 0x00, 0x00, 0x00, 0x00, 0x49, 0xF7,
    0xE5, 0x30, 0xFF, 0x93, 0x00, 0x00, 0x00, 0x2E, 0xE2, 0x39, 0x77, 0xCF, 0x0D, 0x00, 0x00, 0x00,
    0x00, 0x00, 0x00, 0x00, 0x00, 0x00, 0x00, 0x00, 0x00, 0x00, 0x00, 0x62, 0xCE, 0xF7, 0xF3, 0xBC,
    0x39, 0x00, 0x00, 0x00, 0x82, 0xFF, 0xD8, 0x84, 0x97, 0xF8, 0xF8, 0x32, 0x00, 0x14, 0xFA, 0xE3,
    0x0B, 0x00, 0x00, 0x5A, 0xFF, 0xAA, 0x00, 0x47, 0xFF, 0x97, 0x00, 0x00, 0x00, 0x0A, 0xFF, 0xDA,
    0x00, 0x4B, 0xFF, 0x95, 0x00, 0x00, 0x00, 0x09, 0xFE, 0xD8, 0x00, 0x1B, 0xFD, 0xE0, 0x0A, 0x00,
    0x00, 0x55, 0xFF, 0x9F, 0x00, 0x00, 0x93, 0xFF, 0xD5, 0x7F, 0x92, 0xF6, 0xF0, 0x24, 0x00, 0x00,
    0x02, 0x72, 0xD7, 0xFA, 0xEE, 0xAD, 0x28, 0x00, 0x00, 0x00, 0x00, 0x00, 0x00, 0x01, 0x03, 0x00,
    0x02, 0x0C, 0x00, 0x00, 0x00, 0x00, 0x00, 0x00, 0x1B, 0xE4, 0xEB, 0x60, 0x5B, 0xB5, 0x00, 0x00,
    0x00, 0x00, 0x00, 0x00, 0x66, 0x9C, 0x2A, 0xBA, 0xEE, 0x49, 0x00, 0x00, 0x00, 0x00, 0x00, 0x00,
    0x00, 0x18, 0xE1, 0xF8, 0x4F, 0x00, 0x00, 0x00, 0x00, 0x00, 0x00, 0x00, 0x0A, 0xCB, 0x74, 0x3D,
    0xE4, 0x34, 0x00, 0x00, 0x00, 0x00, 0x00, 0x00, 0x00, 0x00, 0x00, 0x00, 0x00, 0x00, 0x00, 0x00,
    0x00, 0x00, 0x00, 0x04, 0x68, 0xC6, 0xF1, 0xF8, 0xD7, 0x85, 0x0F, 0x00, 0x00, 0x00, 0x07, 0xBB,
    0xFF, 0xF4, 0xB6, 0xAE, 0xE6, 0xFF, 0xD9, 0x18, 0x00, 0x00, 0x8B, 0xFF, 0xC9, 0x16, 0x00, 0x00,
    0x06, 0x9E, 0xFF, 0xB4, 0x00, 0x08, 0xF5, 0xFA, 0x27, 0x00, 0x00, 0x00, 0x00, 0x0C, 0xE9, 0xFF,
    0x23, 0x3B, 0xFF, 0xC7, 0x00, 0x00, 0x00, 0x00, 0x00, 0x00, 0xA9, 0xFF, 0x59, 0x4F, 0xFF, 0xA9,
    0x00, 0x00, 0x00, 0x00, 0x00, 0x00, 0x8D, 0xFF, 0x66, 0x41, 0xFF, 0xC5, 0x00, 0x00, 0x00, 0x00,
    0x00, 0x00, 0xA8, 0xFF, 0x51, 0x0F, 0xFA, 0xF8, 0x20, 0x00, 0x00, 0x00, 0x00, 0x0C, 0xE7, 0xFD,
    0x19, 0x00, 0x9A, 0xFF, 0xBF, 0x0F, 0x00, 0x00, 0x0B, 0xA6, 0xFF, 0xA5, 0x00, 0x00, 0x0D, 0xC9,
    0xFF, 0xEE, 0xAE, 0xB5, 0xE9, 0xFF, 0xCE, 0x10, 0x00, 0x00, 0x00, 0x08, 0x76, 0xD0, 0xF6, 0xF6,
    0xD0, 0x78, 0x0A, 0x00, 0x00, 0x00, 0x00, 0x00, 0x04, 0x00, 0x00, 0x07, 0x07, 0x00, 0x00, 0x00,
    0x00, 0x59, 0xFB, 0xC8, 0x37, 0xA7, 0x61, 0x00, 0x00, 0x00, 0x00, 0xBA, 0x4B, 0x55, 0xDE, 0xD4,
    0x13, 0x00, 0x00, 0x00, 0x00, 0x00, 0x00, 0x00, 0x00, 0x00, 0x00, 0x00, 0x00, 0x00, 0x00, 0x00,
    0x2C, 0xFC, 0xD1, 0x03, 0x00, 0x00, 0x00, 0x00, 0x00, 0x00, 0xBB, 0xB3, 0xEE, 0x67, 0x00, 0x00,
    0x00, 0x00, 0x00, 0x4F, 0xE1, 0x0F, 0x52, 0xEA, 0x0F, 0x00, 0x00, 0x00, 0x00, 0x00, 0x00, 0x00,
    0x00, 0x00, 0x00, 0x00, 0x00, 0x00, 0x00, 0x62, 0xCE, 0xF7, 0xF3, 0xBC, 0x39, 0x00, 0x00, 0x00,
    0x82, 0xFF, 0xD8, 0x84, 0x97, 0xF8, 0xF8, 0x32, 0x00, 0x14, 0xFA, 0xE3, 0x0B, 0x00, 0x00, 0x5A,
    0xFF, 0xAA, 0x00, 0x47, 0xFF, 0x97, 0x00, 0x00, 0x00, 0x0A, 0xFF, 0xDA, 0x00, 0x4B, 0xFF, 0x95,
    0x00, 0x00, 0x00, 0x09, 0xFE, 0xD8, 0x00, 0x1B, 0xFD, 0xE0, 0x0A, 0x00, 0x00, 0x55, 0xFF, 0x9F,
    0x00, 0x00, 0x93, 0xFF, 0xD5, 0x7F, 0x92, 0xF6, 0xF0, 0x24, 0x00, 0x00, 0x02, 0x72, 0xD7, 0xFA,
    0xEE, 0xAD, 0x28, 0x00, 0x00, 0x00, 0x00, 0x00, 0x00, 0x02, 0xCC, 0xFE, 0x37, 0x00, 0x00, 0x00,
    0x00, 0x00, 0x00, 0x00, 0x00, 0x64, 0xDB, 0x94, 0xC9, 0x01, 0x00, 0x00, 0x00, 0x00, 0x00, 0x00,
    0x0F, 0xE9, 0x42, 0x0A, 0xDC, 0x61, 0x00, 0x00, 0x00, 0x00, 0x00, 0x00, 0x00, 0x00, 0x00, 0x00,
    0x00, 0x00, 0x00, 0x00, 0x00, 0x00, 0x00, 0x04, 0x68, 0xC6, 0xF1, 0xF8, 0xD7, 0x85, 0x0F, 0x00,
    0x00, 0x00, 0x07, 0xBB, 0xFF, 0xF4, 0xB6, 0xAE, 0xE6, 0xFF, 0xD9, 0x18, 0x00, 0x00, 0x8B, 0xFF,
    0xC9, 0x16, 0x00, 0x00, 0x06, 0x9E, 0xFF, 0xB4, 0x00, 0x08, 0xF5, 0xFA, 0x27, 0x00, 0x00, 0x00,
    0x00, 0x0C, 0xE9, 0xFF, 0x23, 0x3B, 0xFF, 0xC7, 0x00, 0x00, 0x00, 0x00, 0x00, 0x00, 0xA9, 0xFF,
    0x59, 0x4F, 0xFF, 0xA9, 0x00, 0x00, 0x00, 0x00, 0x00, 0x00, 0x8D, 0xFF, 0x66, 0x41, 0xFF, 0xC5,
    0x00, 0x00, 0x00, 0x00, 0x00, 0x00, 0xA8, 0xFF, 0x51, 0x0F, 0xFA, 0xF8, 0x20, 0x00, 0x00, 0x00,
    0x00, 0x0C, 0xE7, 0xFD, 0x19, 0x00, 0x9A, 0xFF, 0xBF, 0x0F, 0x00, 0x00, 0x0B, 0xA6, 0xFF, 0xA5,
    0x00, 0x00, 0x0D, 0xC9, 0xFF, 0xEE, 0xAE, 0xB5, 0xE9, 0xFF, 0xCE, 0x10, 0x00, 0x00, 0x00, 0x08,
    0x76, 0xD0, 0xF6, 0xF6, 0xD0, 0x78, 0x0A, 0x00, 0x00, 0x00, 0x00, 0x00, 0x00, 0x00, 0x00, 0x00,
    0x00, 0x00, 0x00, 0x00, 0x00, 0x00, 0x00, 0x00, 0x00, 0x00, 0xBA, 0xC4, 0x00, 0x00, 0x00, 0x00,
    0x00, 0x00, 0x00, 0x00, 0x00, 0x00, 0xB9, 0xC1, 0x00, 0x00, 0x00, 0x00, 0x00, 0x00, 0x00, 0x00,
    0x1F, 0xF7, 0xE3, 0x0A, 0x00, 0x00, 0x00, 0x00, 0x00, 0x00, 0xAC, 0xA0, 0xCF, 0x83, 0x00, 0x00,
    0x00, 0x00, 0x00, 0x41, 0xE7, 0x11, 0x33, 0xF3, 0x21, 0x00, 0x00, 0x00, 0x00, 0x00, 0x00, 0x00,
    0x00, 0x00, 0x00, 0x00, 0x00, 0x00, 0x00, 0x62, 0xCE, 0xF7, 0xF3, 0xBC, 0x39, 0x00, 0x00, 0x00,
    0x82, 0xFF, 0xD8, 0x84, 0x97, 0xF8, 0xF8, 0x32, 0x00, 0x14, 0xFA, 0xE3, 0x0B, 0x00, 0x00, 0x5A,
    0xFF, 0xAA, 0x00, 0x47, 0xFF, 0x97, 0x00, 0x00, 0x00, 0x0A, 0xFF, 0xDA, 0x00, 0x4B, 0xFF, 0x95,
    0x00, 0x00, 0x00, 0x09, 0xFE, 0xD8, 0x00, 0x1B, 0xFD, 0xE0, 0x0A, 0x00, 0x00, 0x55, 0xFF, 0x9F,
    0x00, 0x00, 0x93, 0xFF, 0xD5, 0x7F, 0x92, 0xF6, 0xF0, 0x24, 0x00, 0x00, 0x02, 0x72, 0xD7, 0xFA,
    0xEE, 0xAD, 0x28, 0x00, 0x00, 0x00, 0x00, 0x00, 0x00, 0x00, 0x00, 0x00, 0x00, 0x00, 0x00, 0x00,
    0x00, 0x00, 0x19, 0xE7, 0x7E, 0x00, 0x00, 0x00, 0x00, 0x00, 0x00, 0x00, 0x18, 0xE7, 0x7B, 0x00,
    0x00, 0x00, 0x00, 0x00, 0x00, 0x00, 0x00, 0x00, 0x00, 0x61, 0xFD, 0x42, 0x00, 0x00, 0x00, 0x00,
    0x00, 0x00, 0x00, 0x00, 0x00, 0x15, 0xEC, 0x81, 0x00, 0x00, 0x00, 0x00, 0x00, 0x00, 0x00, 0x00,
    0x00, 0x00, 0xA3, 0xC0, 0x03, 0x00, 0x00, 0x00, 0x00, 0x00, 0x00, 0x00, 0x00, 0x00, 0x00, 0x00,
    0x00, 0x00, 0x00, 0x00, 0x00, 0xC7, 0x7A, 0x00, 0x00, 0x04, 0x68, 0xC6, 0xF1, 0xF3, 0xCC, 0x65,
    0x0E, 0x25, 0xE1, 0x7A, 0x00, 0x07, 0xBB, 0xFF, 0xF2, 0xB5, 0xAE, 0xE7, 0xFF, 0xFF, 0xFB, 0xC1,
    0x14, 0x00, 0x8B, 0xFF, 0xC4, 0x13, 0x00, 0x00, 0x06, 0x9F, 0xFF, 0x99, 0x00, 0x00, 0x08, 0xF5,
    0xF8, 0x23, 0x00, 0x00, 0x00, 0x00, 0x0C, 0xE9, 0xFD, 0x1E, 0x00, 0x3B, 0xFF, 0xC3, 0x00, 0x00,
    0x00, 0x00, 0x00, 0x00, 0xA9, 0xFF, 0x5B, 0x00, 0x4F, 0xFF, 0xA5, 0x00, 0x00, 0x00, 0x00, 0x00,
    0x00, 0x8D, 0xFF, 0x6A, 0x00, 0x41, 0xFF, 0xC1, 0x00, 0x00, 0x00, 0x00, 0x00, 0x00, 0xA8, 0xFF,
    0x55, 0x00, 0x0F, 0xFA, 0xF7, 0x1E, 0x00, 0x00, 0x00, 0x00, 0x0C, 0xE7, 0xFE, 0x1C, 0x00, 0x00,
    0x9A, 0xFF, 0xBC, 0x0E, 0x00, 0x00, 0x0C, 0xA7, 0xFF, 0xA9, 0x00, 0x00, 0x00, 0x0D, 0xC9, 0xFF,
    0xED, 0xAD, 0xB6, 0xEA, 0xFF, 0xD0, 0x12, 0x00, 0x00, 0x00, 0x00, 0x08, 0x76, 0xD0, 0xF6, 0xF6,
    0xD0, 0x79, 0x0A, 0x00, 0x00, 0x00, 0x00, 0x00, 0x00, 0x00, 0x00, 0xC0, 0xD5, 0x0A, 0x00, 0x00,
    0x00, 0x00, 0x00, 0x00, 0x62, 0xF6, 0x2B, 0x00, 0x00, 0x00, 0x00, 0x00, 0x00, 0x15, 0xED, 0x63,
    0x00, 0x00, 0xBE, 0x82, 0x00, 0x00, 0x00, 0x00, 0x00, 0x00, 0x00, 0x10, 0xD9, 0x84, 0x00, 0x00,
    0x63, 0xCF, 0xF7, 0xFB, 0xF5, 0xFC, 0xC3, 0x1A, 0x00, 0x82, 0xFF, 0xDA, 0x84, 0x96, 0xF7, 0xFC,
    0x3A, 0x00, 0x14, 0xFA, 0xE5, 0x0D, 0x00, 0x00, 0x56, 0xFF, 0xAD, 0x00, 0x47, 0xFF, 0x9B, 0x00,
    0x00, 0x00, 0x07, 0xFE, 0xDA, 0x00, 0x4B, 0xFF, 0x99, 0x00, 0x00, 0x00, 0x06, 0xFD, 0xD8, 0x00,
    0x1A, 0xFD, 0xE2, 0x0B, 0x00, 0x00, 0x51, 0xFF, 0x9F, 0x00, 0x00, 0x90, 0xFF, 0xD7, 0x7F, 0x90,
    0xF5, 0xF0, 0x24, 0x00, 0x00, 0x01, 0x70, 0xD7, 0xFA, 0xEE, 0xAD, 0x28, 0x00, 0x00, 0x00, 0x00,
    0x00, 0x00, 0x61, 0xFF, 0x3D, 0x00, 0x00, 0x00, 0x00, 0x00, 0x00, 0x00, 0x00, 0x00, 0x00, 0x00,
    0xB2, 0xCE, 0x02, 0x00, 0x00, 0x00, 0x00, 0x00, 0x00, 0x00, 0x00, 0x00, 0x00, 0x17, 0xEB, 0x65,
    0x00, 0x00, 0x00, 0x00, 0x00, 0x00, 0x00, 0x00, 0x00, 0x00, 0x00, 0x00, 0x00, 0x00, 0x00, 0x00,
    0xC7, 0x7A, 0x00, 0x00, 0x04, 0x68, 0xC6, 0xF1, 0xF3, 0xCC, 0x65, 0x0E, 0x25, 0xE1, 0x7A, 0x00,
    0x07, 0xBB, 0xFF, 0xF2, 0xB5, 0xAE, 0xE7, 0xFF, 0xFF, 0xFB, 0xC1, 0x14, 0x00, 0x8B, 0xFF, 0xC4,
    0x13, 0x00, 0x00, 0x06, 0x9F, 0xFF, 0x99, 0x00, 0x00, 0x08, 0xF5, 0xF8, 0x23, 0x00, 0x00, 0x00,
    0x00, 0x0C, 0xE9, 0xFD, 0x1E, 0x00, 0x3B, 0xFF, 0xC3, 0x00, 0x00, 0x00, 0x00, 0x00, 0x00, 0xA9,
    0xFF, 0x5B, 0x00, 0x4F, 0xFF, 0xA5, 0x00, 0x00, 0x00, 0x00, 0x00, 0x00, 0x8D, 0xFF, 0x6A, 0x00,
    0x41, 0xFF, 0xC1, 0x00, 0x00, 0x00, 0x00, 0x00, 0x00, 0xA8, 0xFF, 0x55, 0x00, 0x0F, 0xFA, 0xF7,
    0x1E, 0x00, 0x00, 0x00, 0x00, 0x0C, 0xE7, 0xFE, 0x1C, 0x00, 0x00, 0x9A, 0xFF, 0xBC, 0x0E, 0x00,
    0x00, 0x0C, 0xA7, 0xFF, 0xA9, 0x00, 0x00, 0x00, 0x0D, 0xC9, 0xFF, 0xED, 0xAD, 0xB6, 0xEA, 0xFF,
    0xD0, 0x12, 0x00, 0x00, 0x00, 0x00, 0x08, 0x76, 0xD0, 0xF6, 0xF6, 0xD0, 0x79, 0x0A, 0x00, 0x00,
    0x00, 0x00, 0x00, 0x06, 0xD2, 0xC4, 0x00, 0x00, 0x00, 0x00, 0x00, 0x00, 0x00, 0x00, 0x30, 0xFA,
    0x59, 0x00, 0x00, 0x00, 0x00, 0x00, 0x00, 0x00, 0x00, 0x7B, 0xE2, 0x0A, 0x00, 0xBE, 0x82, 0x00,
    0x00, 0x00, 0x00, 0x00, 0x00, 0x00, 0x10, 0xD9, 0x84, 0x00, 0x00, 0x63, 0xCF, 0xF7, 0xFB, 0xF5,
    0xFC, 0xC3, 0x1A, 0x00, 0x82, 0xFF, 0xDA, 0x84, 0x96, 0xF7, 0xFC, 0x3A, 0x00, 0x14, 0xFA, 0xE5,
    0x0D, 0x00, 0x00, 0x56, 0xFF, 0xAD, 0x00, 0x47, 0xFF, 0x9B, 0x00, 0x00, 0x00, 0x07, 0xFE, 0xDA,
    0x00, 0x4B, 0xFF, 0x99, 0x00, 0x00, 0x00, 0x06, 0xFD, 0xD8, 0x00, 0x1A, 0xFD, 0xE2, 0x0B, 0x00,
    0x00, 0x51, 0xFF, 0x9F, 0x00, 0x00, 0x90, 0xFF, 0xD7, 0x7F, 0x90, 0xF5, 0xF0, 0x24, 0x00, 0x00,
    0x01, 0x70, 0xD7, 0xFA, 0xEE, 0xAD, 0x28, 0x00, 0x00, 0x00, 0x00, 0x00, 0x00, 0x00, 0x86, 0xE1,
    0x4B, 0x00, 0x00, 0x00, 0x00, 0x00, 0x00, 0x00, 0x00, 0x00, 0x00, 0x02, 0x8D, 0xB0, 0x00, 0x00,
    0x00, 0x00, 0x00, 0x00, 0x00, 0x00, 0x00, 0x00, 0x4C, 0xFA, 0x60, 0x00, 0x00, 0x00, 0x00, 0x00,
    0x00, 0x00, 0x00, 0x00, 0x00, 0x00, 0x00, 0x00, 0x00, 0x00, 0x00, 0xC7, 0x7A, 0x00, 0x00, 0x04,
    0x68, 0xC6, 0xF1, 0xF3, 0xCC, 0x65, 0x0E, 0x25, 0xE1, 0x7A, 0x00, 0x07, 0xBB, 0xFF, 0xF2, 0xB5,
    0xAE, 0xE7, 0xFF, 0xFF, 0xFB, 0xC1, 0x14, 0x00, 0x8B, 0xFF, 0xC4, 0x13, 0x00, 0x00, 0x06, 0x9F,
    0xFF, 0x99, 0x00, 0x00, 0x08, 0xF5, 0xF8, 0x23, 0x00, 0x00, 0x00, 0x00, 0x0C, 0xE9, 0xFD, 0x1E,
    0x00, 0x3B, 0xFF, 0xC3, 0x00, 0x00, 0x00, 0x00, 0x00, 0x00, 0xA9, 0xFF, 0x5B, 0x00, 0x4F, 0xFF,
    0xA5, 0x00, 0x00, 0x00, 0x00, 0x00, 0x00, 0x8D, 0xFF, 0x6A, 0x00, 0x41, 0xFF, 0xC1, 0x00, 0x00,
    0x00, 0x00, 0x00, 0x00, 0xA8, 0xFF, 0x55, 0x00, 0x0F, 0xFA, 0xF7, 0x1E, 0x00, 0x00, 0x00, 0x00,
    0x0C, 0xE7, 0xFE, 0x1C, 0x00, 0x00, 0x9A, 0xFF, 0xBC, 0x0E, 0x00, 0x00, 0x0C, 0xA7, 0xFF, 0xA9,
    0x00, 0x00, 0x00, 0x0D, 0xC9, 0xFF, 0xED, 0xAD, 0xB6, 0xEA, 0xFF, 0xD0, 0x12, 0x00, 0x00, 0x00,
    0x00, 0x08, 0x76, 0xD0, 0xF6, 0xF6, 0xD0, 0x79, 0x0A, 0x00, 0x00, 0x00, 0x00, 0x00, 0x00, 0x1F,
    0xE1, 0xB0, 0x04, 0x00, 0x00, 0x00, 0x00, 0x00, 0x00, 0x00, 0x1C, 0xFC, 0x29, 0x00, 0x00, 0x00,
    0x00, 0x00, 0x00, 0x00, 0xD4, 0xCC, 0x06, 0x00, 0xBE, 0x82, 0x00, 0x00, 0x00, 0x00, 0x00, 0x00,
    0x00, 0x10, 0xD9, 0x84, 0x00, 0x00, 0x63, 0xCF, 0xF7, 0xFB, 0xF5, 0xFC, 0xC3, 0x1A, 0x00, 0x82,
    0xFF, 0xDA, 0x84, 0x96, 0xF7, 0xFC, 0x3A, 0x00, 0x14, 0xFA, 0xE5, 0x0D, 0x00, 0x00, 0x56, 0xFF,
    0xAD, 0x00, 0x47, 0xFF, 0x9B, 0x00, 0x00, 0x00, 0x07, 0xFE, 0xDA, 0x00, 0x4B, 0xFF, 0x99, 0x00,
    0x00, 0x00, 0x06, 0xFD, 0xD8, 0x00, 0x1A, 0xFD, 0xE2, 0x0B, 0x00, 0x00, 0x51, 0xFF, 0x9F, 0x00,
    0x00, 0x90, 0xFF, 0xD7, 0x7F, 0x90, 0xF5, 0xF0, 0x24, 0x00, 0x00, 0x01, 0x70, 0xD7, 0xFA, 0xEE,
    0xAD, 0x28, 0x00, 0x00, 0x00, 0x00, 0x00, 0x13, 0xD2, 0xE4, 0x71, 0x66, 0xC1, 0x00, 0x00, 0x00,
    0x00, 0x00, 0x00, 0x00, 0x63, 0xAC, 0x53, 0xC7, 0xF0, 0x4F, 0x00, 0x00, 0x00, 0x00, 0x00, 0x00,
    0x00, 0x00, 0x00, 0x00, 0x00, 0x00, 0x00, 0x00, 0x00, 0xC7, 0x7A, 0x00, 0x00, 0x04, 0x68, 0xC6,
    0xF1, 0xF3, 0xCC, 0x65, 0x0E, 0x25, 0xE1, 0x7A, 0x00, 0x07, 0xBB, 0xFF, 0xF2, 0xB5, 0xAE, 0xE7,
    0xFF, 0xFF, 0xFB, 0xC1, 0x14, 0x00, 0x8B, 0xFF, 0xC4, 0x13, 0x00, 0x00, 0x06, 0x9F, 0xFF, 0x99,
    0x00, 0x00, 0x08, 0xF5, 0xF8, 0x23, 0x00, 0x00, 0x00, 0x00, 0x0C, 0xE9, 0xFD, 0x1E, 0x00, 0x3B,
    0xFF, 0xC3, 0x00, 0x00, 0x00, 0x00, 0x00, 0x00, 0xA9, 0xFF, 0x5B, 0x00, 0x4F, 0xFF, 0xA5, 0x00,
    0x00, 0x00, 0x00, 0x00, 0x00, 0x8D, 0xFF, 0x6A, 0x00, 0x41, 0xFF, 0xC1, 0x00, 0x00, 0x00, 0x00,
    0x00, 0x00, 0xA8, 0xFF, 0x55, 0x00, 0x0F, 0xFA, 0xF7, 0x1E, 0x00, 0x00, 0x00, 0x00, 0x0C, 0xE7,
    0xFE, 0x1C, 0x00, 0x00, 0x9A, 0xFF, 0xBC, 0x0E, 0x00, 0x00, 0x0C, 0xA7, 0xFF, 0xA9, 0x00, 0x00,
    0x00, 0x0D, 0xC9, 0xFF, 0xED, 0xAD, 0xB6, 0xEA, 0xFF, 0xD0, 0x12, 0x00, 0x00, 0x00, 0x00, 0x08,
    0x76, 0xD0, 0xF6, 0xF6, 0xD0, 0x79, 0x0A, 0x00, 0x00, 0x00, 0x00, 0x00, 0x50, 0xEF, 0xC3, 0x4B,
    0xB0, 0x65, 0x00, 0x00, 0x00, 0x00, 0xBF, 0x64, 0x7A, 0xE6, 0xD3, 0x13, 0xBE, 0x82, 0x00, 0x00,
    0x00, 0x00, 0x00, 0x00, 0x00, 0x10, 0xD9, 0x84, 0x00, 0x00, 0x63, 0xCF, 0xF7, 0xFB, 0xF5, 0xFC,
    0xC3, 0x1A, 0x00, 0x82, 0xFF, 0xDA, 0x84, 0x96, 0xF7, 0xFC, 0x3A, 0x00, 0x14, 0xFA, 0xE5, 0x0D,
    0x00, 0x00, 0x56, 0xFF, 0xAD, 0x00, 0x47, 0xFF, 0x9B, 0x00, 0x00, 0x00, 0x07, 0xFE, 0xDA, 0x00,
    0x4B, 0xFF, 0x99, 0x00, 0x00, 0x00, 0x06, 0xFD, 0xD8, 0x00, 0x1A, 0xFD, 0xE2, 0x0B, 0x00, 0x00,
    0x51, 0xFF, 0x9F, 0x00, 0x00, 0x90, 0xFF, 0xD7, 0x7F, 0x90, 0xF5, 0xF0, 0x24, 0x00, 0x00, 0x01,
    0x70, 0xD7, 0xFA, 0xEE, 0xAD, 0x28, 0x00, 0x00, 0x00, 0x00, 0x00, 0x00, 0x00, 0x00, 0x00, 0x00,
    0x00, 0x00, 0x00, 0xC7, 0x7A, 0x00, 0x00, 0x04, 0x68, 0xC6, 0xF1, 0xF3, 0xCC, 0x65, 0x0E, 0x25,
    0xE1, 0x7A, 0x00, 0x07, 0xBB, 0xFF, 0xF2, 0xB5, 0xAE, 0xE7, 0xFF, 0xFF, 0xFB, 0xC1, 0x14, 0x00,
    0x8B, 0xFF, 0xC4, 0x13, 0x00, 0x00, 0x06, 0x9F, 0xFF, 0x99, 0x00, 0x00, 0x08, 0xF5, 0xF8, 0x23,
    0x00, 0x00, 0x00, 0x00, 0x0C, 0xE9, 0xFD, 0x1E, 0x00, 0x3B, 0xFF, 0xC3, 0x00, 0x00, 0x00, 0x00,
    0x00, 0x00, 0xA9, 0xFF, 0x5B, 0x00, 0x4F, 0xFF, 0xA5, 0x00, 0x00, 0x00, 0x00, 0x00, 0x00, 0x8D,
    0xFF, 0x6A, 0x00, 0x41, 0xFF, 0xC1, 0x00, 0x00, 0x00, 0x00, 0x00, 0x00, 0xA8, 0xFF, 0x55, 0x00,
    0x0F, 0xFA, 0xF7, 0x1E, 0x00, 0x00, 0x00, 0x00, 0x0C, 0xE7, 0xFE, 0x1C, 0x00, 0x00, 0x9A, 0xFF,
    0xBC, 0x0E, 0x00, 0x00, 0x0C, 0xA7, 0xFF, 0xA9, 0x00, 0x00, 0x00, 0x0D, 0xC9, 0xFF, 0xED, 0xAD,
    0xB6, 0xEA, 0xFF, 0xD0, 0x12, 0x00, 0x00, 0x00, 0x00, 0x08, 0x76, 0xD0, 0xF6, 0xF6, 0xD0, 0x79,
    0x0A, 0x00, 0x00, 0x00, 0x00, 0x00, 0x00, 0x00, 0x00, 0x00, 0x00, 0x00, 0x00, 0x00, 0x00, 0x00,
    0x00, 0x00, 0x00, 0x00, 0x00, 0x00, 0xBE, 0xC0, 0x00, 0x00, 0x00, 0x00, 0x00, 0x00, 0x00, 0x00,
    0x00, 0x00, 0x00, 0xBD, 0xBD, 0x00, 0x00, 0x00, 0x00, 0x00, 0x00, 0x00, 0x00, 0x00, 0x00, 0x00,
    0x00, 0x00, 0x00, 0xBE, 0x82, 0x00, 0x00, 0x00, 0x00, 0x00, 0x00, 0x00, 0x10, 0xD9, 0x84, 0x00,
    0x00, 0x63, 0xCF, 0xF7, 0xFB, 0xF5, 0xFC, 0xC3, 0x1A, 0x00, 0x82, 0xFF, 0xDA, 0x84, 0x96, 0xF7,
    0xFC, 0x3A, 0x00, 0x14, 0xFA, 0xE5, 0x0D, 0x00, 0x00, 0x56, 0xFF, 0xAD, 0x00, 0x47, 0xFF, 0x9B,
    0x00, 0x00, 0x00, 0x07, 0xFE, 0xDA, 0x00, 0x4B, 0xFF, 0x99, 0x00, 0x00, 0x00, 0x06, 0xFD, 0xD8,
    0x00, 0x1A, 0xFD, 0xE2, 0x0B, 0x00, 0x00, 0x51, 0xFF, 0x9F, 0x00, 0x00, 0x90, 0xFF, 0xD7, 0x7F,
    0x90, 0xF5, 0xF0, 0x24, 0x00, 0x00, 0x01, 0x70, 0xD7, 0xFA, 0xEE, 0xAD, 0x28, 0x00, 0x00, 0x00,
    0x00, 0x00, 0x00, 0x00, 0x00, 0x00, 0x00, 0x00, 0x00, 0x00, 0x00, 0x00, 0x16, 0xE6, 0x82, 0x00,
    0x00, 0x00, 0x00, 0x00, 0x00, 0x00, 0x16, 0xE6, 0x7F, 0x00, 0x00, 0x00, 0x00, 0x00, 0xC0, 0xFF,
    0x1C, 0x00, 0x00, 0x00, 0x00, 0xDC, 0xFF, 0x00, 0x00, 0xC0, 0xFF, 0x1C, 0x00, 0x00, 0x00, 0x00,
    0xDC, 0xFF, 0x00, 0x00, 0xC0, 0xFF, 0x1C, 0x00, 0x00, 0x00, 0x00, 0xDC, 0xFF, 0x00, 0x00, 0xC0,
    0xFF, 0x1C, 0x00, 0x00, 0x00, 0x00, 0xDC, 0xFF, 0x00, 0x00, 0xC0, 0xFF, 0x1C, 0x00, 0x00, 0x00,
    0x00, 0xDC, 0xFF, 0x00, 0x00, 0xC0, 0xFF, 0x1C, 0x00, 0x00, 0x00, 0x00, 0xDC, 0xFF, 0x00, 0x00,
    0xBE, 0xFF, 0x25, 0x00, 0x00, 0x00, 0x00, 0xE3, 0xFD, 0x00, 0x00, 0xAE, 0xFF, 0x49, 0x00, 0x00,
    0x00, 0x08, 0xFC, 0xE8, 0x00, 0x00, 0x77, 0xFF, 0xBF, 0x09, 0x00, 0x00, 0x7C, 0xFF, 0xAB, 0x00,
    0x00, 0x13, 0xE5, 0xFF, 0xE1, 0xAC, 0xC9, 0xFF, 0xF6, 0x2E, 0x00, 0x00, 0x00, 0x1F, 0xA4, 0xE8,
    0xFC, 0xEB, 0xAE, 0x2F, 0x00, 0x00, 0x00, 0x00, 0x00, 0x00, 0x00, 0x00, 0x00, 0x00, 0x00, 0x00,
    0x00, 0x00, 0x00, 0x00, 0x00, 0x39, 0xF0, 0x55, 0x00, 0x00, 0x00, 0x00, 0x00, 0x00, 0x00, 0x00,
    0x38, 0xF0, 0x53, 0x00, 0x00, 0x00, 0x00, 0x00, 0xF8, 0xD8, 0x00, 0x00, 0x00, 0xA8, 0xFF, 0x28,
    0x00, 0xF8, 0xD8, 0x00, 0x00, 0x00, 0xA8, 0xFF, 0x28, 0x00, 0xF8, 0xD8, 0x00, 0x00, 0x00, 0xA8,
    0xFF, 0x28, 0x00, 0xF8, 0xD8, 0x00, 0x00, 0x00, 0xA8, 0xFF, 0x28, 0x00, 0xF6, 0xDB, 0x00, 0x00,
    0x00, 0xAD, 0xFF, 0x28, 0x00, 0xDE, 0xF7, 0x0F, 0x00, 0x07, 0xE2, 0xFF, 0x28, 0x00, 0x99, 0xFF,
    0xC6, 0x7B, 0xC6, 0xE9, 0xFF, 0x28, 0x00, 0x13, 0xAB, 0xF0, 0xE8, 0x74, 0xA8, 0xFF, 0x28, 0x00,
    0x00, 0x00, 0x00, 0x00, 0x00, 0x00, 0x00, 0x00, 0x00, 0x00, 0x00, 0x4C, 0xF1, 0x40, 0x00, 0x00,
    0x00, 0x00, 0x00, 0x00, 0x4C, 0xF0, 0x3E, 0x00, 0x00, 0x00, 0x00, 0x00, 0x00, 0x00, 0x5D, 0xE4,
    0x71, 0x00, 0x00, 0x00, 0x00, 0x00, 0x00, 0x00, 0x00, 0x00, 0x5F, 0xE0, 0x00, 0x00, 0x00, 0x00,
    0x00, 0x00, 0x00, 0x00, 0x1C, 0xFE, 0x8C, 0x00, 0x00, 0x00, 0x00, 0x00, 0x00, 0x00, 0x00, 0x00,
    0x00, 0x00, 0x00, 0x00, 0x00, 0x00, 0x00, 0xC0, 0xFF, 0x1C, 0x00, 0x00, 0x00, 0x00, 0xDC, 0xFF,
    0x00, 0x00, 0xC0, 0xFF, 0x1C, 0x00, 0x00, 0x00, 0x00, 0xDC, 0xFF, 0x00, 0x00, 0xC0, 0xFF, 0x1C,
    0x00, 0x00, 0x00, 0x00, 0xDC, 0xFF, 0x00, 0x00, 0xC0, 0xFF, 0x1C, 0x00, 0x00, 0x00, 0x00, 0xDC,
    0xFF, 0x00, 0x00, 0xC0, 0xFF, 0x1C, 0x00, 0x00, 0x00, 0x00, 0xDC, 0xFF, 0x00, 0x00, 0xC0, 0xFF,
    0x1C, 0x00, 0x00, 0x00, 0x00, 0xDC, 0xFF, 0x00, 0x00, 0xBE, 0xFF, 0x25, 0x00, 0x00, 0x00, 0x00,
    0xE3, 0xFD, 0x00, 0x00, 0xAE, 0xFF, 0x49, 0x00, 0x00, 0x00, 0x08, 0xFC, 0xE8, 0x00, 0x00, 0x77,
    0xFF, 0xBF, 0x09, 0x00, 0x00, 0x7C, 0xFF, 0xAB, 0x00, 0x00, 0x13, 0xE5, 0xFF, 0xE1, 0xAC, 0xC9,
    0xFF, 0xF6, 0x2E, 0x00, 0x00, 0x00, 0x1F, 0xA4, 0xE8, 0xFC, 0xEB, 0xAE, 0x2F, 0x00, 0x00, 0x00,
    0x00, 0x00, 0x56, 0xE4, 0x7A, 0x00, 0x00, 0x00, 0x00, 0x00, 0x00, 0x00, 0x58, 0xE9, 0x00, 0x00,
    0x00, 0x00, 0x00, 0x00, 0x14, 0xFF, 0x93, 0x00, 0x00, 0x00, 0x00, 0x00, 0x00, 0x00, 0x00, 0x00,
    0x00, 0x00, 0x00, 0x00, 0xF8, 0xD8, 0x00, 0x00, 0x00, 0xA8, 0xFF, 0x28, 0x00, 0xF8, 0xD8, 0x00,
    0x00, 0x00, 0xA8, 0xFF, 0x28, 0x00, 0xF8, 0xD8, 0x00, 0x00, 0x00, 0xA8, 0xFF, 0x28, 0x00, 0xF8,
    0xD8, 0x00, 0x00, 0x00, 0xA8, 0xFF, 0x28, 0x00, 0xF6, 0xDB, 0x00, 0x00, 0x00, 0xAD, 0xFF, 0x28,
    0x00, 0xDE, 0xF7, 0x0F, 0x00, 0x07, 0xE2, 0xFF, 0x28, 0x00, 0x99, 0xFF, 0xC6, 0x7B, 0xC6, 0xE9,
    0xFF, 0x28, 0x00, 0x13, 0xAB, 0xF0, 0xE8, 0x74, 0xA8, 0xFF, 0x28, 0x00, 0x00, 0x00, 0x00, 0x00,
    0x12, 0xEA, 0xA4, 0x00, 0x00, 0x00, 0x00, 0x00, 0x00, 0x00, 0x00, 0x00, 0x00, 0x9E, 0xD9, 0x0C,
    0x00, 0x00, 0x00, 0x00, 0x00, 0x00, 0x00, 0x00, 0x00, 0x40, 0xF6, 0x2F, 0x00, 0x00, 0x00, 0x27,
    0xFF, 0x18, 0x00, 0x00, 0x00, 0x00, 0x00, 0x00, 0x00, 0x00, 0x00, 0x00, 0x50, 0xFF, 0x17, 0x00,
    0xC0, 0xFF, 0x1C, 0x00, 0x00, 0x00, 0x00, 0xDC, 0xFF, 0xED, 0x73, 0x00, 0x00, 0xC0, 0xFF, 0x1C,
    0x00, 0x00, 0x00, 0x00, 0xDC, 0xFF, 0x01, 0x00, 0x00, 0x00, 0xC0, 0xFF, 0x1C, 0x00, 0x00, 0x00,
    0x00, 0xDC, 0xFF, 0x00, 0x00, 0x00, 0x00, 0xC0, 0xFF, 0x1C, 0x00, 0x00, 0x00, 0x00, 0xDC, 0xFF,
    0x00, 0x00, 0x00, 0x00, 0xC0, 0xFF, 0x1C, 0x00, 0x00, 0x00, 0x00, 0xDC, 0xFF, 0x00, 0x00, 0x00,
    0x00, 0xC0, 0xFF, 0x1C, 0x00, 0x00, 0x00, 0x00, 0xDC, 0xFF, 0x00, 0x00, 0x00, 0x00, 0xBD, 0xFF,
    0x21, 0x00, 0x00, 0x00, 0x00, 0xE0, 0xFB, 0x00, 0x00, 0x00, 0x00, 0xAB, 0xFF, 0x43, 0x00, 0x00,
    0x00, 0x05, 0xFA, 0xE5, 0x00, 0x00, 0x00, 0x00, 0x70, 0xFF, 0xB7, 0x06, 0x00, 0x00, 0x75, 0xFF,
    0xA5, 0x00, 0x00, 0x00, 0x00, 0x0F, 0xE0, 0xFF, 0xDE, 0xAB, 0xC8, 0xFF, 0xF3, 0x29, 0x00, 0x00,
    0x00, 0x00, 0x00, 0x1C, 0xA1, 0xE7, 0xFB, 0xEB, 0xAC, 0x2C, 0x00, 0x00, 0x00, 0x00, 0x00, 0x00,
    0x00, 0x00, 0x0A, 0xDE, 0xB7, 0x01, 0x00, 0x00, 0x00, 0x00, 0x00, 0x00, 0x00, 0x8A, 0xE4, 0x14,
    0x00, 0x00, 0x00, 0x00, 0x00, 0x00, 0x00, 0x2F, 0xF8, 0x3E, 0x00, 0x00, 0x27, 0xFF, 0x0D, 0x00,
    0x00, 0x00, 0x00, 0x00, 0x00, 0x00, 0x00, 0x54, 0xFB, 0x0C, 0x00, 0xF8, 0xD8, 0x00, 0x00, 0x00,
    0xA8, 0xFF, 0xE4, 0x62, 0x00, 0x00, 0xF8, 0xD8, 0x00, 0x00, 0x00, 0xA8, 0xFF, 0x28, 0x00, 0x00,
    0x00, 0xF8, 0xD8, 0x00, 0x00, 0x00, 0xA8, 0xFF, 0x28, 0x00, 0x00, 0x00, 0xF8, 0xD8, 0x00, 0x00,
    0x00, 0xA8, 0xFF, 0x28, 0x00, 0x00, 0x00, 0xF6, 0xDB, 0x00, 0x00, 0x00, 0xAD, 0xFF, 0x28, 0x00,
    0x00, 0x00, 0xDF, 0xF7, 0x0E, 0x00, 0x06, 0xE1, 0xFF, 0x28, 0x00, 0x00, 0x00, 0x9B, 0xFF, 0xC4,
    0x77, 0xC3, 0xEC, 0xFF, 0x28, 0x00, 0x00, 0x00, 0x14, 0xAD, 0xF1, 0xE8, 0x77, 0xA8, 0xFF, 0x28,
    0x00, 0x00, 0x00, 0x00, 0x00, 0x18, 0xEC, 0x99, 0x00, 0x00, 0x00, 0x00, 0x00, 0x00, 0x00, 0x00,
    0x00, 0x00, 0x00, 0x56, 0xFD, 0x30, 0x00, 0x00, 0x00, 0x00, 0x00, 0x00, 0x00, 0x00, 0x00, 0x00,
    0x00, 0xA7, 0xC0, 0x00, 0x00, 0x00, 0x27, 0xFF, 0x18, 0x00, 0x00, 0x00, 0x00, 0x00, 0x00, 0x00,
    0x00, 0x00, 0x00, 0x50, 0xFF, 0x17, 0x00, 0xC0, 0xFF, 0x1C, 0x00, 0x00, 0x00, 0x00, 0xDC, 0xFF,
    0xED, 0x73, 0x00, 0x00, 0xC0, 0xFF, 0x1C, 0x00, 0x00, 0x00, 0x00, 0xDC, 0xFF, 0x01, 0x00, 0x00,
    0x00, 0xC0, 0xFF, 0x1C, 0x00, 0x00, 0x00, 0x00, 0xDC, 0xFF, 0x00, 0x00, 0x00, 0x00, 0xC0, 0xFF,
    0x1C, 0x00, 0x00, 0x00, 0x00, 0xDC, 0xFF, 0x00, 0x00, 0x00, 0x00, 0xC0, 0xFF, 0x1C, 0x00, 0x00,
    0x00, 0x00, 0xDC, 0xFF, 0x00, 0x00, 0x00, 0x00, 0xC0, 0xFF, 0x1C, 0x00, 0x00, 0x00, 0x00, 0xDC,
    0xFF, 0x00, 0x00, 0x00, 0x00, 0xBD, 0xFF, 0x21, 0x00, 0x00, 0x00, 0x00, 0xE0, 0xFB, 0x00, 0x00,
    0x00, 0x00, 0xAB, 0xFF, 0x43, 0x00, 0x00, 0x00, 0x05, 0xFA, 0xE5, 0x00, 0x00, 0x00, 0x00, 0x70,
    0xFF, 0xB7, 0x06, 0x00, 0x00, 0x75, 0xFF, 0xA5, 0x00, 0x00, 0x00, 0x00, 0x0F, 0xE0, 0xFF, 0xDE,
    0xAB, 0xC8, 0xFF, 0xF3, 0x29, 0x00, 0x00, 0x00, 0x00, 0x00, 0x1C, 0xA1, 0xE7, 0xFB, 0xEB, 0xAC,
    0x2C, 0x00, 0x00, 0x00, 0x00, 0x00, 0x00, 0x69, 0xFE, 0x36, 0x00, 0x00, 0x00, 0x00, 0x00, 0x00,
    0x00, 0x00, 0x00, 0xB9, 0xC8, 0x01, 0x00, 0x00, 0x00, 0x00, 0x00, 0x00, 0x00, 0x00, 0x1C, 0xEF,
    0x5D, 0x00, 0x00, 0x27, 0xFF, 0x0D, 0x00, 0x00, 0x00, 0x00, 0x00, 0x00, 0x00, 0x00, 0x54, 0xFB,
    0x0C, 0x00, 0xF8, 0xD8, 0x00, 0x00, 0x00, 0xA8, 0xFF, 0xE4, 0x62, 0x00, 0x00, 0xF8, 0xD8, 0x00,
    0x00, 0x00, 0xA8, 0xFF, 0x28, 0x00, 0x00, 0x00, 0xF8, 0xD8, 0x00, 0x00, 0x00, 0xA8, 0xFF, 0x28,
    0x00, 0x00, 0x00, 0xF8, 0xD8, 0x00, 0x00, 0x00, 0xA8, 0xFF, 0x28, 0x00, 0x00, 0x00, 0xF6, 0xDB,
    0x00, 0x00, 0x00, 0xAD, 0xFF, 0x28, 0x00, 0x00, 0x00, 0xDF, 0xF7, 0x0E, 0x00, 0x06, 0xE1, 0xFF,
    0x28, 0x00, 0x00, 0x00, 0x9B, 0xFF, 0xC4, 0x77, 0xC3, 0xEC, 0xFF, 0x28, 0x00, 0x00, 0x00, 0x14,
    0xAD, 0xF1, 0xE8, 0x77, 0xA8, 0xFF, 0x28, 0x00, 0x00, 0x00, 0x00, 0x00, 0x00, 0x50, 0xE3, 0x7F,
    0x00, 0x00, 0x00, 0x00, 0x00, 0x00, 0x00, 0x00, 0x00, 0x00, 0x00, 0x50, 0xF0, 0x00, 0x00, 0x00,
    0x00, 0x00, 0x00, 0x00, 0x00, 0x00, 0x00, 0x0C, 0xFF, 0x9B, 0x00, 0x00, 0x00, 0x27, 0xFF, 0x18,
    0x00, 0x00, 0x00, 0x00, 0x00, 0x00, 0x00, 0x00, 0x00, 0x00, 0x50, 0xFF, 0x17, 0x00, 0xC0, 0xFF,
    0x1C, 0x00, 0x00, 0x00, 0x00, 0xDC, 0xFF, 0xED, 0x73, 0x00, 0x00, 0xC0, 0xFF, 0x1C, 0x00, 0x00,
    0x00, 0x00, 0xDC, 0xFF, 0x01, 0x00, 0x00, 0x00, 0xC0, 0xFF, 0x1C, 0x00, 0x00, 0x00, 0x00, 0xDC,
    0xFF, 0x00, 0x00, 0x00, 0x00, 0xC0, 0xFF, 0x1C, 0x00, 0x00, 0x00, 0x00, 0xDC, 0xFF, 0x00, 0x00,
    0x00, 0x00, 0xC0, 0xFF, 0x1C, 0x00, 0x00, 0x00, 0x00, 0xDC, 0xFF, 0x00, 0x00, 0x00, 0x00, 0xC0,
    0xFF, 0x1C, 0x00, 0x00, 0x00, 0x00, 0xDC, 0xFF, 0x00, 0x00, 0x00, 0x00, 0xBD, 0xFF, 0x21, 0x00,
    0x00, 0x00, 0x00, 0xE0, 0xFB, 0x00, 0x00, 0x00, 0x00, 0xAB, 0xFF, 0x43, 0x00, 0x00, 0x00, 0x05,
    0xFA, 0xE5, 0x00, 0x00, 0x00, 0x00, 0x70, 0xFF, 0xB7, 0x06, 0x00, 0x00, 0x75, 0xFF, 0xA5, 0x00,
    0x00, 0x00, 0x00, 0x0F, 0xE0, 0xFF, 0xDE, 0xAB, 0xC8, 0xFF, 0xF3, 0x29, 0x00, 0x00, 0x00, 0x00,
    0x00, 0x1C, 0xA1, 0xE7, 0xFB, 0xEB, 0xAC, 0x2C, 0x00, 0x00, 0x00, 0x00, 0x00, 0x00, 0x00, 0x53,
    0xE4, 0x7E, 0x00, 0x00, 0x00, 0x00, 0x00, 0x00, 0x00, 0x00, 0x00, 0x54, 0xED, 0x00, 0x00, 0x00,
    0x00, 0x00, 0x00, 0x00, 0x00, 0x10, 0xFF, 0x97, 0x00, 0x00, 0x27, 0xFF, 0x0D, 0x00, 0x00, 0x00,
    0x00, 0x00, 0x00, 0x00, 0x00, 0x54, 0xFB, 0x0C, 0x00, 0xF8, 0xD8, 0x00, 0x00, 0x00, 0xA8, 0xFF,
    0xE4, 0x62, 0x00, 0x00, 0xF8, 0xD8, 0x00, 0x00, 0x00, 0xA8, 0xFF, 0x28, 0x00, 0x00, 0x00, 0xF8,
    0xD8, 0x00, 0x00, 0x00, 0xA8, 0xFF, 0x28, 0x00, 0x00, 0x00, 0xF8, 0xD8, 0x00, 0x00, 0x00, 0xA8,
    0xFF, 0x28, 0x00, 0x00, 0x00, 0xF6, 0xDB, 0x00, 0x00, 0x00, 0xAD, 0xFF, 0x28, 0x00, 0x00, 0x00,
    0xDF, 0xF7, 0x0E, 0x00, 0x06, 0xE1, 0xFF, 0x28, 0x00, 0x00, 0x00, 0x9B, 0xFF, 0xC4, 0x77, 0xC3,
    0xEC, 0xFF, 0x28, 0x00, 0x00, 0x00, 0x14, 0xAD, 0xF1, 0xE8, 0x77, 0xA8, 0xFF, 0x28, 0x00, 0x00,
    0x00, 0x00, 0x00, 0x6B, 0xF2, 0xB5, 0x43, 0xC8, 0x45, 0x00, 0x00, 0x00, 0x00, 0x00, 0x00, 0x00,
    0xDE, 0x4E, 0x89, 0xED, 0xC0, 0x05, 0x00, 0x27, 0xFF, 0x18, 0x00, 0x00, 0x00, 0x00, 0x00, 0x00,
    0x00, 0x00, 0x00, 0x00, 0x50, 0xFF, 0x17, 0x00, 0xC0, 0xFF, 0x1C, 0x00, 0x00, 0x00, 0x00, 0xDC,
    0xFF, 0xED, 0x73, 0x00, 0x00, 0xC0, 0xFF, 0x1C, 0x00, 0x00, 0x00, 0x00, 0xDC, 0xFF, 0x01, 0x00,
    0x00, 0x00, 0xC0, 0xFF, 0x1C, 0x00, 0x00, 0x00, 0x00, 0xDC, 0xFF, 0x00, 0x00, 0x00, 0x00, 0xC0,
    0xFF, 0x1C, 0x00, 0x00, 0x00, 0x00, 0xDC, 0xFF, 0x00, 0x00, 0x00, 0x00, 0xC0, 0xFF, 0x1C, 0x00,
    0x00, 0x00, 0x00, 0xDC, 0xFF, 0x00, 0x00, 0x00, 0x00, 0xC0, 0xFF, 0x1C, 0x00, 0x00, 0x00, 0x00,
    0xDC, 0xFF, 0x00, 0x00, 0x00, 0x00, 0xBD, 0xFF, 0x21, 0x00, 0x00, 0x00, 0x00, 0xE0, 0xFB, 0x00,
    0x00, 0x00, 0x00, 0xAB, 0xFF, 0x43, 0x00, 0x00, 0x00, 0x05, 0xFA, 0xE5, 0x00, 0x00, 0x00, 0x00,
    0x70, 0xFF, 0xB7, 0x06, 0x00, 0x00, 0x75, 0xFF, 0xA5, 0x00, 0x00, 0x00, 0x00, 0x0F, 0xE0, 0xFF,
    0xDE, 0xAB, 0xC8, 0xFF, 0xF3, 0x29, 0x00, 0x00, 0x00, 0x00, 0x00, 0x1C, 0xA1, 0xE7, 0xFB, 0xEB,
    0xAC, 0x2C, 0x00, 0x00, 0x00, 0x00, 0x00, 0x00, 0x76, 0xF2, 0xAF, 0x42, 0xD1, 0x39, 0x00, 0x00,
    0x00, 0x00, 0x00, 0xE7, 0x48, 0x8F, 0xEF, 0xB8, 0x02, 0x27, 0xFF, 0x0D, 0x00, 0x00, 0x00, 0x00,
    0x00, 0x00, 0x00, 0x00, 0x54, 0xFB, 0x0C, 0x00, 0xF8, 0xD8, 0x00, 0x00, 0x00, 0xA8, 0xFF, 0xE4,
    0x62, 0x00, 0x00, 0xF8, 0xD8, 0x00, 0x00, 0x00, 0xA8, 0xFF, 0x28, 0x00, 0x00, 0x00, 0xF8, 0xD8,
    0x00, 0x00, 0x00, 0xA8, 0xFF, 0x28, 0x00, 0x00, 0x00, 0xF8, 0xD8, 0x00, 0x00, 0x00, 0xA8, 0xFF,
    0x28, 0x00, 0x00, 0x00, 0xF6, 0xDB, 0x00, 0x00, 0x00, 0xAD, 0xFF, 0x28, 0x00, 0x00, 0x00, 0xDF,
    0xF7, 0x0E, 0x00, 0x06, 0xE1, 0xFF, 0x28, 0x00, 0x00, 0x00, 0x9B, 0xFF, 0xC4, 0x77, 0xC3, 0xEC,
    0xFF, 0x28, 0x00, 0x00, 0x00, 0x14, 0xAD, 0xF1, 0xE8, 0x77, 0xA8, 0xFF, 0x28, 0x00, 0x00, 0x00,
    0x00, 0x00, 0x00, 0x00, 0x00, 0x00, 0x00, 0x00, 0x00, 0x27, 0xFF, 0x18, 0x00, 0x00, 0x00, 0x00,
    0x00, 0x00, 0x00, 0x00, 0x00, 0x00, 0x50, 0xFF, 0x17, 0x00, 0xC0, 0xFF, 0x1C, 0x00, 0x00, 0x00,
    0x00, 0xDC, 0xFF, 0xED, 0x73, 0x00, 0x00, 0xC0, 0xFF, 0x1C, 0x00, 0x00, 0x00, 0x00, 0xDC, 0xFF,
    0x01, 0x00, 0x00, 0x00, 0xC0, 0xFF, 0x1C, 0x00, 0x00, 0x00, 0x00, 0xDC, 0xFF, 0x00, 0x00, 0x00,
    0x00, 0xC0, 0xFF, 0x1C, 0x00, 0x00, 0x00, 0x00, 0xDC, 0xFF, 0x00, 0x00, 0x00, 0x00, 0xC0, 0xFF,
    0x1C, 0x00, 0x00, 0x00, 0x00, 0xDC, 0xFF, 0x00, 0x00, 0x00, 0x00, 0xC0, 0xFF, 0x1C, 0x00, 0x00,
    0x00, 0x00, 0xDC, 0xFF, 0x00, 0x00, 0x00, 0x00, 0xBD, 0xFF, 0x21, 0x00, 0x00, 0x00, 0x00, 0xE0,
    0xFB, 0x00, 0x00, 0x00, 0x00, 0xAB, 0xFF, 0x43, 0x00, 0x00, 0x00, 0x05, 0xFA, 0xE5, 0x00, 0x00,
    0x00, 0x00, 0x70, 0xFF, 0xB7, 0x06, 0x00, 0x00, 0x75, 0xFF, 0xA5, 0x00, 0x00, 0x00, 0x00, 0x0F,
    0xE0, 0xFF, 0xDE, 0xAB, 0xC8, 0xFF, 0xF3, 0x29, 0x00, 0x00, 0x00, 0x00, 0x00, 0x1C, 0xA1, 0xE7,
    0xFB, 0xEB, 0xAC, 0x2C, 0x00, 0x00, 0x00, 0x00, 0x00, 0x00, 0x00, 0x00, 0x00, 0x00, 0x00, 0x00,
    0x00, 0x00, 0x00, 0x00, 0x00, 0x00, 0x00, 0x00, 0x00, 0x39, 0xF0, 0x55, 0x00, 0x00, 0x00, 0x00,
    0x00, 0x00, 0x00, 0x00, 0x00, 0x00, 0x38, 0xF0, 0x53, 0x00, 0x00, 0x00, 0x00, 0x00, 0x00, 0x00,
    0x00, 0x00, 0x00, 0x00, 0x00, 0x00, 0x00, 0x27, 0xFF, 0x0D, 0x00, 0x00, 0x00, 0x00, 0x00, 0x00,
    0x00, 0x00, 0x54, 0xFB, 0x0C, 0x00, 0xF8, 0xD8, 0x00, 0x00, 0x00, 0xA8, 0xFF, 0xE4, 0x62, 0x00,
    0x00, 0xF8, 0xD8, 0x00, 0x00, 0x00, 0xA8, 0xFF, 0x28, 0x00, 0x00, 0x00, 0xF8, 0xD8, 0x00, 0x00,
    0x00, 0xA8, 0xFF, 0x28, 0x00, 0x00, 0x00, 0xF8, 0xD8, 0x00, 0x00, 0x00, 0xA8, 0xFF, 0x28, 0x00,
    0x00, 0x00, 0xF6, 0xDB, 0x00, 0x00, 0x00, 0xAD, 0xFF, 0x28, 0x00, 0x00, 0x00, 0xDF, 0xF7, 0x0E,
    0x00, 0x06, 0xE1, 0xFF, 0x28, 0x00, 0x00, 0x00, 0x9B, 0xFF, 0xC4, 0x77, 0xC3, 0xEC, 0xFF, 0x28,
    0x00, 0x00, 0x00, 0x14, 0xAD, 0xF1, 0xE8, 0x77, 0xA8, 0xFF, 0x28, 0x00, 0x00, 0x00, 0x00, 0x00,
    0x00, 0x00, 0x00, 0x00, 0x00, 0x00, 0x00, 0x00, 0x00, 0x00, 0x00, 0x42, 0xF1, 0x4A, 0x00, 0x00,
    0x00, 0x00, 0x00, 0x00, 0x00, 0x00, 0x42, 0xF1, 0x48, 0x00, 0x00, 0x00, 0x00, 0x00, 0x00, 0x00,
    0x3F, 0xFE, 0x61, 0x00, 0x00, 0x00, 0x00, 0x00, 0x00, 0x00, 0x00, 0x8E, 0xE7, 0x0D, 0x00, 0x00,
    0x00, 0x00, 0x00, 0x00, 0x00, 0x08, 0xD6, 0x89, 0x00, 0x00, 0x00, 0x00, 0x00, 0x00, 0x00, 0x00,
    0x00, 0x00, 0x00, 0x00, 0x00, 0x00, 0xAC, 0xFF, 0x73, 0x00, 0x00, 0x00, 0x16, 0xF4, 0xE4, 0x08,
    0x2B, 0xFD, 0xE8, 0x0A, 0x00, 0x00, 0x90, 0xFF, 0x66, 0x00, 0x00, 0xA8, 0xFF, 0x73, 0x00, 0x1D,
    0xF8, 0xDB, 0x04, 0x00, 0x00, 0x28, 0xFD, 0xE8, 0x0A, 0x9B, 0xFF, 0x59, 0x00, 0x00, 0x00, 0x00,
    0xA4, 0xFF, 0x91, 0xFB, 0xD1, 0x01, 0x00, 0x00, 0x00, 0x00, 0x25, 0xFC, 0xFF, 0xFF, 0x4D, 0x00,
    0x00, 0x00, 0x00, 0x00, 0x00, 0xA0, 0xFF, 0xC6, 0x00, 0x00, 0x00, 0x00, 0x00, 0x00, 0x00, 0x58,
    0xFF, 0x84, 0x00, 0x00, 0x00, 0x00, 0x00, 0x00, 0x00, 0x58, 0xFF, 0x84, 0x00, 0x00, 0x00, 0x00,
    0x00, 0x00, 0x00, 0x58, 0xFF, 0x84, 0x00, 0x00, 0x00, 0x00, 0x00, 0x00, 0x00, 0x58, 0xFF, 0x84,
    0x00, 0x00, 0x00, 0x00, 0x00, 0x05, 0xCF, 0xC8, 0x01, 0x00, 0x00, 0x00, 0x00, 0x00, 0x00, 0x2D,
    0xF9, 0x5D, 0x00, 0x00, 0x00, 0x00, 0x00, 0x00, 0x00, 0x77, 0xE5, 0x0C, 0x00, 0x00, 0x00, 0x00,
    0x00, 0x00, 0x00, 0x00, 0x00, 0x00, 0x00, 0x00, 0xC2, 0xFF, 0x39, 0x00, 0x00, 0x01, 0xE2, 0xE6,
    0x03, 0x5C, 0xFF, 0x8D, 0x00, 0x00, 0x3C, 0xFF, 0x86, 0x00, 0x08, 0xED, 0xE0, 0x00, 0x00, 0x93,
    0xFE, 0x24, 0x00, 0x00, 0x90, 0xFF, 0x34, 0x02, 0xE7, 0xBF, 0x00, 0x00, 0x00, 0x29, 0xFF, 0x88,
    0x43, 0xFF, 0x5C, 0x00, 0x00, 0x00, 0x00, 0xC4, 0xDB, 0x9A, 0xEF, 0x09, 0x00, 0x00, 0x00, 0x00,
    0x5E, 0xFF, 0xF2, 0x95, 0x00, 0x00, 0x00, 0x00, 0x00, 0x08, 0xEE, 0xFF, 0x32, 0x00, 0x00, 0x00,
    0x00, 0x00, 0x07, 0xED, 0xCF, 0x00, 0x00, 0x00, 0x00, 0x00, 0x00, 0x5F, 0xFF, 0x62, 0x00, 0x00,
    0x00, 0x00, 0x70, 0x8B, 0xF3, 0xCE, 0x04, 0x00, 0x00, 0x00, 0x00, 0x8E, 0xF4, 0xB1, 0x19, 0x00,
    0x00, 0x00, 0x00, 0x00, 0xAC, 0xFF, 0x73, 0x00, 0x00, 0x00, 0x16, 0xF4, 0xE4, 0x08, 0x2B, 0xFD,
    0xE8, 0x0A, 0x00, 0x00, 0x90, 0xFF, 0x66, 0x00, 0x00, 0xA8, 0xFF, 0x73, 0x00, 0x1D, 0xF8, 0xDB,
    0x04, 0x00, 0x00, 0x28, 0xFD, 0xE8, 0x0A, 0x9B, 0xFF, 0x59, 0x00, 0x00, 0x00, 0x00, 0xA4, 0xFF,
    0x91, 0xFB, 0xD1, 0x01, 0x00, 0x00, 0x00, 0x00, 0x25, 0xFC, 0xFF, 0xFF, 0x4D, 0x00, 0x00, 0x00,
    0x00, 0x00, 0x00, 0xA0, 0xFF, 0xC6, 0x00, 0x00, 0x00, 0x00, 0x00, 0x00, 0x00, 0x58, 0xFF, 0x84,
    0x00, 0x00, 0x00, 0x00, 0x00, 0x00, 0x00, 0x58, 0xFF, 0x84, 0x00, 0x00, 0x00, 0x00, 0x00, 0x00,
    0x00, 0x58, 0xFF, 0x84, 0x00, 0x00, 0x00, 0x00, 0x00, 0x00, 0x00, 0x58, 0xFF, 0x84, 0x00, 0x00,
    0x00, 0x00, 0x00, 0x00, 0x00, 0x00, 0x00, 0x00, 0x00, 0x00, 0x00, 0x00, 0x00, 0x00, 0x00, 0x2F,
    0xEE, 0x60, 0x00, 0x00, 0x00, 0x00, 0x00, 0x00, 0x00, 0x2F, 0xEE, 0x5D, 0x00, 0x00, 0x00, 0x00,
    0xC2, 0xFF, 0x39, 0x00, 0x00, 0x01, 0xE2, 0xE6, 0x03, 0x5C, 0xFF, 0x8D, 0x00, 0x00, 0x3C, 0xFF,
    0x86, 0x00, 0x08, 0xED, 0xE0, 0x00, 0x00, 0x93, 0xFE, 0x24, 0x00, 0x00, 0x90, 0xFF, 0x34, 0x02,
    0xE7, 0xBF, 0x00, 0x00, 0x00, 0x29, 0xFF, 0x88, 0x43, 0xFF, 0x5C, 0x00, 0x00, 0x00, 0x00, 0xC4,
    0xDB, 0x9A, 0xEF, 0x09, 0x00, 0x00, 0x00, 0x00, 0x5E, 0xFF, 0xF2, 0x95, 0x00, 0x00, 0x00, 0x00,
    0x00, 0x08, 0xEE, 0xFF, 0x32, 0x00, 0x00, 0x00, 0x00, 0x00, 0x07, 0xED, 0xCF, 0x00, 0x00, 0x00,
    0x00, 0x00, 0x00, 0x5F, 0xFF, 0x62, 0x3F, 0xF1, 0x4E, 0x00, 0x70, 0x8B, 0xF3, 0xCE, 0x04, 0x3E,
    0xF0, 0x4C, 0x00, 0x8E, 0xF4, 0xB1, 0x19, 0x00, 0x00, 0x00, 0x00, 0x00, 0x00, 0x00, 0x00, 0x49,
    0xE3, 0x86, 0x00, 0x00, 0x00, 0x00, 0x00, 0x00, 0x00, 0x00, 0x48, 0xF8, 0x00, 0x00, 0x00, 0x00,
    0x00, 0x00, 0x00, 0x04, 0xFF, 0xA3, 0x00, 0x00, 0x00, 0x00, 0x00, 0x00, 0x00, 0x00, 0x00, 0x00,
    0x00, 0x00, 0x00, 0x00, 0xAC, 0xFF, 0x73, 0x00, 0x00, 0x00, 0x16, 0xF4, 0xE4, 0x08, 0x2B, 0xFD,
    0xE8, 0x0A, 0x00, 0x00, 0x90, 0xFF, 0x66, 0x00, 0x00, 0xA8, 0xFF, 0x73, 0x00, 0x1D, 0xF8, 0xDB,
    0x04, 0x00, 0x00, 0x28, 0xFD, 0xE8, 0x0A, 0x9B, 0xFF, 0x59, 0x00, 0x00, 0x00, 0x00, 0xA4, 0xFF,
    0x91, 0xFB, 0xD1, 0x01, 0x00, 0x00, 0x00, 0x00, 0x25, 0xFC, 0xFF, 0xFF, 0x4D, 0x00, 0x00, 0x00,
    0x00, 0x00, 0x00, 0xA0, 0xFF, 0xC6, 0x00, 0x00, 0x00, 0x00, 0x00, 0x00, 0x00, 0x58, 0xFF, 0x84,
    0x00, 0x00, 0x00, 0x00, 0x00, 0x00, 0x00, 0x58, 0xFF, 0x84, 0x00, 0x00, 0x00, 0x00, 0x00, 0x00,
    0x00, 0x58, 0xFF, 0x84, 0x00, 0x00, 0x00, 0x00, 0x00, 0x00, 0x00, 0x58, 0xFF, 0x84, 0x00, 0x00,
    0x00, 0x00, 0x00, 0x00, 0x00, 0xD1, 0xCD, 0x17, 0x00, 0x00, 0x00, 0x00, 0x00, 0x00, 0x0B, 0xD8,
    0x5D, 0x00, 0x00, 0x00, 0x00, 0x00, 0x00, 0xA0, 0xE7, 0x1F, 0x00, 0x00, 0x00, 0x00, 0x00, 0x00,
    0x00, 0x00, 0x00, 0x00, 0x00, 0x00, 0xC2, 0xFF, 0x39, 0x00, 0x00, 0x01, 0xE2, 0xE6, 0x03, 0x5C,
    0xFF, 0x8D, 0x00, 0x00, 0x3C, 0xFF, 0x86, 0x00, 0x08, 0xED, 0xE0, 0x00, 0x00, 0x93, 0xFE, 0x24,
    0x00, 0x00, 0x90, 0xFF, 0x34, 0x02, 0xE7, 0xBF, 0x00, 0x00, 0x00, 0x29, 0xFF, 0x88, 0x43, 0xFF,
    0x5C, 0x00, 0x00, 0x00, 0x00, 0xC4, 0xDB, 0x9A, 0xEF, 0x09, 0x00, 0x00, 0x00, 0x00, 0x5E, 0xFF,
    0xF2, 0x95, 0x00, 0x00, 0x00, 0x00, 0x00, 0x08, 0xEE, 0xFF, 0x32, 0x00, 0x00, 0x00, 0x00, 0x00,
    0x07, 0xED, 0xCF, 0x00, 0x00, 0x00, 0x00, 0x00, 0x00, 0x5F, 0xFF, 0x62, 0x00, 0x00, 0x00, 0x00,
    0x70, 0x8B, 0xF3, 0xCE, 0x04, 0x00, 0x00, 0x00, 0x00, 0x8E, 0xF4, 0xB1, 0x19, 0x00, 0x00, 0x00,
    0x00, 0x00, 0x00, 0x00, 0x76, 0xF2, 0xAF, 0x42, 0xD1, 0x39, 0x00, 0x00, 0x00, 0x00, 0xE7, 0x48,
    0x8F, 0xEF, 0xB8, 0x02, 0x00, 0x00, 0x00, 0x00, 0x00, 0x00, 0x00, 0x00, 0x00, 0x00, 0x00, 0x00,
    0xAC, 0xFF, 0x73, 0x00, 0x00, 0x00, 0x16, 0xF4, 0xE4, 0x08, 0x2B, 0xFD, 0xE8, 0x0A, 0x00, 0x00,
    0x90, 0xFF, 0x66, 0x00, 0x00, 0xA8, 0xFF, 0x73, 0x00, 0x1D, 0xF8, 0xDB, 0x04, 0x00, 0x00, 0x28,
    0xFD, 0xE8, 0x0A, 0x9B, 0xFF, 0x59, 0x00, 0x00, 0x00, 0x00, 0xA4, 0xFF, 0x91, 0xFB, 0xD1, 0x01,
    0x00, 0x00, 0x00, 0x00, 0x25, 0xFC, 0xFF, 0xFF, 0x4D, 0x00, 0x00, 0x00, 0x00, 0x00, 0x00, 0xA0,
    0xFF, 0xC6, 0x00, 0x00, 0x00, 0x00, 0x00, 0x00, 0x00, 0x58, 0xFF, 0x84, 0x00, 0x00, 0x00, 0x00,
    0x00, 0x00, 0x00, 0x58, 0xFF, 0x84, 0x00, 0x00, 0x00, 0x00, 0x00, 0x00, 0x00, 0x58, 0xFF, 0x84,
    0x00, 0x00, 0x00, 0x00, 0x00, 0x00, 0x00, 0x58, 0xFF, 0x84, 0x00, 0x00, 0x00, 0x00, 0x00, 0x23,
    0xDF, 0xDB, 0x65, 0x7C, 0xA5, 0x00, 0x00, 0x00, 0x7F, 0x96, 0x5D, 0xD1, 0xEA, 0x39, 0x00, 0x00,
    0x00, 0x00, 0x00, 0x00, 0x00, 0x00, 0x00, 0x00, 0x00, 0xC2, 0xFF, 0x39, 0x00, 0x00, 0x01, 0xE2,
    0xE6, 0x03, 0x5C, 0xFF, 0x8D, 0x00, 0x00, 0x3C, 0xFF, 0x86, 0x00, 0x08, 0xED, 0xE0, 0x00, 0x00,
    0x93, 0xFE, 0x24, 0x00, 0x00, 0x90, 0xFF, 0x34, 0x02, 0xE7, 0xBF, 0x00, 0x00, 0x00, 0x29, 0xFF,
    0x88, 0x43, 0xFF, 0x5C, 0x00, 0x00, 0x00, 0x00, 0xC4, 0xDB, 0x9A, 0xEF, 0x09, 0x00, 0x00, 0x00,
    0x00, 0x5E, 0xFF, 0xF2, 0x95, 0x00, 0x00, 0x00, 0x00, 0x00, 0x08, 0xEE, 0xFF, 0x32, 0x00, 0x00,
    0x00, 0x00, 0x00, 0x07, 0xED, 0xCF, 0x00, 0x00, 0x00, 0x00, 0x00, 0x00, 0x5F, 0xFF, 0x62, 0x00,
    0x00, 0x00, 0x00, 0x70, 0x8B, 0xF3, 0xCE, 0x04, 0x00, 0x00, 0x00, 0x00, 0x8E, 0xF4, 0xB1, 0x19,
    0x00, 0x00, 0x00, 0x00, 0x00, 0xFF, 0xFF, 0xFF, 0xFF, 0xFF, 0xFF, 0xFF, 0xFF, 0x58, 0x58, 0x58,
    0x58, 0x58, 0x58, 0x58, 0x58, 0x00, 0x00, 0x00, 0x00, 0x00, 0x00, 0x00, 0x00, 0x00, 0x00, 0x00,
    0x00, 0x00, 0x00, 0x00, 0x00, 0x00, 0x00, 0x00, 0x00, 0x00, 0x00, 0x00, 0x00, 0xFF, 0xFF, 0xFF,
    0xFF, 0xFF, 0xFF, 0xFF, 0xFF, 0xFF, 0xFF, 0xFF, 0xFF, 0xFF, 0xFF, 0xFF, 0xFF, 0x58, 0x58, 0x58,
    0x58, 0x58, 0x58, 0x58, 0x58, 0x58, 0x58, 0x58, 0x58, 0x58, 0x58, 0x58, 0x58, 0x00, 0x00, 0x00,
    0x00, 0x00, 0x00, 0x00, 0x00, 0x00, 0x00, 0x00, 0x00, 0x00, 0x00, 0x00, 0x00, 0x00, 0x00, 0x00,
    0x00, 0x00, 0x00, 0x00, 0x00, 0x00, 0x00, 0x00, 0x00, 0x00, 0x00, 0x00, 0x00, 0x00, 0x00, 0x00,
    0x00, 0x00, 0x00, 0x00, 0x00, 0x00, 0x00, 0x00, 0x00, 0x00, 0x00, 0x00, 0x00, 0x00, 0x24, 0xFE,
    0x1F, 0x00, 0x90, 0xD7, 0x00, 0x0C, 0xF0, 0x8F, 0x00, 0x00, 0x00, 0x00, 0x00, 0x00, 0x00, 0x00,
    0x00, 0x00, 0x00, 0x00, 0x00, 0x00, 0x00, 0x00, 0x00, 0x00, 0x00, 0x00, 0x00, 0x00, 0x00, 0x00,
    0x00, 0x00, 0x00, 0x00, 0x00, 0x00, 0x00, 0x00, 0x00, 0x00, 0x63, 0xFE, 0x23, 0x00, 0xAF, 0xB5,
    0x00, 0x06, 0xF3, 0x49, 0x00, 0x00, 0x00, 0x00, 0x00, 0x00, 0x00, 0x00, 0x00, 0x00, 0x00, 0x00,
    0x00, 0x00, 0x00, 0x00, 0x00, 0x00, 0x00, 0x00, 0x00, 0x00, 0x00, 0x00, 0x00, 0x00, 0x00, 0x00,
    0x00, 0x00, 0x00, 0x00, 0x00, 0x00, 0x63, 0xFE, 0x23, 0xA2, 0xE2, 0x03, 0x00, 0xAF, 0xB5, 0x02,
    0xEA, 0x79, 0x00, 0x06, 0xF3, 0x49, 0x37, 0xF8, 0x15, 0x00, 0x00, 0x00, 0x00, 0x00, 0x00, 0x00,
    0x00, 0x00, 0x00, 0x00, 0x00, 0x00, 0x00, 0x00, 0x00, 0x00, 0x00, 0x00, 0x00, 0x00, 0x00, 0x00,
    0x00, 0x00, 0x00, 0x00, 0x00, 0x00, 0x00, 0x00, 0x00, 0x00, 0x00, 0x00, 0x00, 0x00, 0x00, 0x00,
    0x00, 0x00, 0x00, 0x00, 0x00, 0x00, 0x00, 0x00, 0x00, 0x00, 0x00, 0x00, 0x00, 0x00, 0x00, 0x00,
    0x00, 0x00, 0x00, 0x15, 0xC0, 0xF1, 0x83, 0x00, 0x00, 0x00, 0x8B, 0xFF, 0xFF, 0xFF, 0x2B, 0x00,
    0x00, 0x8D, 0xFF, 0xFF, 0xFF, 0x2D, 0x00, 0x00, 0x18, 0xC3, 0xF2, 0x86, 0x00, 0x00, 0x00, 0x00,
    0x00, 0x00, 0x00, 0x00, 0x00, 0x00, 0x00, 0x00, 0x00, 0x00, 0x00, 0x00, 0x00, 0x00, 0x00, 0x00,
    0x00, 0x00, 0x00, 0x00, 0xB1, 0xE5, 0x1D, 0x00, 0x62, 0xF4, 0x61, 0x00, 0x1C, 0xE5, 0xB5, 0x00,
    0x00, 0xB2, 0xE6, 0x1E, 0x00, 0x63, 0xF4, 0x63, 0x00, 0x1D, 0xE7, 0xB7, 0x00, 0x00, 0xB4, 0xFF,
    0xFF, 0xFF, 0xFF, 0xFF, 0xFF, 0xFF, 0x08, 0x00, 0xB4, 0x74, 0x00, 0x00, 0x00, 0x00, 0x20, 0xFF,
    0x08, 0x00, 0xB4, 0x74, 0x00, 0x00, 0x00, 0x00, 0x20, 0xFF, 0x08, 0x00, 0xB4, 0x74, 0x00, 0x00,
    0x00, 0x00, 0x20, 0xFF, 0x08, 0x00, 0xB4, 0x74, 0x00, 0x00, 0x00, 0x00, 0x20, 0xFF, 0x08, 0x00,
    0xB4, 0x74, 0x00, 0x00, 0x00, 0x00, 0x20, 0xFF, 0x08, 0x00, 0xB4, 0x74, 0x00, 0x00, 0x00, 0x00,
    0x20, 0xFF, 0x08, 0x00, 0xB4, 0x74, 0x00, 0x00, 0x00, 0x00, 0x20, 0xFF, 0x08, 0x00, 0xB4, 0x74,
    0x00, 0x00, 0x00, 0x00, 0x20, 0xFF, 0x08, 0x00, 0xB4, 0x74, 0x00, 0x00, 0x00, 0x00, 0x20, 0xFF,
    0x08, 0x00, 0xB4, 0xFF, 0xFF, 0xFF, 0xFF, 0xFF, 0xFF, 0xFF, 0x08, 0x00, 0x4F, 0xDD, 0xF1, 0x92,
    0x0B, 0x99, 0xF3, 0xDA, 0x47, 0x00, 0x0E, 0xF3, 0xFF, 0xFF, 0xFF, 0xE0, 0xFF, 0xFF, 0xFF, 0xEE,
    0x07, 0x37, 0xFF, 0xFF, 0xFF, 0xFF, 0xFF, 0xFF, 0xFF, 0xFF, 0xFF, 0x2B, 0x1E, 0xFF, 0xFF, 0xFF,
    0xFF, 0xFF, 0xFF, 0xFF, 0xFF, 0xFF, 0x11, 0x00, 0xC7, 0xFF, 0xFF, 0xFF, 0xFF, 0xFF, 0xFF, 0xFF,
    0xBB, 0x00, 0x00, 0x32, 0xF6, 0xFF, 0xFF, 0xFF, 0xFF, 0xFF, 0xF2, 0x2A, 0x00, 0x00, 0x00, 0x4D,
    0xF8, 0xFF, 0xFF, 0xFF, 0xF5, 0x44, 0x00, 0x00, 0x00, 0x00, 0x00, 0x40, 0xEF, 0xFF, 0xEA, 0x38,
    0x00, 0x00, 0x00, 0x00, 0x00, 0x00, 0x00, 0x2B, 0xCA, 0x24, 0x00, 0x00, 0x00, 0x00, 0x00, 0x00,
    0x00, 0x00, 0x00, 0x00, 0x00, 0x00, 0x00, 0x00, 0x00, 0x00, 0x0C, 0x53, 0x65, 0x67, 0x6F, 0x65,
    0x55, 0x49, 0x2D, 0x53, 0x65, 0x6D, 0x69, 0x00, 0x10, 0x53, 0x65, 0x67, 0x6F, 0x65, 0x55, 0x49,
    0x2D, 0x53, 0x65, 0x6D, 0x69, 0x62, 0x6F, 0x6C, 0x64, 0x01
};
