#pragma once
#include <Arduino.h>

const uint8_t give_info_gif[] PROGMEM = {
    0x47, 0x49, 0x46, 0x38, 0x39, 0x61, 0x60, 0x00, 0x60, 0x00, 0x85, 0x00, 0x00, 0xfc, 0xfa, 0xf8,
    0xed, 0xec, 0xeb, 0xfc, 0xe6, 0xd4, 0xee, 0xda, 0xc9, 0xd8, 0xd7, 0xd6, 0xca, 0xc5, 0xc6, 0xef,
    0xc4, 0xb4, 0xee, 0xd3, 0x42, 0xed, 0xcc, 0x41, 0xff, 0xc8, 0x28, 0xea, 0xb4, 0xa7, 0xc3, 0xb2,
    0xa9, 0xd1, 0xab, 0xa5, 0xcd, 0xb0, 0x41, 0xb5, 0xb6, 0xaf, 0xc0, 0x9f, 0x90, 0xb1, 0xab, 0xab,
    0xb3, 0x93, 0x8e, 0x3b, 0x6e, 0x6b, 0x89, 0x57, 0x4f, 0x78, 0x52, 0x27, 0x34, 0x55, 0x54, 0x6e,
    0x45, 0x42, 0x67, 0x40, 0x3e, 0x63, 0x3d, 0x3c, 0xaf, 0x29, 0x32, 0x59, 0x37, 0x38, 0x44, 0x29,
    0x2d, 0x21, 0x38, 0x3b, 0x1f, 0x34, 0x37, 0x9c, 0x23, 0x2e, 0x92, 0x1f, 0x2d, 0x6f, 0x18, 0x26,
    0x3b, 0x24, 0x29, 0x58, 0x14, 0x21, 0x2f, 0x1c, 0x22, 0x19, 0x23, 0x28, 0x24, 0x15, 0x1b, 0x16,
    0x14, 0x1b, 0x02, 0x01, 0x01, 0x00, 0x00, 0x00, 0x00, 0x00, 0x00, 0x00, 0x00, 0x00, 0x00, 0x00,
    0x00, 0x00, 0x00, 0x00, 0x00, 0x00, 0x00, 0x00, 0x00, 0x00, 0x00, 0x00, 0x00, 0x00, 0x00, 0x00,
    0x00, 0x00, 0x00, 0x00, 0x00, 0x00, 0x00, 0x00, 0x00, 0x00, 0x00, 0x00, 0x00, 0x00, 0x00, 0x00,
    0x00, 0x00, 0x00, 0x00, 0x00, 0x00, 0x00, 0x00, 0x00, 0x00, 0x00, 0x00, 0x00, 0x00, 0x00, 0x00,
    0x00, 0x00, 0x00, 0x00, 0x00, 0x00, 0x00, 0x00, 0x00, 0x00, 0x00, 0x00, 0x00, 0x21, 0xff, 0x0b,
    0x4e, 0x45, 0x54, 0x53, 0x43, 0x41, 0x50, 0x45, 0x32, 0x2e, 0x30, 0x03, 0x01, 0x00, 0x00, 0x00,
    0x21, 0xfe, 0x29, 0x47, 0x49, 0x46, 0x20, 0x72, 0x65, 0x73, 0x69, 0x7a, 0x65, 0x64, 0x20, 0x77,
    0x69, 0x74, 0x68, 0x20, 0x68, 0x74, 0x74, 0x70, 0x73, 0x3a, 0x2f, 0x2f, 0x65, 0x7a, 0x67, 0x69,
    0x66, 0x2e, 0x63, 0x6f, 0x6d, 0x2f, 0x72, 0x65, 0x73, 0x69, 0x7a, 0x65, 0x00, 0x21, 0xf9, 0x04,
    0x09, 0x08, 0x00, 0x28, 0x00, 0x2c, 0x00, 0x00, 0x00, 0x00, 0x60, 0x00, 0x60, 0x00, 0x00, 0x08,
    0xff, 0x00, 0x51, 0x08, 0x1c, 0x48, 0xb0, 0xa0, 0xc1, 0x83, 0x08, 0x13, 0x2a, 0x5c, 0xc8, 0xb0,
    0xa1, 0xc3, 0x87, 0x10, 0x23, 0x4a, 0x9c, 0x48, 0xb1, 0xa2, 0xc5, 0x8b, 0x18, 0x33, 0x6a, 0xdc,
    0xc8, 0xb1, 0xa3, 0xc7, 0x8f, 0x20, 0x43, 0x8a, 0x1c, 0x49, 0xb2, 0xa4, 0xc9, 0x93, 0x28, 0x53,
    0xaa, 0x5c, 0xc9, 0xb2, 0xa5, 0xcb, 0x97, 0x30, 0x63, 0xca, 0x9c, 0x49, 0xb3, 0xa6, 0xcd, 0x9b,
    0x38, 0x73, 0xea, 0xdc, 0x99, 0xf0, 0x84, 0xcf, 0x9f, 0x3f, 0x79, 0x6e, 0x04, 0x4a, 0x54, 0xa8,
    0x46, 0xa2, 0x40, 0x8d, 0x5a, 0xfc, 0xb9, 0xa1, 0xe9, 0xc0, 0xa6, 0x1b, 0x82, 0x2a, 0x8d, 0xc8,
    0xd4, 0xa9, 0x40, 0xa8, 0x52, 0xa7, 0x3e, 0xac, 0xba, 0xe1, 0x69, 0xd3, 0xac, 0x5a, 0x09, 0x9a,
    0x18, 0x4b, 0x96, 0xec, 0xcf, 0xb2, 0x68, 0xc1, 0x86, 0x15, 0x88, 0xb6, 0xec, 0xd9, 0xb6, 0x63,
    0xd5, 0xae, 0x85, 0x1b, 0xd7, 0x27, 0x5d, 0x13, 0x72, 0x73, 0x9a, 0x25, 0x0a, 0xb5, 0xaf, 0xdf,
    0xbf, 0x23, 0x02, 0xbf, 0x35, 0xc1, 0x73, 0x2f, 0xd0, 0xbf, 0x88, 0xfd, 0x06, 0x1e, 0x31, 0xb8,
    0x70, 0xdd, 0xc3, 0x89, 0x23, 0x2f, 0x6e, 0x5c, 0xd3, 0x30, 0x86, 0xcb, 0x98, 0x31, 0x5f, 0xd8,
    0xcc, 0x19, 0xf3, 0xe2, 0x10, 0xa0, 0x39, 0x8b, 0x1e, 0x4d, 0xd9, 0xa5, 0xe5, 0xcc, 0x99, 0x47,
    0x5f, 0xf0, 0x1c, 0x18, 0x74, 0x08, 0xd5, 0xaa, 0x4b, 0xb7, 0x3c, 0x8d, 0xfa, 0xb2, 0x6a, 0xd6,
    0x23, 0x5c, 0xc3, 0x26, 0x6d, 0x77, 0xec, 0xec, 0xb1, 0xb5, 0x35, 0xef, 0x1e, 0x8e, 0x19, 0xaa,
    0x70, 0xd1, 0xc7, 0xc9, 0xaa, 0x24, 0x1b, 0xdc, 0xf6, 0xf0, 0xdd, 0xc5, 0x9b, 0x1e, 0xef, 0xec,
    0xfc, 0x82, 0xf2, 0x94, 0xcc, 0x9b, 0x3f, 0x87, 0x7e, 0xd9, 0x78, 0x75, 0xea, 0x18, 0x38, 0x5f,
    0xff, 0x47, 0x99, 0x3d, 0xf5, 0x66, 0x0b, 0xe8, 0xd3, 0x6f, 0x17, 0xfd, 0x77, 0xf8, 0x84, 0xf7,
    0xe3, 0x4f, 0x96, 0x3f, 0x9e, 0x5e, 0xfd, 0xfa, 0xcd, 0xed, 0x77, 0xbf, 0x9f, 0x10, 0xdf, 0xe4,
    0xfc, 0xea, 0xf5, 0xa1, 0x77, 0x1f, 0x7e, 0x7e, 0xb9, 0x07, 0x9f, 0x6f, 0xfe, 0x01, 0xd7, 0x5d,
    0x53, 0x9c, 0xed, 0xe7, 0xe0, 0x7b, 0x03, 0xb2, 0xc7, 0x20, 0x77, 0x18, 0xec, 0xd7, 0xdf, 0x47,
    0xe5, 0x41, 0xd5, 0xe0, 0x83, 0xfb, 0x45, 0xc8, 0x99, 0x86, 0x14, 0x5a, 0x88, 0xa0, 0x48, 0x19,
    0x4e, 0x78, 0x01, 0x87, 0x1d, 0x7a, 0x78, 0x01, 0x88, 0xb0, 0x61, 0x26, 0x22, 0x61, 0x20, 0x95,
    0xa7, 0xc1, 0x8c, 0x2c, 0x72, 0x78, 0x9c, 0x8d, 0xdf, 0x11, 0xb8, 0x41, 0x8a, 0xc8, 0x5d, 0xc6,
    0xe1, 0x85, 0x18, 0xc9, 0x48, 0xa3, 0x89, 0x38, 0x86, 0xb7, 0x59, 0x91, 0xaa, 0x41, 0xc5, 0x23,
    0x78, 0x3f, 0x8e, 0xb8, 0x91, 0x90, 0x1a, 0xd4, 0xf8, 0xe0, 0x8d, 0x53, 0xe6, 0xb8, 0x62, 0x53,
    0x4b, 0x6e, 0xe6, 0xe2, 0x83, 0x40, 0x5e, 0x54, 0xe2, 0x06, 0xb5, 0xed, 0x37, 0x63, 0x94, 0x44,
    0xa2, 0x38, 0x41, 0x92, 0x58, 0x56, 0x89, 0xc1, 0x98, 0x5b, 0xf2, 0xe7, 0xa4, 0x46, 0x5f, 0x86,
    0xf9, 0xde, 0x98, 0x52, 0xa2, 0x88, 0xe6, 0x8e, 0x6a, 0xb2, 0xe9, 0xe3, 0x81, 0x30, 0x72, 0x14,
    0x27, 0x6a, 0x62, 0x0e, 0xb9, 0xc1, 0x86, 0x76, 0x8e, 0xa6, 0x64, 0x9e, 0x33, 0xb6, 0xd9, 0xe5,
    0x44, 0x64, 0x8d, 0x39, 0xe6, 0x62, 0x7a, 0x62, 0x10, 0x19, 0xa1, 0x1c, 0xaa, 0xe6, 0x9a, 0x99,
    0x13, 0x44, 0x8a, 0xd9, 0x98, 0x8b, 0x3e, 0xd4, 0xa8, 0xa3, 0x1a, 0x40, 0x9a, 0xe8, 0x82, 0x88,
    0x51, 0xfa, 0xa0, 0xa5, 0xa0, 0x61, 0xaa, 0xe9, 0x65, 0x9c, 0xbe, 0xc9, 0xe8, 0x58, 0xa0, 0x86,
    0xff, 0x1a, 0x58, 0xa4, 0x93, 0x1e, 0x69, 0x26, 0xaa, 0x21, 0xa8, 0x3a, 0x6a, 0x66, 0xad, 0xf6,
    0x59, 0xd1, 0xa7, 0x8e, 0x2e, 0xd6, 0xc0, 0xb0, 0x07, 0x14, 0x5b, 0xab, 0x84, 0x1b, 0xd8, 0x27,
    0x9a, 0x6b, 0x63, 0xf2, 0xf8, 0x57, 0x6d, 0x9d, 0x3a, 0x04, 0xec, 0xa3, 0x81, 0x0d, 0xdb, 0x40,
    0xb1, 0x07, 0x1c, 0xfb, 0x61, 0x53, 0xca, 0x72, 0xc6, 0xec, 0x8c, 0xce, 0xfa, 0x05, 0xad, 0xab,
    0x12, 0x4d, 0x3b, 0xa3, 0xb0, 0xc4, 0x1a, 0x9b, 0xd8, 0x9d, 0xdd, 0x6e, 0xf6, 0xad, 0x06, 0xe1,
    0xf6, 0x35, 0xae, 0xaf, 0x11, 0x99, 0xeb, 0x68, 0x64, 0x08, 0xe4, 0x4b, 0xc1, 0xbe, 0xb4, 0x16,
    0x38, 0xda, 0x98, 0xae, 0x79, 0x67, 0xe4, 0x95, 0xf2, 0xa2, 0x06, 0x55, 0xb4, 0x07, 0xd9, 0x4b,
    0x67, 0x62, 0xf9, 0x22, 0xb0, 0x2f, 0x05, 0xfd, 0xf6, 0xa5, 0x1a, 0xc0, 0xa0, 0x09, 0xbc, 0x6d,
    0xc1, 0x99, 0x1d, 0x4c, 0xee, 0x42, 0x0a, 0x0b, 0xfa, 0x57, 0xc3, 0x0f, 0x47, 0xcc, 0x22, 0x67,
    0x14, 0x87, 0x60, 0xb1, 0x8e, 0x02, 0x47, 0xb7, 0x01, 0xc2, 0x06, 0xd9, 0xab, 0x72, 0x64, 0x7f,
    0x2d, 0x2c, 0xb1, 0x96, 0xa4, 0x2a, 0x60, 0x33, 0x54, 0x63, 0x5e, 0x9c, 0x32, 0xa9, 0x2c, 0x17,
    0xe4, 0x32, 0xa9, 0x30, 0xfb, 0x25, 0x33, 0x8b, 0x2a, 0xdb, 0xac, 0x00, 0xce, 0x33, 0xea, 0x2c,
    0x9d, 0xc1, 0x4d, 0xf5, 0x2c, 0x16, 0xac, 0xa0, 0xbe, 0x1c, 0x34, 0xd2, 0x64, 0xce, 0xbc, 0x5a,
    0xcd, 0x37, 0x37, 0x95, 0x33, 0xca, 0x4b, 0x67, 0xdc, 0xf4, 0xc6, 0x0a, 0x95, 0xe7, 0x9a, 0xd4,
    0x88, 0x8d, 0x99, 0x9e, 0xd1, 0xcf, 0xb2, 0x2a, 0xa8, 0x01, 0x6c, 0x47, 0xe0, 0x36, 0x54, 0xe9,
    0xa5, 0x2d, 0xa9, 0x5f, 0x4e, 0x0f, 0x24, 0x36, 0x68, 0x64, 0xc7, 0x3c, 0xe3, 0xd9, 0x59, 0x63,
    0xff, 0x2c, 0x33, 0xdb, 0x06, 0xb8, 0x1d, 0x01, 0xdc, 0xe8, 0xc9, 0xfd, 0x57, 0xdd, 0x6c, 0x29,
    0x88, 0xc1, 0xd8, 0x40, 0x27, 0x66, 0x36, 0x7a, 0x68, 0x8b, 0xab, 0x76, 0xd5, 0x80, 0x0b, 0x4e,
    0xb8, 0x05, 0x86, 0xd3, 0x0d, 0x76, 0x42, 0x77, 0x87, 0x90, 0xf7, 0x57, 0x48, 0xf9, 0x04, 0xb8,
    0xde, 0x55, 0x63, 0x15, 0xfa, 0x09, 0x91, 0x91, 0x8d, 0x38, 0x0a, 0x9d, 0x7f, 0x1e, 0xd5, 0xe9,
    0xa3, 0x0b, 0xed, 0x31, 0xe8, 0xa1, 0xa7, 0xde, 0xf8, 0xca, 0x9b, 0x23, 0xd4, 0xfa, 0xed, 0xa6,
    0x87, 0x1e, 0x7b, 0x5f, 0x43, 0xd3, 0x8e, 0x94, 0xed, 0x73, 0xf7, 0xb5, 0xba, 0x61, 0x02, 0xbb,
    0x56, 0xc2, 0xf2, 0x3f, 0x2d, 0xe0, 0x3c, 0x09, 0xd0, 0x47, 0x0f, 0xc0, 0xf4, 0x53, 0x4f, 0x6f,
    0x3d, 0x00, 0xd1, 0x3b, 0xbf, 0xc0, 0x4f, 0xcb, 0x97, 0x20, 0xf0, 0xe1, 0xb9, 0x27, 0xfc, 0x58,
    0xf2, 0xa0, 0x75, 0xdf, 0xfc, 0xf3, 0xd1, 0x43, 0x6f, 0x7d, 0xf5, 0xd7, 0x63, 0x0f, 0xbd, 0xf6,
    0xdc, 0x2f, 0xff, 0xbd, 0xe6, 0xf4, 0x36, 0x84, 0x7c, 0xd7, 0xca, 0x33, 0xef, 0x93, 0xf6, 0xe9,
    0xab, 0x4f, 0x7d, 0xd0, 0xed, 0x73, 0x1f, 0x09, 0xe0, 0xe7, 0x93, 0xee, 0xcd, 0xcf, 0x78, 0xe1,
    0x6b, 0xd9, 0xf8, 0xb4, 0x26, 0xa8, 0x9f, 0x30, 0xe0, 0x81, 0x01, 0x88, 0x20, 0x07, 0x26, 0x48,
    0x41, 0x0a, 0x72, 0xc5, 0x68, 0x3f, 0xa1, 0x60, 0x07, 0x36, 0x48, 0xc1, 0x02, 0x78, 0xf0, 0x81,
    0x0c, 0xe0, 0x8a, 0xea, 0x46, 0x94, 0x80, 0x12, 0x32, 0xe4, 0x7e, 0x1b, 0x90, 0x99, 0x03, 0x21,
    0x28, 0xc1, 0x0a, 0x56, 0xf0, 0x82, 0x36, 0xcb, 0xe0, 0x04, 0x37, 0xd8, 0x81, 0x0e, 0x7e, 0xf0,
    0x81, 0x22, 0xbc, 0xdd, 0x78, 0x4a, 0x98, 0x80, 0x13, 0x2e, 0x30, 0x85, 0x0d, 0xf4, 0x09, 0x08,
    0xff, 0x23, 0x18, 0x00, 0x17, 0xbe, 0xd0, 0x27, 0x50, 0xc1, 0xa0, 0x4f, 0x34, 0xc8, 0xc1, 0x09,
    0x7a, 0xb0, 0x00, 0x20, 0xcc, 0x61, 0xf1, 0x34, 0xd6, 0x27, 0x1e, 0x7a, 0x0a, 0x6a, 0x94, 0x63,
    0xdb, 0x4f, 0x1c, 0xc0, 0x45, 0xeb, 0x55, 0xe0, 0x8b, 0x12, 0x08, 0xe3, 0x17, 0x2b, 0x70, 0x3a,
    0xa0, 0x8c, 0x31, 0x8c, 0x12, 0x18, 0xa3, 0xf5, 0xb8, 0xe8, 0x80, 0x9f, 0xc4, 0x0a, 0x7c, 0x26,
    0xb0, 0x62, 0xbd, 0xb0, 0x08, 0x15, 0xc0, 0x6d, 0xb1, 0x8b, 0xd3, 0x3b, 0xa3, 0x18, 0xbf, 0x58,
    0xc6, 0x9f, 0xe8, 0x31, 0x8d, 0x5f, 0x5c, 0x23, 0x17, 0xdd, 0x08, 0x2a, 0x38, 0xca, 0x11, 0x22,
    0xc0, 0xaa, 0xa3, 0x16, 0x7d, 0xc2, 0x46, 0x2f, 0x82, 0x71, 0x8f, 0x64, 0xec, 0xe3, 0x09, 0xfe,
    0xa8, 0xc6, 0xe9, 0xb1, 0x91, 0x90, 0xf7, 0xa2, 0xdf, 0x21, 0x7d, 0x68, 0x82, 0xfd, 0xe0, 0x46,
    0x00, 0xa0, 0xb4, 0xa3, 0x4f, 0xac, 0x07, 0x38, 0xc0, 0xb1, 0x71, 0x00, 0xa8, 0x04, 0xa5, 0x2a,
    0x05, 0x80, 0xca, 0x01, 0xb0, 0xb1, 0x94, 0x6c, 0xb3, 0x1e, 0x57, 0x82, 0x87, 0xbb, 0x38, 0x9a,
    0x70, 0x8e, 0x9d, 0x7c, 0xcf, 0x27, 0x43, 0xb9, 0xc8, 0x13, 0x90, 0x12, 0x96, 0xa7, 0x4c, 0xe5,
    0x2a, 0x59, 0x89, 0xca, 0x57, 0xc2, 0x52, 0x96, 0x48, 0x64, 0x60, 0xe9, 0xbe, 0x66, 0xcb, 0x1e,
    0xe2, 0xd2, 0x93, 0x97, 0x59, 0x8c, 0x2a, 0x45, 0xe9, 0xcb, 0xe9, 0xc1, 0xd2, 0x00, 0xc1, 0x1c,
    0xc0, 0x30, 0x89, 0xe9, 0x4a, 0x2e, 0x5e, 0x13, 0x99, 0xa8, 0x53, 0xa6, 0x21, 0x6f, 0xf9, 0x2a,
    0x13, 0x50, 0x6b, 0x31, 0xe8, 0x5c, 0x4c, 0x2b, 0x91, 0x42, 0x96, 0x6d, 0x6e, 0xb3, 0x8c, 0xad,
    0x5c, 0xcc, 0xd4, 0x36, 0x49, 0x11, 0x60, 0xa5, 0xf3, 0x9e, 0x23, 0x58, 0x27, 0x51, 0xda, 0xe9,
    0xff, 0xce, 0x55, 0xc2, 0x13, 0x95, 0xf2, 0x0c, 0x1a, 0x3d, 0xcb, 0x79, 0x4e, 0x7c, 0x06, 0x46,
    0x9f, 0x40, 0xe1, 0x67, 0x3f, 0x41, 0xf9, 0xcf, 0x01, 0x04, 0x14, 0x66, 0x03, 0xbd, 0xa2, 0x09,
    0xe2, 0x26, 0xce, 0xa6, 0xdc, 0x73, 0x4c, 0xad, 0x5c, 0xa8, 0x46, 0xfb, 0x49, 0xcb, 0xcf, 0x80,
    0x66, 0x75, 0x0a, 0x9c, 0x68, 0xe1, 0x2a, 0xba, 0x81, 0x8b, 0xce, 0x28, 0xa3, 0x1b, 0x4d, 0xa9,
    0x2a, 0x3b, 0xda, 0x9a, 0x8f, 0x26, 0x90, 0x63, 0x63, 0xa1, 0x28, 0x10, 0xab, 0x66, 0x52, 0x0d,
    0xa0, 0x54, 0xa5, 0x29, 0x65, 0x69, 0x6e, 0x5c, 0x5a, 0xbf, 0x72, 0xc5, 0x14, 0x3d, 0x64, 0x43,
    0x0a, 0x08, 0x86, 0x4a, 0x54, 0xa2, 0xee, 0x07, 0x02, 0x48, 0x2d, 0xea, 0x50, 0x91, 0x0a, 0x01,
    0xa5, 0x16, 0x55, 0x04, 0x50, 0x15, 0xea, 0x50, 0xbb, 0xf7, 0xa4, 0x9f, 0x5a, 0x20, 0xa8, 0x44,
    0x71, 0xaa, 0x51, 0xdf, 0xc3, 0x54, 0xa7, 0x76, 0x55, 0xab, 0x20, 0x80, 0xaa, 0x08, 0xa4, 0x0a,
    0x02, 0xaa, 0xc2, 0xc9, 0xaa, 0x58, 0x05, 0x0a, 0x58, 0x41, 0x70, 0xd4, 0xa4, 0x2a, 0xf5, 0xab,
    0x5a, 0x15, 0x2b, 0x59, 0xcd, 0xea, 0x27, 0x3a, 0xd2, 0x6e, 0x9b, 0xda, 0x13, 0x6b, 0x06, 0xf6,
    0xfa, 0x44, 0x02, 0xf8, 0x95, 0x8d, 0x4c, 0xf5, 0x2b, 0x01, 0x9e, 0xb8, 0xd7, 0x0c, 0x88, 0x75,
    0xa1, 0x48, 0xf1, 0x48, 0x22, 0xef, 0x3a, 0xcc, 0xbc, 0x42, 0xb5, 0xb0, 0x7d, 0xfd, 0x2b, 0x17,
    0x03, 0xeb, 0x57, 0xc2, 0xee, 0xf5, 0xb0, 0xfd, 0x4c, 0x6c, 0x47, 0x16, 0xfb, 0xba, 0x13, 0xe0,
    0xd5, 0x79, 0x7a, 0xe5, 0xab, 0x07, 0x05, 0x0b, 0x58, 0xa4, 0x0a, 0xd6, 0xb2, 0x86, 0x85, 0x2a,
    0x62, 0x8b, 0x72, 0x56, 0x13, 0xa8, 0x6c, 0x20, 0x3f, 0x01, 0x9c, 0x2a, 0x1f, 0x40, 0xdb, 0xc2,
    0x76, 0x7a, 0xe0, 0xb6, 0x85, 0x25, 0x6a, 0x00, 0x89, 0x7a, 0x5b, 0x0f, 0x7c, 0xe0, 0xb7, 0x85,
    0x35, 0xda, 0x34, 0x7b, 0xa9, 0x58, 0xc5, 0x41, 0x05, 0xb6, 0xa2, 0x63, 0xdb, 0x6c, 0x6b, 0xbb,
    0xd7, 0xde, 0xe6, 0x76, 0xa8, 0xbb, 0x1d, 0x6a, 0x6f, 0x7f, 0xfb, 0x81, 0xe0, 0xda, 0x6c, 0xb8,
    0x06, 0xc8, 0x8b, 0x97, 0x8c, 0x6b, 0x15, 0x14, 0xc4, 0x56, 0xb9, 0xa0, 0xa4, 0xed, 0x03, 0x6c,
    0x8b, 0xdb, 0xbd, 0xea, 0xb6, 0x7d, 0xbc, 0xbd, 0x2d, 0x75, 0xad, 0xab, 0x00, 0xec, 0x6a, 0xd7,
    0x22, 0x86, 0x91, 0x0b, 0x3b, 0xef, 0x42, 0xdf, 0xfa, 0xa6, 0x85, 0xb5, 0x18, 0x7a, 0x8c, 0x7c,
    0xf7, 0x69, 0xdf, 0xfe, 0xd2, 0x57, 0xb3, 0xf9, 0xc5, 0x0b, 0x7e, 0x91, 0x9b, 0x50, 0xff, 0x1a,
    0xb8, 0x2d, 0x00, 0xae, 0x48, 0x40, 0x00, 0x00, 0x21, 0xf9, 0x04, 0x09, 0x08, 0x00, 0x28, 0x00,
    0x2c, 0x00, 0x00, 0x00, 0x00, 0x60, 0x00, 0x60, 0x00, 0x85, 0xfc, 0xfa, 0xf8, 0xed, 0xec, 0xeb,
    0xfc, 0xe6, 0xd4, 0xee, 0xda, 0xc9, 0xd8, 0xd7, 0xd6, 0xef, 0xc5, 0xb4, 0xca, 0xc5, 0xc6, 0xee,
    0xd3, 0x42, 0xed, 0xcc, 0x41, 0xff, 0xc8, 0x28, 0xea, 0xb4, 0xa7, 0xd1, 0xab, 0xa5, 0xcd, 0xb0,
    0x41, 0xc2, 0xb3, 0xa8, 0xc0, 0x9f, 0x90, 0xb5, 0xb6, 0xaf, 0xad, 0xa4, 0xa4, 0xb3, 0x93, 0x8e,
    0x3b, 0x6e, 0x6b, 0x89, 0x57, 0x4f, 0x78, 0x52, 0x27, 0x6e, 0x45, 0x42, 0x67, 0x40, 0x3e, 0x34,
    0x55, 0x54, 0x63, 0x3d, 0x3c, 0x59, 0x37, 0x38, 0x21, 0x38, 0x3b, 0xaf, 0x29, 0x32, 0x9c, 0x23,
    0x2e, 0x92, 0x1f, 0x2d, 0x6e, 0x1d, 0x2e, 0x55, 0x15, 0x22, 0x44, 0x29, 0x2d, 0x3b, 0x24, 0x29,
    0x2f, 0x1c, 0x22, 0x1f, 0x34, 0x37, 0x19, 0x23, 0x28, 0x23, 0x14, 0x1a, 0x16, 0x14, 0x1b, 0x03,
    0x01, 0x01, 0x00, 0x00, 0x00, 0x00, 0x00, 0x00, 0x00, 0x00, 0x00, 0x00, 0x00, 0x00, 0x00, 0x00,
    0x00, 0x00, 0x00, 0x00, 0x00, 0x00, 0x00, 0x00, 0x00, 0x00, 0x00, 0x00, 0x00, 0x00, 0x00, 0x00,
    0x00, 0x00, 0x00, 0x00, 0x00, 0x00, 0x00, 0x00, 0x00, 0x00, 0x00, 0x00, 0x00, 0x00, 0x00, 0x00,
    0x00, 0x00, 0x00, 0x00, 0x00, 0x00, 0x00, 0x00, 0x00, 0x00, 0x00, 0x00, 0x00, 0x00, 0x00, 0x00,
    0x00, 0x00, 0x00, 0x00, 0x00, 0x00, 0x00, 0x00, 0x00, 0x00, 0x08, 0xff, 0x00, 0x51, 0x08, 0x1c,
    0x48, 0xb0, 0xa0, 0xc1, 0x83, 0x08, 0x13, 0x2a, 0x5c, 0xc8, 0xb0, 0xa1, 0xc3, 0x87, 0x10, 0x23,
    0x4a, 0x9c, 0x48, 0xb1, 0xa2, 0xc5, 0x8b, 0x18, 0x33, 0x6a, 0xdc, 0xc8, 0xb1, 0xa3, 0xc7, 0x8f,
    0x20, 0x43, 0x8a, 0x1c, 0x49, 0xb2, 0xa4, 0xc9, 0x93, 0x28, 0x53, 0xaa, 0x5c, 0xc9, 0xb2, 0xa5,
    0xcb, 0x97, 0x30, 0x63, 0xca, 0x9c, 0x49, 0xb3, 0xa6, 0xcd, 0x9b, 0x38, 0x73, 0xea, 0xdc, 0xc9,
    0xb3, 0xa7, 0xcf, 0x9f, 0x33, 0x4f, 0x08, 0x1d, 0x3a, 0x14, 0xe8, 0x45, 0xa2, 0x48, 0x8d, 0x5a,
    0x44, 0x4a, 0x54, 0xa9, 0xc4, 0xa1, 0x20, 0xa2, 0x0e, 0x8c, 0x0a, 0xa2, 0xa8, 0xd3, 0x86, 0x50,
    0xa5, 0x0a, 0xa4, 0x6a, 0xf5, 0xea, 0xc2, 0xac, 0x20, 0xa6, 0x46, 0xed, 0xea, 0xd5, 0x84, 0xd9,
    0xb3, 0x67, 0x87, 0xa2, 0x5d, 0x4b, 0xf6, 0xea, 0x5a, 0xb4, 0x6a, 0xdf, 0x9a, 0x6d, 0xeb, 0x54,
    0xee, 0x5c, 0xa1, 0x76, 0x4d, 0xd0, 0xcd, 0x99, 0x16, 0x29, 0xd5, 0xbf, 0x80, 0x03, 0x8b, 0x18,
    0x1c, 0xd7, 0x04, 0xcf, 0xbe, 0x44, 0x03, 0x2b, 0x06, 0x3c, 0x58, 0x44, 0xe1, 0xc3, 0x77, 0x13,
    0x2f, 0x9e, 0xdc, 0xf8, 0x71, 0x4d, 0xc4, 0x18, 0x32, 0x6b, 0xd6, 0x6c, 0xa1, 0xb3, 0x67, 0xcd,
    0x8d, 0x43, 0x88, 0xf6, 0x4c, 0xba, 0xb4, 0x65, 0x97, 0x98, 0x37, 0x6f, 0x2e, 0x6d, 0x01, 0xf4,
    0x60, 0xd1, 0x21, 0x58, 0xb3, 0x3e, 0xdd, 0x32, 0xb5, 0xea, 0xcc, 0xac, 0x5d, 0x8b, 0x80, 0x2d,
    0xdb, 0x34, 0x5e, 0xb3, 0xb5, 0xcd, 0xde, 0xe6, 0xdc, 0xbb, 0xb8, 0x66, 0xaa, 0xc4, 0x49, 0x27,
    0x3f, 0xab, 0xf2, 0xec, 0x70, 0xdc, 0xc5, 0x7b, 0x1f, 0x8f, 0x9a, 0xfc, 0x33, 0x74, 0x0b, 0xcc,
    0x53, 0x3a, 0x7f, 0x1e, 0x5d, 0x7a, 0x66, 0xe4, 0xd7, 0xad, 0x63, 0xff, 0xf0, 0x9c, 0x1d, 0xe5,
    0xf6, 0xd5, 0x9d, 0x2b, 0xa8, 0x5f, 0xdf, 0x9d, 0x74, 0xe0, 0xe2, 0x13, 0xe2, 0x97, 0x3f, 0x79,
    0x3e, 0xf9, 0x7a, 0xf6, 0xed, 0x3b, 0xbf, 0xef, 0x1d, 0x7f, 0xc2, 0x7c, 0x93, 0xf5, 0x5d, 0x77,
    0x9f, 0x7a, 0xf9, 0xe9, 0x07, 0x18, 0x7c, 0xf2, 0x01, 0x07, 0xa0, 0x70, 0xdf, 0x45, 0xe5, 0x59,
    0x7f, 0x10, 0xc6, 0x57, 0xa0, 0x7b, 0x0e, 0x7a, 0x87, 0x41, 0x7f, 0xff, 0x7d, 0x74, 0x1e, 0x55,
    0x0f, 0x46, 0xd8, 0xdf, 0x84, 0x9e, 0x71, 0x68, 0x21, 0x86, 0x0a, 0x8a, 0xb4, 0x61, 0x85, 0x16,
    0x78, 0xf8, 0x21, 0x88, 0x16, 0x88, 0x28, 0x9b, 0x66, 0x24, 0x1a, 0x06, 0xd2, 0x79, 0x19, 0xd4,
    0xe8, 0xa2, 0x87, 0xc9, 0xe1, 0x18, 0x9e, 0x81, 0x20, 0xac, 0xa8, 0x5c, 0x66, 0x1e, 0x66, 0x88,
    0x11, 0x8d, 0x36, 0xa2, 0xa8, 0xe3, 0x78, 0x9d, 0x1d, 0xc9, 0x1a, 0x55, 0x3e, 0x8a, 0x17, 0x64,
    0x89, 0x1b, 0x11, 0x99, 0xc1, 0x8d, 0x11, 0xe6, 0x58, 0xe5, 0x8e, 0x2d, 0x46, 0xd5, 0x64, 0x67,
    0x30, 0x46, 0x28, 0xe4, 0x45, 0x27, 0x82, 0x70, 0x5b, 0x7f, 0x35, 0x4e, 0x69, 0xa4, 0x8a, 0x13,
    0x2c, 0xa9, 0xe5, 0x95, 0x18, 0x94, 0xd9, 0xa5, 0x7f, 0x50, 0x6a, 0x14, 0xe6, 0x98, 0xf1, 0x95,
    0x49, 0xa5, 0x8a, 0x6a, 0xf6, 0xc8, 0xa6, 0x9b, 0x40, 0x26, 0x28, 0x23, 0x47, 0x73, 0xaa, 0x46,
    0x66, 0x91, 0x20, 0x74, 0x88, 0x67, 0x69, 0x4c, 0xee, 0x59, 0xe3, 0x9b, 0x5f, 0x4e, 0x74, 0x56,
    0x99, 0x65, 0x36, 0xc6, 0x27, 0x06, 0x93, 0x19, 0xea, 0x21, 0x6b, 0xb0, 0xa1, 0x39, 0xc1, 0xa4,
    0x9a, 0x95, 0xd9, 0xe8, 0x43, 0x8f, 0x42, 0x9a, 0x81, 0xa4, 0x8b, 0x36, 0xa8, 0x98, 0xa5, 0x11,
    0x62, 0x2a, 0x9a, 0xa6, 0x9c, 0x66, 0xe6, 0x69, 0x9c, 0x8e, 0x9a, 0xff, 0x25, 0xea, 0xa8, 0x83,
    0x4d, 0x5a, 0x69, 0x92, 0x68, 0xaa, 0x1a, 0x02, 0xab, 0xa5, 0x6e, 0xf6, 0xea, 0x9f, 0x15, 0x85,
    0x0a, 0x69, 0x63, 0x0c, 0x14, 0x7b, 0xc0, 0xb1, 0xb7, 0x52, 0x08, 0x02, 0x7e, 0xa4, 0xc1, 0x56,
    0xa6, 0x8f, 0x81, 0xdd, 0xf6, 0xa9, 0x43, 0xc2, 0x46, 0x3a, 0x58, 0xb1, 0x0c, 0x1c, 0x7b, 0x40,
    0xb2, 0x21, 0x46, 0xc5, 0xac, 0x67, 0xce, 0xd6, 0x08, 0x2d, 0x60, 0xd2, 0xc2, 0x2a, 0x51, 0xb5,
    0x35, 0x12, 0x6b, 0x2c, 0xb2, 0x8b, 0xe5, 0xf9, 0x6d, 0x67, 0xe1, 0x66, 0x30, 0xee, 0x5f, 0xe5,
    0x02, 0x1b, 0x11, 0xba, 0x90, 0x4e, 0x86, 0xc0, 0xbe, 0x14, 0xf4, 0x6b, 0xeb, 0x81, 0xa5, 0x95,
    0x09, 0x1b, 0x78, 0x48, 0x66, 0x49, 0xaf, 0x6a, 0x54, 0x4d, 0x7b, 0x10, 0xbe, 0x76, 0x2e, 0xb6,
    0x2f, 0x02, 0xfd, 0x52, 0xf0, 0xef, 0x5f, 0xac, 0x09, 0x2c, 0x1a, 0xc1, 0xdd, 0x1e, 0xbc, 0x59,
    0xc2, 0xe6, 0x2e, 0xc4, 0x30, 0xa1, 0x81, 0x3d, 0x1c, 0xf1, 0xc4, 0x2e, 0x7a, 0x66, 0x71, 0x08,
    0x18, 0xf3, 0x48, 0xf0, 0x74, 0x20, 0x28, 0x6c, 0x10, 0xbe, 0x2c, 0x4f, 0x16, 0x58, 0xc3, 0x14,
    0x73, 0x69, 0xaa, 0x02, 0x38, 0x53, 0x55, 0x66, 0xc6, 0x2b, 0x9b, 0xea, 0x72, 0x41, 0x30, 0x9b,
    0x2a, 0x33, 0x60, 0x34, 0xbb, 0xc8, 0x32, 0xce, 0x0a, 0xe8, 0x5c, 0x23, 0xcf, 0xd4, 0x21, 0x1c,
    0xd5, 0xcf, 0x04, 0x05, 0x4d, 0xe9, 0xd0, 0x33, 0x83, 0x8c, 0xe2, 0xd1, 0x39, 0x47, 0xb5, 0xb3,
    0xca, 0x4d, 0x6f, 0xfc, 0x74, 0xc7, 0x0a, 0x9d, 0x07, 0x5b, 0xcc, 0x8b, 0x95, 0xb9, 0x1e, 0xd2,
    0xd1, 0xba, 0x4a, 0x68, 0x01, 0x6c, 0x47, 0xe0, 0x36, 0x55, 0xeb, 0xa5, 0x3d, 0xf5, 0x5f, 0x50,
    0x0f, 0x24, 0xb6, 0x68, 0x64, 0x2b, 0x66, 0xb6, 0x7a, 0x68, 0x93, 0xff, 0xab, 0xb6, 0x99, 0x20,
    0xb0, 0x5d, 0x80, 0xdb, 0x11, 0xc0, 0xad, 0x9e, 0xdc, 0x81, 0xd5, 0x2d, 0xd0, 0xdd, 0x21, 0xe4,
    0x5d, 0x75, 0x06, 0x67, 0x67, 0xad, 0x31, 0xcd, 0x82, 0x13, 0x6e, 0x78, 0x05, 0x88, 0x03, 0xa6,
    0x38, 0x0a, 0x8c, 0x3b, 0x3e, 0x16, 0x53, 0x42, 0x09, 0xfe, 0x78, 0x60, 0xa0, 0x0b, 0x35, 0x59,
    0xde, 0x9b, 0x77, 0x2e, 0x34, 0x60, 0xa5, 0x9f, 0x20, 0x3a, 0xd1, 0x56, 0x57, 0x55, 0xfa, 0xe9,
    0xab, 0xb7, 0x0c, 0x76, 0x42, 0xaa, 0xcf, 0x4d, 0x7a, 0xe9, 0xaf, 0xff, 0x55, 0xf4, 0xe7, 0xa0,
    0xd3, 0xae, 0xfb, 0xd7, 0xf6, 0x36, 0x84, 0x18, 0xc1, 0xb0, 0x95, 0xa0, 0xfc, 0x50, 0x0d, 0x34,
    0x4f, 0xc2, 0xf3, 0xd0, 0x03, 0x20, 0x3d, 0xd5, 0xd2, 0x57, 0x0f, 0x00, 0xf4, 0xcd, 0x37, 0x30,
    0x94, 0xf2, 0x25, 0x10, 0x9c, 0x78, 0x89, 0x09, 0x84, 0xcf, 0xd0, 0xf1, 0x5d, 0x27, 0xbf, 0xbc,
    0x50, 0xd9, 0x43, 0x1f, 0xfd, 0xf4, 0x43, 0x5b, 0x2f, 0x3d, 0xf6, 0xcd, 0x6f, 0xaf, 0xbc, 0xf7,
    0x9a, 0x83, 0x2f, 0xbe, 0xc7, 0x91, 0x21, 0x2f, 0x1a, 0xf7, 0xcc, 0x3b, 0xaf, 0x3e, 0x09, 0xd5,
    0xa3, 0x9e, 0xfb, 0xe0, 0xa7, 0x3d, 0xa1, 0x70, 0x8f, 0x7e, 0x74, 0xb3, 0x5f, 0x02, 0xc6, 0x97,
    0x3f, 0xad, 0x11, 0x6a, 0x28, 0x0b, 0x88, 0x60, 0x00, 0x26, 0xa8, 0x81, 0x0a, 0x5a, 0xd0, 0x82,
    0x60, 0x41, 0xda, 0x50, 0x2c, 0x38, 0x82, 0x0e, 0x5a, 0xd0, 0x00, 0x20, 0x8c, 0xe0, 0x02, 0xc0,
    0x82, 0x3a, 0xb3, 0x84, 0x6f, 0x81, 0xd4, 0x6a, 0x20, 0x08, 0x68, 0x06, 0x41, 0x09, 0x52, 0xf0,
    0x82, 0x17, 0xcc, 0x20, 0xce, 0x36, 0x58, 0xc1, 0x0e, 0x8e, 0xe0, 0x83, 0x21, 0x8c, 0x20, 0x09,
    0x6b, 0x77, 0x96, 0x13, 0x82, 0x4a, 0x85, 0x2c, 0x14, 0x8a, 0x08, 0xff, 0x27, 0x18, 0x00, 0x18,
    0xc6, 0xd0, 0x74, 0x51, 0xd1, 0xa0, 0x50, 0x38, 0xe8, 0xc1, 0x0a, 0x82, 0xd0, 0x00, 0x22, 0xdc,
    0xe1, 0xf0, 0x6c, 0x67, 0x02, 0x1f, 0xde, 0x4b, 0x56, 0x6b, 0x63, 0xdb, 0x50, 0x1e, 0xc0, 0xc5,
    0xea, 0x5d, 0xe0, 0x8b, 0x12, 0x08, 0xe3, 0x17, 0x2f, 0xd0, 0xba, 0xa1, 0x8c, 0x31, 0x8c, 0x12,
    0x18, 0x63, 0xf5, 0xb8, 0xf8, 0x80, 0xa1, 0xcc, 0x2a, 0x30, 0x56, 0x8c, 0x95, 0x09, 0x28, 0xa7,
    0x45, 0xa1, 0xb0, 0xd1, 0x8b, 0x60, 0x14, 0xe3, 0x17, 0xcb, 0x28, 0x94, 0x33, 0xea, 0xf1, 0x02,
    0x6b, 0xe4, 0xa2, 0x1b, 0x45, 0x05, 0xc7, 0xfb, 0xc9, 0x91, 0x8e, 0x05, 0xd8, 0x62, 0x17, 0xa5,
    0xe7, 0xc7, 0x34, 0xee, 0x91, 0x8f, 0x8d, 0x54, 0xa3, 0xf4, 0xd8, 0x38, 0xc8, 0x7c, 0x01, 0x26,
    0x8e, 0x3f, 0x34, 0x41, 0x7f, 0x74, 0x23, 0x80, 0x4e, 0x0a, 0x6e, 0x28, 0xd5, 0x13, 0x9c, 0xe0,
    0xd8, 0x38, 0x80, 0x52, 0x76, 0xf2, 0x94, 0x02, 0x28, 0xe5, 0x00, 0xd8, 0x28, 0x4a, 0xb6, 0x55,
    0x0f, 0x2c, 0xbf, 0x03, 0x01, 0x26, 0xaf, 0xa8, 0xc9, 0xf8, 0x70, 0xd2, 0x93, 0x75, 0x3c, 0x41,
    0x28, 0x5b, 0x49, 0x4a, 0x53, 0xa2, 0x32, 0x95, 0xa5, 0x64, 0x65, 0x2b, 0x5f, 0x89, 0xc4, 0x15,
    0xc6, 0x6e, 0x96, 0x10, 0x39, 0xcb, 0x26, 0x33, 0xd3, 0x98, 0x53, 0x7e, 0x52, 0x28, 0xbb, 0x14,
    0x65, 0x2f, 0x07, 0xf0, 0x4b, 0x60, 0xae, 0x92, 0x8b, 0xad, 0x2c, 0x00, 0x31, 0x4f, 0xa0, 0x34,
    0xc0, 0x51, 0x05, 0x99, 0xe7, 0xc2, 0x22, 0xad, 0x1a, 0x43, 0xce, 0xc6, 0xa8, 0x92, 0x29, 0x67,
    0xa9, 0x66, 0x35, 0x5b, 0xa7, 0xca, 0xc6, 0x50, 0x6d, 0x73, 0x2f, 0x13, 0x67, 0x39, 0xe7, 0x29,
    0x82, 0x73, 0x22, 0x25, 0x9d, 0xea, 0x44, 0x25, 0x3b, 0x4b, 0xe9, 0xff, 0xce, 0xa1, 0xc1, 0x13,
    0x68, 0xf2, 0xa4, 0x27, 0x39, 0xed, 0x49, 0x14, 0x7c, 0xe6, 0xb3, 0x93, 0xfb, 0x1c, 0x40, 0x3f,
    0x65, 0xf6, 0x4f, 0xce, 0x99, 0x25, 0x6e, 0x0e, 0x04, 0xdc, 0x3c, 0xcb, 0xa4, 0xca, 0x83, 0x5a,
    0x34, 0x9f, 0xb1, 0x0c, 0x8d, 0x68, 0x1a, 0x6a, 0xb7, 0x87, 0x1e, 0x2e, 0xa2, 0x54, 0x99, 0x68,
    0x8d, 0x2a, 0x7a, 0xd1, 0x92, 0x9e, 0x32, 0xa3, 0xaf, 0xd9, 0xe8, 0xed, 0x52, 0x68, 0x02, 0x88,
    0x1a, 0x53, 0xa2, 0xe5, 0xa4, 0xa8, 0x2f, 0x4d, 0x5a, 0x52, 0x94, 0xee, 0x46, 0xa5, 0xc5, 0x0b,
    0x67, 0x4b, 0xd5, 0x93, 0xb7, 0x53, 0x66, 0x2f, 0x7b, 0x1f, 0x08, 0xea, 0x06, 0x86, 0xfa, 0x44,
    0x02, 0x18, 0x95, 0x8d, 0x10, 0x48, 0xaa, 0x51, 0x09, 0xf0, 0xc4, 0xa1, 0x6e, 0x20, 0xa8, 0x1f,
    0x28, 0xe9, 0x5e, 0x28, 0x72, 0x96, 0xf5, 0xf4, 0xb4, 0x93, 0x3f, 0x6d, 0x1e, 0x54, 0x9d, 0x5a,
    0xd4, 0xa3, 0x72, 0x31, 0xa9, 0x10, 0x58, 0x6a, 0x53, 0x87, 0x0a, 0x55, 0xa9, 0x0a, 0x25, 0x4a,
    0x1e, 0xad, 0xc0, 0x55, 0x05, 0x90, 0xd5, 0x06, 0x6c, 0x95, 0xa8, 0x20, 0x5c, 0x2a, 0x52, 0x95,
    0x6a, 0xd4, 0xb1, 0x3e, 0x35, 0xa8, 0x66, 0x3d, 0x81, 0x47, 0x84, 0xc5, 0x15, 0xa1, 0x9c, 0xd2,
    0x01, 0x80, 0x0d, 0xac, 0x53, 0x39, 0x40, 0x58, 0xa7, 0x7a, 0xe0, 0xb0, 0xee, 0x03, 0xc0, 0x61,
    0x3d, 0x40, 0x58, 0x0e, 0x74, 0xe0, 0xb1, 0x4e, 0x45, 0x5a, 0x35, 0x9f, 0xa9, 0xd7, 0x8e, 0xf0,
    0x15, 0x78, 0x7f, 0x0d, 0x2c, 0x60, 0x07, 0x5b, 0xd8, 0xa1, 0x2e, 0x36, 0xb1, 0x8b, 0x6d, 0xec,
    0x63, 0x3b, 0x10, 0x59, 0x9c, 0x4d, 0x36, 0x97, 0x7b, 0x15, 0x67, 0x5f, 0x4f, 0x90, 0x59, 0xcd,
    0x72, 0x96, 0x03, 0x86, 0x45, 0xac, 0xfb, 0x42, 0x4b, 0xd8, 0xd1, 0x2f, 0x96, 0x56, 0x01, 0xa7,
    0x4d, 0xe4, 0x59, 0xe5, 0x14, 0x99, 0xae, 0xa0, 0x33, 0x2f, 0xc0, 0x0d, 0xae, 0x5d, 0x5a, 0x97,
    0x5a, 0xbd, 0x24, 0x45, 0x20, 0xbf, 0x15, 0xae, 0x72, 0x85, 0x4b, 0x5c, 0xcb, 0xf6, 0x76, 0xb7,
    0x28, 0x48, 0xee, 0x72, 0xa7, 0x2b, 0x97, 0xe6, 0x4e, 0x24, 0x20, 0x00, 0x21, 0xf9, 0x04, 0x09,
    0x08, 0x00, 0x28, 0x00, 0x2c, 0x00, 0x00, 0x00, 0x00, 0x60, 0x00, 0x60, 0x00, 0x85, 0xfc, 0xfa,
    0xf8, 0xed, 0xec, 0xeb, 0xfc, 0xe6, 0xd4, 0xee, 0xda, 0xc9, 0xd8, 0xd7, 0xd6, 0xef, 0xc5, 0xb4,
    0xca, 0xc5, 0xc6, 0xee, 0xd3, 0x42, 0xed, 0xcc, 0x41, 0xff, 0xc8, 0x28, 0xea, 0xb4, 0xa7, 0xd1,
    0xab, 0xa5, 0xcd, 0xb0, 0x41, 0xc2, 0xb3, 0xa8, 0xc0, 0x9f, 0x90, 0xb5, 0xb6, 0xaf, 0xad, 0xa4,
    0xa4, 0xb3, 0x93, 0x8e, 0x3b, 0x6e, 0x6b, 0x89, 0x57, 0x4f, 0x78, 0x52, 0x27, 0x6e, 0x45, 0x42,
    0x67, 0x40, 0x3e, 0x34, 0x55, 0x54, 0x62, 0x3d, 0x3c, 0x59, 0x37, 0x38, 0x21, 0x38, 0x3b, 0xaf,
    0x29, 0x32, 0x9c, 0x23, 0x2e, 0x92, 0x1f, 0x2d, 0x6e, 0x1d, 0x2e, 0x55, 0x15, 0x22, 0x44, 0x29,
    0x2d, 0x3b, 0x24, 0x29, 0x1f, 0x34, 0x37, 0x19, 0x23, 0x28, 0x2f, 0x1c, 0x22, 0x23, 0x14, 0x1a,
    0x16, 0x14, 0x1b, 0x03, 0x02, 0x01, 0x00, 0x00, 0x00, 0x00, 0x00, 0x00, 0x00, 0x00, 0x00, 0x00,
    0x00, 0x00, 0x00, 0x00, 0x00, 0x00, 0x00, 0x00, 0x00, 0x00, 0x00, 0x00, 0x00, 0x00, 0x00, 0x00,
    0x00, 0x00, 0x00, 0x00, 0x00, 0x00, 0x00, 0x00, 0x00, 0x00, 0x00, 0x00, 0x00, 0x00, 0x00, 0x00,
    0x00, 0x00, 0x00, 0x00, 0x00, 0x00, 0x00, 0x00, 0x00, 0x00, 0x00, 0x00, 0x00, 0x00, 0x00, 0x00,
    0x00, 0x00, 0x00, 0x00, 0x00, 0x00, 0x00, 0x00, 0x00, 0x00, 0x00, 0x00, 0x00, 0x00, 0x08, 0xff,
    0x00, 0x51, 0x08, 0x1c, 0x48, 0xb0, 0xa0, 0xc1, 0x83, 0x08, 0x13, 0x2a, 0x5c, 0xc8, 0xb0, 0xa1,
    0xc3, 0x87, 0x10, 0x23, 0x4a, 0x9c, 0x48, 0xb1, 0xa2, 0xc5, 0x8b, 0x18, 0x33, 0x6a, 0xdc, 0xc8,
    0xb1, 0xa3, 0xc7, 0x8f, 0x20, 0x43, 0x8a, 0x1c, 0x49, 0xb2, 0xa4, 0xc9, 0x93, 0x28, 0x53, 0xaa,
    0x5c, 0xc9, 0xb2, 0xa5, 0xcb, 0x97, 0x30, 0x63, 0xca, 0x9c, 0x49, 0xb3, 0xa6, 0xcd, 0x9b, 0x38,
    0x73, 0xea, 0xdc, 0xc9, 0xb3, 0xa7, 0xcf, 0x9f, 0x40, 0x83, 0x0a, 0x1d, 0x4a, 0x34, 0xa1, 0x89,
    0xa3, 0x48, 0x91, 0x16, 0x95, 0x98, 0xb4, 0xe9, 0xd2, 0x88, 0x4d, 0x93, 0x3e, 0x25, 0x18, 0x75,
    0xe0, 0x89, 0xab, 0x20, 0xb2, 0x0e, 0xcc, 0x0a, 0xe2, 0xea, 0x89, 0xa9, 0x55, 0x05, 0x7a, 0xe5,
    0xba, 0x35, 0xab, 0x57, 0xb0, 0x4e, 0xc5, 0x62, 0xd5, 0x2a, 0x90, 0xeb, 0x59, 0x9f, 0x48, 0xbd,
    0x8e, 0xe5, 0x4a, 0xb7, 0x6e, 0x5d, 0x12, 0x78, 0xbd, 0x2a, 0xdd, 0x19, 0x57, 0xee, 0x09, 0xbb,
    0x80, 0xef, 0xe6, 0xbd, 0xba, 0x57, 0x67, 0x5f, 0xb9, 0x81, 0x13, 0x83, 0xc0, 0x4b, 0x42, 0xef,
    0x51, 0x9b, 0x87, 0x31, 0x48, 0x9e, 0x3c, 0xd9, 0x82, 0xe5, 0xcb, 0x93, 0x19, 0x87, 0xd8, 0x7c,
    0xb9, 0xb3, 0x67, 0xc7, 0x26, 0x60, 0x46, 0xa6, 0x4c, 0xd9, 0xb3, 0x85, 0xcc, 0x78, 0x37, 0x87,
    0x30, 0x6d, 0x1a, 0xb4, 0xe8, 0xa3, 0x5e, 0x49, 0x97, 0xf6, 0x8c, 0x9a, 0x84, 0x6a, 0xd6, 0x9f,
    0x09, 0x3f, 0x66, 0x89, 0x54, 0x76, 0x65, 0xdc, 0xc0, 0x27, 0x73, 0xfd, 0xdd, 0x99, 0x78, 0xe1,
    0x93, 0xbd, 0x7d, 0x63, 0x00, 0x1e, 0x5c, 0xf2, 0x70, 0xc9, 0xa6, 0x8d, 0xef, 0x46, 0x99, 0xdc,
    0x37, 0x73, 0xdc, 0xc2, 0xb3, 0x12, 0xc7, 0x0c, 0xdd, 0xf2, 0x71, 0x93, 0xd5, 0x89, 0x57, 0xff,
    0x18, 0x4f, 0xfe, 0x7a, 0x67, 0xbb, 0xc0, 0x27, 0xa8, 0xff, 0x5e, 0x32, 0x7c, 0x77, 0x0b, 0xe4,
    0xcb, 0x9b, 0xb7, 0x8c, 0x1e, 0xb7, 0xfa, 0x09, 0xec, 0x49, 0xba, 0x5f, 0x6e, 0x39, 0xfe, 0xf8,
    0xf9, 0xf4, 0xd5, 0x95, 0xde, 0x7a, 0xd3, 0xe9, 0x77, 0x54, 0x76, 0x20, 0x5c, 0x76, 0xdf, 0x82,
    0xea, 0x01, 0x78, 0x5e, 0x56, 0xcd, 0x61, 0x70, 0x5f, 0x7e, 0x1d, 0x55, 0xc7, 0x95, 0x82, 0x0c,
    0xde, 0xe7, 0xe0, 0x65, 0x17, 0x62, 0x27, 0xd9, 0x84, 0x05, 0x82, 0x64, 0x21, 0x84, 0x96, 0x65,
    0xa8, 0xe1, 0x86, 0x16, 0x74, 0xc8, 0xda, 0x64, 0x20, 0x86, 0x26, 0xe2, 0x81, 0x92, 0x65, 0x20,
    0xa3, 0x8a, 0x19, 0x12, 0x57, 0xe3, 0x7b, 0x1c, 0x66, 0x75, 0x62, 0x71, 0x1f, 0x32, 0x48, 0xa1,
    0x45, 0xd5, 0xc9, 0x98, 0x01, 0x8d, 0x0c, 0xda, 0x58, 0x24, 0x8e, 0x01, 0x82, 0xb0, 0x23, 0x77,
    0x12, 0xfa, 0x18, 0x62, 0x46, 0x41, 0xce, 0x48, 0xa2, 0x05, 0x37, 0xf2, 0x47, 0xe5, 0x91, 0x56,
    0xe6, 0xa8, 0x64, 0x83, 0xb4, 0xf5, 0xb8, 0xe0, 0x8f, 0x15, 0x8d, 0x08, 0x82, 0x6c, 0xf7, 0x09,
    0x49, 0xa4, 0x89, 0xa6, 0x71, 0x55, 0xa5, 0x90, 0x2c, 0x12, 0xe8, 0x22, 0x47, 0x62, 0x92, 0xa9,
    0x9e, 0x99, 0x53, 0x9a, 0xc8, 0xe5, 0x83, 0x5b, 0x2e, 0x38, 0x19, 0x9b, 0x5e, 0x82, 0x49, 0x51,
    0x9c, 0xa4, 0x95, 0x29, 0x65, 0x82, 0x25, 0xda, 0x99, 0xa6, 0x8e, 0x58, 0xf2, 0xd9, 0x24, 0x7e,
    0x4f, 0x86, 0x79, 0x94, 0x90, 0x42, 0x32, 0xa6, 0x68, 0x62, 0x18, 0xa2, 0xe9, 0x99, 0x6a, 0x76,
    0x4e, 0xa0, 0xe8, 0x9e, 0x32, 0xfa, 0xd9, 0x10, 0x52, 0x90, 0xca, 0x28, 0xa9, 0x8c, 0x08, 0xd6,
    0x77, 0xa5, 0xa5, 0x9d, 0x61, 0x6a, 0xe7, 0xa6, 0x31, 0x76, 0xda, 0x28, 0x54, 0x8f, 0x86, 0xff,
    0x3a, 0x6a, 0x06, 0xa5, 0x0a, 0x58, 0x28, 0xaa, 0x97, 0xa9, 0x6a, 0x22, 0xab, 0x18, 0x08, 0xe9,
    0x29, 0x43, 0xa0, 0xca, 0x8a, 0x17, 0x03, 0xc4, 0x1e, 0x60, 0x2c, 0xa5, 0x9e, 0x71, 0x25, 0x5f,
    0xaa, 0x9b, 0x09, 0xb9, 0xa3, 0x5d, 0xb2, 0xfd, 0xba, 0x50, 0xb0, 0x90, 0x32, 0x46, 0x2c, 0x03,
    0xc6, 0x1e, 0x80, 0x2c, 0x9e, 0xcb, 0xe6, 0xda, 0xac, 0x8c, 0xcf, 0xd6, 0x15, 0xed, 0xab, 0x10,
    0x51, 0x1b, 0xe9, 0xb0, 0xc5, 0x1e, 0x1b, 0xd8, 0xa1, 0x20, 0x74, 0x6b, 0x99, 0x6a, 0xce, 0xde,
    0x09, 0x2d, 0x69, 0xd2, 0x1e, 0x64, 0x6e, 0xa8, 0x89, 0x21, 0xa0, 0x2f, 0x05, 0xfc, 0x4e, 0x6a,
    0x6b, 0x67, 0x42, 0xaa, 0xf6, 0x9c, 0x95, 0xf3, 0x52, 0xc6, 0x55, 0xbd, 0x03, 0xdd, 0x0b, 0x69,
    0xbe, 0xfb, 0xf6, 0x4b, 0xaa, 0x73, 0xff, 0x5e, 0x16, 0xf0, 0x66, 0x03, 0x6b, 0x39, 0x30, 0x82,
    0x08, 0x0b, 0xa4, 0x30, 0x9d, 0x80, 0xe9, 0x8b, 0x00, 0xbf, 0x14, 0xf8, 0x4b, 0x97, 0x69, 0x13,
    0x87, 0x50, 0x71, 0x92, 0x17, 0x43, 0x0c, 0x42, 0xc6, 0x28, 0x28, 0x5c, 0xab, 0x62, 0x5c, 0x71,
    0xac, 0x22, 0x82, 0x0a, 0xd4, 0x1c, 0xb3, 0x8c, 0x16, 0x6b, 0x47, 0xda, 0xc1, 0xe4, 0x1a, 0x15,
    0x2b, 0xa4, 0x2f, 0xc3, 0x0c, 0x82, 0xcc, 0x53, 0xd2, 0x6c, 0x73, 0x56, 0x42, 0xe6, 0x3c, 0xe6,
    0xce, 0x59, 0xb1, 0xec, 0xb2, 0xca, 0x42, 0xdf, 0x3c, 0xe4, 0xbf, 0x46, 0x2b, 0x20, 0xb5, 0xd2,
    0xb2, 0xf1, 0xfc, 0xe6, 0x43, 0xd5, 0xa9, 0x16, 0x74, 0x5d, 0x42, 0x92, 0x57, 0xb3, 0xd5, 0xe2,
    0xb6, 0x3a, 0x35, 0x08, 0x05, 0xa4, 0x1d, 0xc1, 0xda, 0xca, 0x8e, 0x57, 0xb0, 0x5d, 0x4e, 0xc3,
    0x88, 0x81, 0xd7, 0x50, 0x07, 0x16, 0xf6, 0x78, 0x63, 0x17, 0xcc, 0x71, 0xda, 0x05, 0xac, 0xff,
    0x1d, 0x41, 0xdb, 0x15, 0xbc, 0x5d, 0x57, 0xdc, 0x26, 0x4c, 0x46, 0x37, 0x06, 0x42, 0xdf, 0x5d,
    0x41, 0xde, 0x65, 0xf7, 0x3a, 0x28, 0xdf, 0x7e, 0x03, 0x2e, 0x38, 0x5d, 0xf5, 0xee, 0x77, 0x78,
    0x62, 0x7e, 0xc9, 0xc5, 0xb7, 0x5d, 0x44, 0x77, 0x95, 0xf9, 0x5a, 0x80, 0xbd, 0x3c, 0x99, 0xa7,
    0x96, 0x6f, 0xf6, 0xb5, 0xe7, 0x9f, 0x6f, 0x0e, 0xf6, 0xa0, 0x6e, 0x7d, 0xfe, 0x57, 0x60, 0xa2,
    0x4b, 0x46, 0xba, 0xdc, 0x86, 0x9b, 0x5e, 0x37, 0x5d, 0xae, 0x9f, 0xa0, 0x3a, 0x5d, 0x9d, 0xe7,
    0x9e, 0x58, 0xec, 0x18, 0xcc, 0x5e, 0xb8, 0x64, 0x73, 0x2d, 0x3d, 0xf7, 0x66, 0x25, 0x24, 0xef,
    0x55, 0x03, 0xcc, 0x8f, 0xe0, 0xfc, 0xf3, 0x00, 0x44, 0x2f, 0x74, 0xf4, 0xd4, 0x03, 0xf0, 0x3c,
    0xf3, 0x0d, 0x78, 0x95, 0x7c, 0x09, 0x03, 0x17, 0x8c, 0x54, 0x02, 0xe0, 0xfb, 0x3c, 0x3c, 0x06,
    0xc5, 0xd7, 0x1e, 0xc2, 0xf6, 0xcb, 0x37, 0xff, 0xbc, 0xf3, 0xd4, 0x4f, 0x5f, 0xbd, 0xf5, 0xce,
    0x63, 0xaf, 0x7d, 0xf2, 0xdd, 0x37, 0xfe, 0x7d, 0xf8, 0x08, 0x55, 0x57, 0xbe, 0x64, 0xaa, 0xa1,
    0x7f, 0x15, 0xf6, 0xeb, 0x63, 0x9f, 0xf4, 0x60, 0xf6, 0x3e, 0xf8, 0x8d, 0x40, 0x7e, 0x57, 0xd9,
    0x5e, 0xfd, 0xe8, 0x32, 0xba, 0xa3, 0x80, 0x2f, 0x01, 0xe2, 0x9b, 0x4c, 0xf1, 0x38, 0xe6, 0x95,
    0x05, 0x58, 0x30, 0x00, 0x18, 0xd4, 0x80, 0x06, 0x37, 0xb8, 0xc1, 0xe2, 0x8d, 0xcd, 0x2b, 0x1b,
    0x14, 0x81, 0x08, 0x37, 0x68, 0x80, 0x12, 0x5a, 0x70, 0x01, 0xfb, 0x43, 0x5c, 0xe3, 0x1e, 0x08,
    0x2c, 0xb9, 0x4d, 0x70, 0x50, 0x15, 0xbc, 0x60, 0x06, 0x39, 0xc8, 0x41, 0x0f, 0xd6, 0x0c, 0x84,
    0x1a, 0x14, 0xa1, 0x08, 0x48, 0x68, 0x42, 0x0b, 0xa6, 0xb0, 0x60, 0x2c, 0x9c, 0x96, 0x0b, 0xff,
    0x41, 0x47, 0xc1, 0xab, 0x9c, 0x10, 0x83, 0x01, 0xa0, 0x61, 0x0d, 0x41, 0xf7, 0xc1, 0xab, 0x84,
    0x70, 0x84, 0x1a, 0x2c, 0xa1, 0x01, 0x4e, 0xf8, 0xc3, 0x15, 0xe2, 0xef, 0x53, 0x72, 0xdb, 0x5b,
    0xda, 0xbc, 0xf2, 0x80, 0x2e, 0x52, 0xef, 0x02, 0x60, 0x94, 0x80, 0x18, 0xc1, 0x78, 0x81, 0xdc,
    0x79, 0x85, 0x8c, 0x62, 0x94, 0x00, 0x19, 0xa9, 0xd7, 0xc5, 0x07, 0x78, 0x25, 0x54, 0x67, 0xe3,
    0xca, 0x03, 0x2b, 0x97, 0xc5, 0xc7, 0x6d, 0xf1, 0x2a, 0x6d, 0xfc, 0x62, 0x18, 0xc7, 0x08, 0x46,
    0x33, 0x5e, 0x05, 0x8d, 0x7c, 0xbc, 0x00, 0x1b, 0xbb, 0xf8, 0x46, 0x7c, 0xd5, 0x65, 0x8e, 0x3d,
    0x2b, 0x48, 0x94, 0xce, 0xc6, 0x37, 0x2e, 0x7a, 0x31, 0x7a, 0x80, 0x54, 0x63, 0x1f, 0xfd, 0x18,
    0xc9, 0x35, 0x46, 0xaf, 0x8d, 0x85, 0x5c, 0xd8, 0x21, 0xc1, 0x27, 0xbc, 0x36, 0x4d, 0xa0, 0x36,
    0x02, 0x08, 0x65, 0x23, 0xaf, 0x42, 0x3d, 0xbe, 0xf1, 0xad, 0x8d, 0x03, 0x48, 0x65, 0x28, 0x57,
    0x29, 0x80, 0x54, 0x0e, 0xa0, 0x8d, 0xa6, 0x4c, 0x1b, 0xf5, 0x5e, 0x18, 0xc7, 0xac, 0x20, 0x72,
    0x6b, 0x42, 0x1c, 0xdf, 0x7d, 0x40, 0x29, 0xca, 0x3b, 0x9e, 0xa0, 0x94, 0xb1, 0x44, 0xa5, 0x2a,
    0x59, 0xd9, 0xca, 0x54, 0xc2, 0x32, 0x96, 0xb3, 0x24, 0x22, 0xeb, 0x6c, 0xc9, 0xc9, 0x44, 0x52,
    0x45, 0x6e, 0xbb, 0x94, 0x0c, 0x63, 0x56, 0x39, 0xca, 0x5f, 0x46, 0x2f, 0x96, 0x05, 0x10, 0xe6,
    0x00, 0x88, 0x59, 0xcc, 0x57, 0x76, 0x11, 0x9b, 0xc9, 0x7c, 0xdd, 0xd0, 0x96, 0x09, 0x82, 0x5b,
    0x32, 0xa5, 0x8e, 0x19, 0x60, 0x8c, 0x3a, 0xd7, 0xe9, 0xca, 0xcc, 0x21, 0x85, 0x9b, 0xdc, 0xcc,
    0x9d, 0x2b, 0x19, 0x23, 0xb4, 0x06, 0xe2, 0x12, 0x8b, 0xe3, 0x3b, 0xd7, 0x3a, 0xd9, 0x99, 0xff,
    0x4a, 0x77, 0x1e, 0x05, 0x9e, 0xc4, 0x94, 0x67, 0x2a, 0xe9, 0x09, 0x33, 0x7b, 0x9e, 0x33, 0x9f,
    0xa2, 0xda, 0x27, 0x3f, 0x07, 0xe0, 0x4f, 0x13, 0x00, 0x94, 0x95, 0x02, 0x1d, 0x00, 0x41, 0x15,
    0x63, 0x50, 0x58, 0x99, 0x80, 0x3c, 0x52, 0xe3, 0xca, 0x3e, 0x85, 0xe4, 0xca, 0x87, 0x7a, 0x14,
    0xa0, 0x9d, 0xd3, 0xcc, 0x66, 0x58, 0x66, 0x10, 0xa4, 0x60, 0x14, 0x69, 0x83, 0xda, 0xa8, 0x8c,
    0x3a, 0xfa, 0xd1, 0x96, 0xae, 0x32, 0xa4, 0xa9, 0x19, 0xa9, 0x33, 0x5b, 0x78, 0x51, 0xb7, 0xa1,
    0xf4, 0x6c, 0x2a, 0xcd, 0x00, 0x4b, 0x5d, 0xda, 0x52, 0x98, 0xda, 0x46, 0xa6, 0xf7, 0xe4, 0xda,
    0x51, 0xc8, 0xf3, 0xb2, 0x81, 0xac, 0x12, 0x7b, 0xd8, 0xfb, 0x80, 0x52, 0x37, 0xc0, 0x54, 0x29,
    0x12, 0xe0, 0xa9, 0x6d, 0x84, 0x80, 0x54, 0x9f, 0x4a, 0x00, 0x29, 0x32, 0x75, 0x03, 0x4a, 0xfd,
    0x40, 0x4b, 0xdf, 0x02, 0xa4, 0xa1, 0x8e, 0xa7, 0xa8, 0x02, 0x39, 0x2a, 0x52, 0x1b, 0x90, 0xd5,
    0xab, 0x3a, 0x15, 0xaa, 0x5d, 0x94, 0x2a, 0x04, 0xa8, 0x6a, 0x55, 0xa6, 0x66, 0x75, 0xab, 0x57,
    0xc1, 0x88, 0x49, 0xbf, 0x7a, 0x3b, 0xa3, 0x86, 0x72, 0xac, 0x64, 0x5d, 0x6a, 0x53, 0x4b, 0x48,
    0xd5, 0xa8, 0x4e, 0xf5, 0xa9, 0x6d, 0xc5, 0xaa, 0x52, 0xe1, 0xfa, 0x15, 0x8d, 0x50, 0xab, 0x75,
    0x85, 0x45, 0xc1, 0x2a, 0x1d, 0xc0, 0xd8, 0xc6, 0x5e, 0x95, 0x03, 0x90, 0xbd, 0xaa, 0x07, 0x26,
    0x5b, 0xc0, 0xc9, 0x7a, 0x00, 0xb2, 0x1c, 0xe8, 0x80, 0x66, 0xaf, 0x3a, 0x36, 0x6e, 0x56, 0x73,
    0x23, 0x87, 0x35, 0x4b, 0x5c, 0xc3, 0x1a, 0xca, 0xc6, 0x3a, 0x96, 0xa9, 0x98, 0x95, 0x2c, 0x65,
    0xdf, 0x67, 0x59, 0xcc, 0x6a, 0xb6, 0x03, 0x9c, 0xad, 0x99, 0x67, 0x7d, 0x09, 0xda, 0x9f, 0x47,
    0x21, 0xd6, 0xae, 0x02, 0x30, 0x2d, 0x63, 0x1f, 0x1b, 0x59, 0xa6, 0x5a, 0xb6, 0xb2, 0x93, 0x75,
    0xed, 0x66, 0x99, 0xda, 0x59, 0x62, 0x7e, 0xf6, 0x22, 0x87, 0xe1, 0xaa, 0x72, 0x75, 0x13, 0x95,
    0xe6, 0x3a, 0xf7, 0xb9, 0xcd, 0xcd, 0x5d, 0x6d, 0x4d, 0x90, 0x39, 0xab, 0x8c, 0x16, 0x05, 0xa0,
    0x81, 0xae, 0x76, 0xb7, 0x9b, 0x5c, 0xbf, 0x4c, 0xb7, 0xba, 0x6a, 0x49, 0x6c, 0x76, 0xb9, 0x4b,
    0x5e, 0xe7, 0x4a, 0x97, 0x22, 0x01, 0x01, 0x00, 0x21, 0xf9, 0x04, 0x09, 0x08, 0x00, 0x28, 0x00,
    0x2c, 0x00, 0x00, 0x00, 0x00, 0x60, 0x00, 0x60, 0x00, 0x85, 0xfc, 0xfa, 0xf8, 0xed, 0xec, 0xeb,
    0xfc, 0xe6, 0xd4, 0xee, 0xda, 0xc9, 0xd8, 0xd7, 0xd6, 0xca, 0xc5, 0xc6, 0xef, 0xc4, 0xb4, 0xee,
    0xd3, 0x42, 0xed, 0xcc, 0x41, 0xff, 0xc8, 0x28, 0xea, 0xb4, 0xa7, 0xc3, 0xb2, 0xa9, 0xd1, 0xab,
    0xa5, 0xcd, 0xb0, 0x41, 0xb5, 0xb6, 0xaf, 0xc0, 0x9f, 0x90, 0xb1, 0xab, 0xab, 0xb3, 0x93, 0x8e,
    0x3b, 0x6e, 0x6b, 0x89, 0x57, 0x4f, 0x78, 0x52, 0x27, 0x34, 0x55, 0x54, 0x6e, 0x45, 0x42, 0x67,
    0x40, 0x3e, 0x63, 0x3d, 0x3c, 0xaf, 0x29, 0x32, 0x59, 0x37, 0x38, 0x44, 0x29, 0x2d, 0x21, 0x38,
    0x3b, 0x1f, 0x34, 0x37, 0x9c, 0x23, 0x2e, 0x92, 0x1f, 0x2d, 0x6f, 0x18, 0x26, 0x3b, 0x24, 0x29,
    0x58, 0x14, 0x21, 0x2f, 0x1c, 0x22, 0x19, 0x23, 0x28, 0x24, 0x15, 0x1b, 0x16, 0x14, 0x1b, 0x02,
    0x01, 0x01, 0x00, 0x00, 0x00, 0x00, 0x00, 0x00, 0x00, 0x00, 0x00, 0x00, 0x00, 0x00, 0x00, 0x00,
    0x00, 0x00, 0x00, 0x00, 0x00, 0x00, 0x00, 0x00, 0x00, 0x00, 0x00, 0x00, 0x00, 0x00, 0x00, 0x00,
    0x00, 0x00, 0x00, 0x00, 0x00, 0x00, 0x00, 0x00, 0x00, 0x00, 0x00, 0x00, 0x00, 0x00, 0x00, 0x00,
    0x00, 0x00, 0x00, 0x00, 0x00, 0x00, 0x00, 0x00, 0x00, 0x00, 0x00, 0x00, 0x00, 0x00, 0x00, 0x00,
    0x00, 0x00, 0x00, 0x00, 0x00, 0x00, 0x00, 0x00, 0x00, 0x00, 0x08, 0xff, 0x00, 0x51, 0x08, 0x1c,
    0x48, 0xb0, 0xa0, 0xc1, 0x83, 0x08, 0x13, 0x2a, 0x5c, 0xc8, 0xb0, 0xa1, 0xc3, 0x87, 0x10, 0x23,
    0x4a, 0x9c, 0x48, 0xb1, 0xa2, 0xc5, 0x8b, 0x18, 0x33, 0x6a, 0xdc, 0xc8, 0xb1, 0xa3, 0xc7, 0x8f,
    0x20, 0x43, 0x8a, 0x1c, 0x49, 0xb2, 0xa4, 0xc9, 0x93, 0x28, 0x53, 0xaa, 0x5c, 0xc9, 0xb2, 0xa5,
    0xcb, 0x97, 0x30, 0x63, 0xca, 0x9c, 0x49, 0xb3, 0xa6, 0xcd, 0x9b, 0x38, 0x73, 0xea, 0xdc, 0x99,
    0xf0, 0x84, 0xcf, 0x9f, 0x3f, 0x79, 0x6e, 0x04, 0x4a, 0x54, 0xa8, 0x46, 0xa2, 0x40, 0x8d, 0x5a,
    0xfc, 0xb9, 0xa1, 0xe9, 0xc0, 0xa6, 0x1b, 0x82, 0x2a, 0x8d, 0xc8, 0xd4, 0xa9, 0x40, 0xa8, 0x52,
    0xa7, 0x3e, 0xac, 0xba, 0xe1, 0x69, 0xd3, 0xac, 0x5a, 0x09, 0x9a, 0x18, 0x4b, 0x96, 0xec, 0xcf,
    0xb2, 0x68, 0xc1, 0x86, 0x15, 0x88, 0xb6, 0xec, 0xd9, 0xb6, 0x63, 0xd5, 0xae, 0x85, 0x1b, 0xd7,
    0x27, 0x5d, 0x13, 0x72, 0x73, 0x9a, 0x25, 0x0a, 0xb5, 0xaf, 0xdf, 0xbf, 0x23, 0x02, 0xbf, 0x35,
    0xc1, 0x73, 0x2f, 0xd0, 0xbf, 0x88, 0xfd, 0x06, 0x1e, 0x31, 0xb8, 0x70, 0xdd, 0xc3, 0x89, 0x23,
    0x2f, 0x6e, 0x5c, 0xd3, 0x30, 0x86, 0xcb, 0x98, 0x31, 0x5f, 0xd8, 0xcc, 0x19, 0xf3, 0xe2, 0x10,
    0xa0, 0x39, 0x8b, 0x1e, 0x4d, 0xd9, 0xa5, 0xe5, 0xcc, 0x99, 0x47, 0x5f, 0xf0, 0x1c, 0x18, 0x74,
    0x08, 0xd5, 0xaa, 0x4b, 0xb7, 0x3c, 0x8d, 0xfa, 0xb2, 0x6a, 0xd6, 0x23, 0x5c, 0xc3, 0x26, 0x6d,
    0x77, 0xec, 0xec, 0xb1, 0xb5, 0x35, 0xef, 0x1e, 0x8e, 0x19, 0xaa, 0x70, 0xd1, 0xc7, 0xc9, 0xaa,
    0x24, 0x1b, 0xdc, 0xf6, 0xf0, 0xdd, 0xc5, 0x9b, 0x1e, 0xef, 0xec, 0xfc, 0x82, 0xf2, 0x94, 0xcc,
    0x9b, 0x3f, 0x87, 0x7e, 0xd9, 0x78, 0x75, 0xea, 0x18, 0x38, 0x5f, 0xff, 0x47, 0x99, 0x3d, 0xf5,
    0x66, 0x0b, 0xe8, 0xd3, 0x6f, 0x17, 0xfd, 0x77, 0xf8, 0x84, 0xf7, 0xe3, 0x4f, 0x96, 0x3f, 0x9e,
    0x5e, 0xfd, 0xfa, 0xcd, 0xed, 0x77, 0xbf, 0x9f, 0x10, 0xdf, 0xe4, 0xfc, 0xea, 0xf5, 0xa1, 0x77,
    0x1f, 0x7e, 0x7e, 0xb9, 0x07, 0x9f, 0x6f, 0xfe, 0x01, 0xd7, 0x5d, 0x53, 0x9c, 0xed, 0xe7, 0xe0,
    0x7b, 0x03, 0xb2, 0xc7, 0x20, 0x77, 0x18, 0xec, 0xd7, 0xdf, 0x47, 0xe5, 0x41, 0xd5, 0xe0, 0x83,
    0xfb, 0x45, 0xc8, 0x99, 0x86, 0x14, 0x5a, 0x88, 0xa0, 0x48, 0x19, 0x4e, 0x78, 0x01, 0x87, 0x1d,
    0x7a, 0x78, 0x01, 0x88, 0xb0, 0x61, 0x26, 0x22, 0x61, 0x20, 0x95, 0xa7, 0xc1, 0x8c, 0x2c, 0x72,
    0x78, 0x9c, 0x8d, 0xdf, 0x11, 0xb8, 0x41, 0x8a, 0xc8, 0x5d, 0xc6, 0xe1, 0x85, 0x18, 0xc9, 0x48,
    0xa3, 0x89, 0x38, 0x86, 0xb7, 0x59, 0x91, 0xaa, 0x41, 0xc5, 0x23, 0x78, 0x3f, 0x8e, 0xb8, 0x91,
    0x90, 0x1a, 0xd4, 0xf8, 0xe0, 0x8d, 0x53, 0xe6, 0xb8, 0x62, 0x53, 0x4b, 0x6e, 0xe6, 0xe2, 0x83,
    0x40, 0x5e, 0x54, 0xe2, 0x06, 0xb5, 0xed, 0x37, 0x63, 0x94, 0x44, 0xa2, 0x38, 0x41, 0x92, 0x58,
    0x56, 0x89, 0xc1, 0x98, 0x5b, 0xf2, 0xe7, 0xa4, 0x46, 0x5f, 0x86, 0xf9, 0xde, 0x98, 0x52, 0xa2,
    0x88, 0xe6, 0x8e, 0x6a, 0xb2, 0xe9, 0xe3, 0x81, 0x30, 0x72, 0x14, 0x27, 0x6a, 0x62, 0x0e, 0xb9,
    0xc1, 0x86, 0x76, 0x8e, 0xa6, 0x64, 0x9e, 0x33, 0xb6, 0xd9, 0xe5, 0x44, 0x64, 0x8d, 0x39, 0xe6,
    0x62, 0x7a, 0x62, 0x10, 0x19, 0xa1, 0x1c, 0xaa, 0xe6, 0x9a, 0x99, 0x13, 0x44, 0x8a, 0xd9, 0x98,
    0x8b, 0x3e, 0xd4, 0xa8, 0xa3, 0x1a, 0x40, 0x9a, 0xe8, 0x82, 0x88, 0x51, 0xfa, 0xa0, 0xa5, 0xa0,
    0x61, 0xaa, 0xe9, 0x65, 0x9c, 0xbe, 0xc9, 0xe8, 0x58, 0xa0, 0x86, 0xff, 0x1a, 0x58, 0xa4, 0x93,
    0x1e, 0x69, 0x26, 0xaa, 0x21, 0xa8, 0x3a, 0x6a, 0x66, 0xad, 0xf6, 0x59, 0xd1, 0xa7, 0x8e, 0x2e,
    0xd6, 0xc0, 0xb0, 0x07, 0x14, 0x5b, 0xab, 0x84, 0x1b, 0xd8, 0x27, 0x9a, 0x6b, 0x63, 0xf2, 0xf8,
    0x57, 0x6d, 0x9d, 0x3a, 0x04, 0xec, 0xa3, 0x81, 0x0d, 0xdb, 0x40, 0xb1, 0x07, 0x1c, 0xfb, 0x61,
    0x53, 0xca, 0x72, 0xc6, 0xec, 0x8c, 0xce, 0xfa, 0x05, 0xad, 0xab, 0x12, 0x4d, 0x3b, 0xa3, 0xb0,
    0xc4, 0x1a, 0x9b, 0xd8, 0x9d, 0xdd, 0x6e, 0xf6, 0xad, 0x06, 0xe1, 0xf6, 0x35, 0xae, 0xaf, 0x11,
    0x99, 0xeb, 0x68, 0x64, 0x08, 0xe4, 0x4b, 0xc1, 0xbe, 0xb4, 0x16, 0x38, 0xda, 0x98, 0xae, 0x79,
    0x67, 0xe4, 0x95, 0xf2, 0xa2, 0x06, 0x55, 0xb4, 0x07, 0xd9, 0x4b, 0x67, 0x62, 0xf9, 0x22, 0xb0,
    0x2f, 0x05, 0xfd, 0xf6, 0xa5, 0x1a, 0xc0, 0xa0, 0x09, 0xbc, 0x6d, 0xc1, 0x99, 0x1d, 0x4c, 0xee,
    0x42, 0x0a, 0x0b, 0xfa, 0x57, 0xc3, 0x0f, 0x47, 0xcc, 0x22, 0x67, 0x14, 0x87, 0x60, 0xb1, 0x8e,
    0x02, 0x47, 0xb7, 0x01, 0xc2, 0x06, 0xd9, 0xab, 0x72, 0x64, 0x7f, 0x2d, 0x2c, 0xb1, 0x96, 0xa4,
    0x2a, 0x60, 0x33, 0x54, 0x63, 0x5e, 0x9c, 0x32, 0xa9, 0x2c, 0x17, 0xe4, 0x32, 0xa9, 0x30, 0xfb,
    0x25, 0x33, 0x8b, 0x2a, 0xdb, 0xac, 0x00, 0xce, 0x33, 0xea, 0x2c, 0x9d, 0xc1, 0x4d, 0xf5, 0x2c,
    0x16, 0xac, 0xa0, 0xbe, 0x1c, 0x34, 0xd2, 0x64, 0xce, 0xbc, 0x5a, 0xcd, 0x37, 0x37, 0x95, 0x33,
    0xca, 0x4b, 0x67, 0xdc, 0xf4, 0xc6, 0x0a, 0x95, 0xe7, 0x9a, 0xd4, 0x88, 0x8d, 0x99, 0x9e, 0xd1,
    0xcf, 0xb2, 0x2a, 0xa8, 0x01, 0x6c, 0x47, 0xe0, 0x36, 0x54, 0xe9, 0xa5, 0x2d, 0xa9, 0x5f, 0x4e,
    0x0f, 0x24, 0x36, 0x68, 0x64, 0xc7, 0x3c, 0xe3, 0xd9, 0x59, 0x63, 0xff, 0x2c, 0x33, 0xdb, 0x06,
    0xb8, 0x1d, 0x01, 0xdc, 0xe8, 0xc9, 0xfd, 0x57, 0xdd, 0x6c, 0x29, 0x88, 0xc1, 0xd8, 0x40, 0x27,
    0x66, 0x36, 0x7a, 0x68, 0x8b, 0xab, 0x76, 0xd5, 0x80, 0x0b, 0x4e, 0xb8, 0x05, 0x86, 0xd3, 0x0d,
    0x76, 0x42, 0x77, 0x87, 0x90, 0xf7, 0x57, 0x48, 0xf9, 0x04, 0xb8, 0xde, 0x55, 0x63, 0x15, 0xfa,
    0x09, 0x91, 0x91, 0x8d, 0x38, 0x0a, 0x9d, 0x7f, 0x1e, 0xd5, 0xe9, 0xa3, 0x0b, 0xed, 0x31, 0xe8,
    0xa1, 0xa7, 0xde, 0xf8, 0xca, 0x9b, 0x23, 0xd4, 0xfa, 0xed, 0xa6, 0x87, 0x1e, 0x7b, 0x5f, 0x43,
    0xd3, 0x8e, 0x94, 0xed, 0x73, 0xf7, 0xb5, 0xba, 0x61, 0x02, 0xbb, 0x56, 0xc2, 0xf2, 0x3f, 0x2d,
    0xe0, 0x3c, 0x09, 0xd0, 0x47, 0x0f, 0xc0, 0xf4, 0x53, 0x4f, 0x6f, 0x3d, 0x00, 0xd1, 0x3b, 0xbf,
    0xc0, 0x4f, 0xcb, 0x97, 0x20, 0xf0, 0xe1, 0xb9, 0x27, 0xfc, 0x58, 0xf2, 0xa0, 0x75, 0xdf, 0xfc,
    0xf3, 0xd1, 0x43, 0x6f, 0x7d, 0xf5, 0xd7, 0x63, 0x0f, 0xbd, 0xf6, 0xdc, 0x2f, 0xff, 0xbd, 0xe6,
    0xf4, 0x36, 0x84, 0x7c, 0xd7, 0xca, 0x33, 0xef, 0x93, 0xf6, 0xe9, 0xab, 0x4f, 0x7d, 0xd0, 0xed,
    0x73, 0x1f, 0x09, 0xe0, 0xe7, 0x93, 0xee, 0xcd, 0xcf, 0x78, 0xe1, 0x6b, 0xd9, 0xf8, 0xb4, 0x26,
    0xa8, 0x9f, 0x30, 0xe0, 0x81, 0x01, 0x88, 0x20, 0x07, 0x26, 0x48, 0x41, 0x0a, 0x72, 0xc5, 0x68,
    0x3f, 0xa1, 0x60, 0x07, 0x36, 0x48, 0xc1, 0x02, 0x78, 0xf0, 0x81, 0x0c, 0xe0, 0x8a, 0xea, 0x46,
    0x94, 0x80, 0x12, 0x32, 0xe4, 0x7e, 0x1b, 0x90, 0x99, 0x03, 0x21, 0x28, 0xc1, 0x0a, 0x56, 0xf0,
    0x82, 0x36, 0xcb, 0xe0, 0x04, 0x37, 0xd8, 0x81, 0x0e, 0x7e, 0xf0, 0x81, 0x22, 0xbc, 0xdd, 0x78,
    0x4a, 0x98, 0x80, 0x13, 0x2e, 0x30, 0x85, 0x0d, 0xf4, 0x09, 0x08, 0xff, 0x23, 0x18, 0x00, 0x17,
    0xbe, 0xd0, 0x27, 0x50, 0xc1, 0xa0, 0x4f, 0x34, 0xc8, 0xc1, 0x09, 0x7a, 0xb0, 0x00, 0x20, 0xcc,
    0x61, 0xf1, 0x34, 0xd6, 0x27, 0x1e, 0x7a, 0x0a, 0x6a, 0x94, 0x63, 0xdb, 0x4f, 0x1c, 0xc0, 0x45,
    0xeb, 0x55, 0xe0, 0x8b, 0x12, 0x08, 0xe3, 0x17, 0x2b, 0x70, 0x3a, 0xa0, 0x8c, 0x31, 0x8c, 0x12,
    0x18, 0xa3, 0xf5, 0xb8, 0xe8, 0x80, 0x9f, 0xc4, 0x0a, 0x7c, 0x26, 0xb0, 0x62, 0xbd, 0xb0, 0x08,
    0x15, 0xc0, 0x6d, 0xb1, 0x8b, 0xd3, 0x3b, 0xa3, 0x18, 0xbf, 0x58, 0xc6, 0x9f, 0xe8, 0x31, 0x8d,
    0x5f, 0x5c, 0x23, 0x17, 0xdd, 0x08, 0x2a, 0x38, 0xca, 0x11, 0x22, 0xc0, 0xaa, 0xa3, 0x16, 0x7d,
    0xc2, 0x46, 0x2f, 0x82, 0x71, 0x8f, 0x64, 0xec, 0xe3, 0x09, 0xfe, 0xa8, 0xc6, 0xe9, 0xb1, 0x91,
    0x90, 0xf7, 0xa2, 0xdf, 0x21, 0x7d, 0x68, 0x82, 0xfd, 0xe0, 0x46, 0x00, 0xa0, 0xb4, 0xa3, 0x4f,
    0xac, 0x07, 0x38, 0xc0, 0xb1, 0x71, 0x00, 0xa8, 0x04, 0xa5, 0x2a, 0x05, 0x80, 0xca, 0x01, 0xb0,
    0xb1, 0x94, 0x6c, 0xb3, 0x1e, 0x57, 0x82, 0x87, 0xbb, 0x38, 0x9a, 0x70, 0x8e, 0x9d, 0x7c, 0xcf,
    0x27, 0x43, 0xb9, 0xc8, 0x13, 0x90, 0x12, 0x96, 0xa7, 0x4c, 0xe5, 0x2a, 0x59, 0x89, 0xca, 0x57,
    0xc2, 0x52, 0x96, 0x48, 0x64, 0x60, 0xe9, 0xbe, 0x66, 0xcb, 0x1e, 0xe2, 0xd2, 0x93, 0x97, 0x59,
    0x8c, 0x2a, 0x45, 0xe9, 0xcb, 0xe9, 0xc1, 0xd2, 0x00, 0xc1, 0x1c, 0xc0, 0x30, 0x89, 0xe9, 0x4a,
    0x2e, 0x5e, 0x13, 0x99, 0xa8, 0x53, 0xa6, 0x21, 0x6f, 0xf9, 0x2a, 0x13, 0x50, 0x6b, 0x31, 0xe8,
    0x5c, 0x4c, 0x2b, 0x91, 0x42, 0x96, 0x6d, 0x6e, 0xb3, 0x8c, 0xad, 0x5c, 0xcc, 0xd4, 0x36, 0x49,
    0x11, 0x60, 0xa5, 0xf3, 0x9e, 0x23, 0x58, 0x27, 0x51, 0xda, 0xe9, 0xff, 0xce, 0x55, 0xc2, 0x13,
    0x95, 0xf2, 0x0c, 0x1a, 0x3d, 0xcb, 0x79, 0x4e, 0x7c, 0x06, 0x46, 0x9f, 0x40, 0xe1, 0x67, 0x3f,
    0x41, 0xf9, 0xcf, 0x01, 0x04, 0x14, 0x66, 0x03, 0xbd, 0xa2, 0x09, 0xe2, 0x26, 0xce, 0xa6, 0xdc,
    0x73, 0x4c, 0xad, 0x5c, 0xa8, 0x46, 0xfb, 0x49, 0xcb, 0xcf, 0x80, 0x66, 0x75, 0x0a, 0x9c, 0x68,
    0xe1, 0x2a, 0xba, 0x81, 0x8b, 0xce, 0x28, 0xa3, 0x1b, 0x4d, 0xa9, 0x2a, 0x3b, 0xda, 0x9a, 0x8f,
    0x26, 0x90, 0x63, 0x63, 0xa1, 0x28, 0x10, 0xab, 0x66, 0x52, 0x0d, 0xa0, 0x54, 0xa5, 0x29, 0x65,
    0x69, 0x6e, 0x5c, 0x5a, 0x3f, 0x89, 0xa6, 0x87, 0x6c, 0x03, 0x41, 0x0a, 0x08, 0x86, 0x4a, 0x54,
    0xa2, 0xee, 0x07, 0x02, 0x48, 0x2d, 0xea, 0x50, 0x91, 0x0a, 0x01, 0xa5, 0x16, 0x55, 0x04, 0x50,
    0x15, 0xea, 0x50, 0xbb, 0x17, 0xa4, 0x98, 0xa2, 0x07, 0xa8, 0x02, 0x91, 0xaa, 0x53, 0x41, 0x70,
    0xd4, 0xa4, 0x2a, 0x95, 0xa9, 0x5b, 0x1d, 0x2a, 0x54, 0x45, 0xa0, 0x55, 0xaa, 0x7a, 0xc9, 0xaa,
    0x16, 0xc0, 0x2a, 0x0a, 0xb4, 0xea, 0xd4, 0xae, 0x36, 0xf5, 0xab, 0x5e, 0xdd, 0xea, 0x58, 0xcb,
    0xba, 0xbc, 0x27, 0xd1, 0x91, 0x76, 0x03, 0xd9, 0xa6, 0xf6, 0xc6, 0x9a, 0x81, 0xbe, 0x3e, 0x91,
    0x00, 0x80, 0x65, 0x23, 0x53, 0x01, 0x4b, 0x80, 0x27, 0xf6, 0x35, 0x03, 0x63, 0x5d, 0x28, 0x52,
    0xec, 0x6a, 0xce, 0x20, 0x9e, 0x20, 0xaf, 0xc3, 0xdc, 0x2b, 0x54, 0x0f, 0xfb, 0xd7, 0xc0, 0x72,
    0x71, 0xb0, 0x80, 0x35, 0x6c, 0x5f, 0x13, 0xdb, 0xcf, 0xc5, 0xc2, 0xe9, 0xae, 0xaf, 0x7b, 0xac,
    0x40, 0xf4, 0xea, 0x3c, 0xbe, 0xfa, 0xd5, 0x83, 0x84, 0x15, 0x2c, 0x52, 0x09, 0xab, 0x59, 0xc4,
    0x42, 0x55, 0xb1, 0x45, 0x39, 0xab, 0x09, 0x54, 0x16, 0x54, 0x9f, 0x7e, 0x0c, 0x04, 0x70, 0xaa,
    0x7c, 0x80, 0x6e, 0x0f, 0xeb, 0x81, 0xde, 0x1e, 0x96, 0xa8, 0x01, 0x24, 0x6a, 0x6f, 0x3d, 0xf0,
    0x81, 0xe2, 0x1e, 0xd6, 0x68, 0xd3, 0xec, 0x25, 0x63, 0x69, 0x9b, 0x55, 0xdb, 0x0a, 0x04, 0xb7,
    0xa0, 0xd4, 0xed, 0x03, 0x78, 0xeb, 0xdb, 0xbe, 0x02, 0xb7, 0x7d, 0xc2, 0xed, 0x6d, 0x71, 0x3f,
    0x70, 0x5c, 0x9b, 0x25, 0xd7, 0x00, 0x79, 0xa9, 0xa7, 0xe2, 0xa0, 0x52, 0x5b, 0xd1, 0xa2, 0x00,
    0xba, 0x02, 0x90, 0x2e, 0x75, 0x3d, 0xf0, 0xdb, 0xa1, 0x06, 0x77, 0xa8, 0xc3, 0xdd, 0x6e, 0x77,
    0x15, 0xf0, 0xdd, 0xf0, 0x96, 0xd3, 0xb3, 0x07, 0x61, 0xe7, 0x5d, 0xf6, 0xcb, 0xdf, 0xb4, 0xc4,
    0xd6, 0x4f, 0x8f, 0xb1, 0xaf, 0x7e, 0xfb, 0x4b, 0xe0, 0xbb, 0xe0, 0x97, 0xb1, 0x07, 0x2e, 0xc8,
    0x80, 0x0b, 0xcc, 0x60, 0xb7, 0xfc, 0xb7, 0x22, 0x01, 0x01, 0x00, 0x21, 0xf9, 0x04, 0x09, 0x08,
    0x00, 0x29, 0x00, 0x2c, 0x00, 0x00, 0x00, 0x00, 0x60, 0x00, 0x60, 0x00, 0x85, 0xf9, 0xf7, 0xf4,
    0xed, 0xec, 0xeb, 0xfc, 0xe6, 0xd4, 0xee, 0xda, 0xc9, 0xd8, 0xd7, 0xd6, 0xca, 0xc5, 0xc6, 0xef,
    0xc4, 0xb4, 0xee, 0xd3, 0x42, 0xed, 0xcc, 0x41, 0xff, 0xc8, 0x28, 0xea, 0xb4, 0xa7, 0xc3, 0xb2,
    0xa9, 0xd1, 0xab, 0xa5, 0xcd, 0xb0, 0x41, 0xb5, 0xb6, 0xaf, 0xc0, 0x9f, 0x90, 0xb1, 0xab, 0xab,
    0xb3, 0x93, 0x8e, 0x3b, 0x6e, 0x6b, 0x89, 0x57, 0x50, 0x34, 0x55, 0x54, 0x78, 0x52, 0x27, 0x6e,
    0x45, 0x42, 0x67, 0x40, 0x3e, 0x63, 0x3d, 0x3c, 0xaf, 0x29, 0x32, 0x5a, 0x37, 0x38, 0x44, 0x29,
    0x2d, 0x21, 0x38, 0x3b, 0x1f, 0x34, 0x37, 0x9c, 0x23, 0x2e, 0x92, 0x1f, 0x2d, 0x7b, 0x1a, 0x1a,
    0x6f, 0x18, 0x26, 0x3b, 0x24, 0x29, 0x58, 0x14, 0x21, 0x2f, 0x1c, 0x22, 0x19, 0x23, 0x28, 0x24,
    0x15, 0x1b, 0x16, 0x14, 0x1b, 0x03, 0x01, 0x01, 0x00, 0x00, 0x00, 0x00, 0x00, 0x00, 0x00, 0x00,
    0x00, 0x00, 0x00, 0x00, 0x00, 0x00, 0x00, 0x00, 0x00, 0x00, 0x00, 0x00, 0x00, 0x00, 0x00, 0x00,
    0x00, 0x00, 0x00, 0x00, 0x00, 0x00, 0x00, 0x00, 0x00, 0x00, 0x00, 0x00, 0x00, 0x00, 0x00, 0x00,
    0x00, 0x00, 0x00, 0x00, 0x00, 0x00, 0x00, 0x00, 0x00, 0x00, 0x00, 0x00, 0x00, 0x00, 0x00, 0x00,
    0x00, 0x00, 0x00, 0x00, 0x00, 0x00, 0x00, 0x00, 0x00, 0x00, 0x00, 0x00, 0x00, 0x08, 0xff, 0x00,
    0x53, 0x08, 0x1c, 0x48, 0xb0, 0xa0, 0xc1, 0x83, 0x08, 0x13, 0x2a, 0x5c, 0xc8, 0xb0, 0xa1, 0xc3,
    0x87, 0x10, 0x23, 0x4a, 0x9c, 0x48, 0xb1, 0xa2, 0xc5, 0x8b, 0x18, 0x33, 0x6a, 0xdc, 0xc8, 0xb1,
    0xa3, 0xc7, 0x8f, 0x20, 0x43, 0x8a, 0x1c, 0x49, 0xb2, 0xa4, 0xc9, 0x93, 0x28, 0x53, 0xaa, 0x5c,
    0xc9, 0xb2, 0xa5, 0xcb, 0x97, 0x30, 0x37, 0x9e, 0x98, 0x49, 0x93, 0x66, 0x4c, 0x93, 0x35, 0x73,
    0xde, 0x2c, 0x99, 0xb3, 0xe6, 0xce, 0x90, 0x28, 0x82, 0x6e, 0x18, 0x3a, 0x70, 0xe8, 0x86, 0xa0,
    0x28, 0x7e, 0x76, 0x44, 0x6a, 0xb4, 0xe8, 0x50, 0xa4, 0x4a, 0x39, 0x32, 0x25, 0x2a, 0xd0, 0x28,
    0xd4, 0xa8, 0x17, 0x69, 0x22, 0xed, 0xa9, 0x35, 0x28, 0xd6, 0xac, 0x33, 0xb7, 0x72, 0x3d, 0x71,
    0xf5, 0x2b, 0xc5, 0xae, 0x28, 0xc6, 0x92, 0xf5, 0x6a, 0xd6, 0x61, 0xcf, 0x81, 0x62, 0xb9, 0x96,
    0x6d, 0xbb, 0xf0, 0xad, 0xc0, 0xb8, 0x3d, 0xe7, 0xd2, 0x4d, 0x68, 0x37, 0x05, 0xde, 0x9c, 0x7a,
    0xdb, 0xa2, 0x9d, 0x6a, 0xb4, 0xb0, 0xe1, 0xc2, 0x24, 0x12, 0xc7, 0xdd, 0x3b, 0x58, 0xe8, 0xe1,
    0xc7, 0x88, 0x15, 0x07, 0xb5, 0x49, 0xb7, 0x31, 0x0a, 0xc8, 0x98, 0x37, 0x24, 0x26, 0xb1, 0x58,
    0x29, 0x5a, 0x0c, 0xa0, 0x43, 0x87, 0xbe, 0x40, 0xba, 0x74, 0xe8, 0xcd, 0x22, 0x52, 0x97, 0x5e,
    0xcd, 0xba, 0xb3, 0xcb, 0xcf, 0xa2, 0x45, 0xb3, 0xbe, 0x70, 0x3a, 0x71, 0x6a, 0x11, 0xb3, 0x67,
    0xbb, 0x6e, 0x09, 0x3b, 0x36, 0xe8, 0xd9, 0xb5, 0x49, 0xdc, 0xce, 0xdd, 0x7a, 0xf2, 0x4c, 0xde,
    0x33, 0x7d, 0x8f, 0x26, 0xce, 0x3c, 0xb4, 0xd1, 0xe5, 0xab, 0xa1, 0x53, 0x46, 0x49, 0x53, 0xf9,
    0x6f, 0xe6, 0xc4, 0x9d, 0x0f, 0x85, 0x6e, 0xfa, 0xfa, 0x85, 0xe9, 0x27, 0xab, 0x5b, 0xff, 0xc7,
    0x9e, 0x1d, 0xf4, 0x73, 0xef, 0xdd, 0x31, 0x94, 0x06, 0x8f, 0x33, 0x79, 0xec, 0xd2, 0x16, 0xe2,
    0xcb, 0x27, 0xbf, 0xfa, 0x30, 0xf3, 0x09, 0xf8, 0xd9, 0xf3, 0x74, 0x2f, 0x9b, 0xb4, 0xfc, 0xf9,
    0xf4, 0x91, 0x66, 0x1f, 0x71, 0xf8, 0x4d, 0xa0, 0x1f, 0x49, 0xe2, 0xf5, 0x77, 0xc1, 0x7f, 0xf1,
    0x05, 0x28, 0xa0, 0x61, 0xf7, 0xe5, 0x77, 0x5c, 0x7b, 0x27, 0x68, 0xb7, 0x41, 0x69, 0x05, 0x66,
    0x88, 0x9f, 0x83, 0xf5, 0x0d, 0xd5, 0x1c, 0x68, 0x05, 0x1e, 0xd8, 0x51, 0x82, 0x46, 0x61, 0xa8,
    0x61, 0x81, 0x1c, 0x96, 0x56, 0x62, 0x79, 0x18, 0x84, 0x38, 0xa1, 0x48, 0x24, 0x7a, 0x48, 0xda,
    0x89, 0x28, 0xa6, 0x78, 0xc1, 0x8a, 0xb9, 0x85, 0xe6, 0xe2, 0x09, 0x21, 0x25, 0xa8, 0xc1, 0x8f,
    0x38, 0x9e, 0x08, 0x9d, 0x90, 0xe8, 0x3d, 0xb8, 0x41, 0x8d, 0xd1, 0x81, 0xa8, 0xa1, 0x88, 0x16,
    0xf9, 0x08, 0xa4, 0x8c, 0x17, 0x10, 0xa9, 0xde, 0x8c, 0x1a, 0x72, 0x67, 0x24, 0x92, 0xe9, 0x9d,
    0xc8, 0x64, 0x45, 0x4e, 0x6a, 0x10, 0x64, 0x95, 0xde, 0x49, 0x39, 0x9b, 0x51, 0x58, 0x92, 0xa6,
    0xe3, 0x92, 0x2f, 0xca, 0xc4, 0xdf, 0x79, 0xa2, 0x15, 0xf8, 0xa3, 0x97, 0x50, 0xd2, 0xb8, 0x21,
    0x6b, 0x64, 0x82, 0x89, 0xc1, 0x9b, 0x67, 0x1a, 0x98, 0xa6, 0x46, 0x31, 0x6e, 0xe0, 0x9b, 0x9b,
    0x4f, 0x5e, 0x48, 0x25, 0x8d, 0x63, 0x0e, 0x25, 0x25, 0x9e, 0x4a, 0xea, 0xc9, 0xe3, 0x88, 0x6b,
    0x6e, 0x17, 0x1b, 0xa0, 0x70, 0x0a, 0x1a, 0xa5, 0x9c, 0x85, 0x1e, 0x69, 0x27, 0xa2, 0x2d, 0x4a,
    0xb8, 0x68, 0x46, 0x34, 0xbd, 0xf9, 0xe6, 0x66, 0x98, 0x62, 0x66, 0x22, 0xa1, 0xac, 0xdd, 0x26,
    0xe7, 0x04, 0x98, 0x86, 0xf6, 0xe6, 0x96, 0x6e, 0xcd, 0xe4, 0xe9, 0x8f, 0xa0, 0xfe, 0xff, 0x68,
    0xe1, 0x80, 0x93, 0x92, 0xba, 0x9a, 0xa9, 0x72, 0xa6, 0x0a, 0xda, 0xaa, 0x7b, 0x4e, 0xd4, 0xe9,
    0xab, 0xb1, 0x6a, 0x30, 0x2b, 0x84, 0x83, 0x9e, 0x38, 0x1b, 0xae, 0x34, 0xea, 0x7a, 0xe7, 0x8f,
    0xac, 0x36, 0xf4, 0xab, 0xa7, 0x9b, 0x35, 0x20, 0xed, 0x01, 0xd4, 0x8a, 0x4a, 0xe7, 0x50, 0x00,
    0xde, 0x9a, 0xda, 0x9b, 0x48, 0x1e, 0xe6, 0x5b, 0xb3, 0x0c, 0x3d, 0xfb, 0x69, 0x62, 0xd2, 0x36,
    0x40, 0xed, 0x01, 0xd6, 0x76, 0xb8, 0x41, 0xb6, 0xa5, 0xdd, 0xc6, 0xed, 0x9c, 0x37, 0x1a, 0xf6,
    0x6d, 0xaf, 0x12, 0x89, 0x0b, 0x2b, 0xb9, 0xd3, 0x56, 0x0b, 0x59, 0xa5, 0xec, 0x92, 0xe6, 0xee,
    0x8f, 0xdd, 0xca, 0x1b, 0x1b, 0xb8, 0x08, 0xd9, 0xeb, 0x29, 0x66, 0x08, 0x24, 0x5c, 0xc1, 0xc2,
    0xa1, 0x12, 0xbb, 0xda, 0x9b, 0xb7, 0xb1, 0xa9, 0xa2, 0xc0, 0xa2, 0x19, 0x45, 0x30, 0x41, 0x06,
    0xbf, 0x89, 0xb0, 0xc2, 0x0c, 0xcb, 0x6a, 0x9e, 0xc3, 0xa5, 0x41, 0x9c, 0x9a, 0xc4, 0x46, 0xb2,
    0x69, 0xe1, 0xc5, 0x03, 0x65, 0x1c, 0xe8, 0x61, 0x09, 0x23, 0xb0, 0x70, 0x05, 0x0d, 0x17, 0x36,
    0x9b, 0xc8, 0x22, 0x90, 0x1c, 0x6f, 0x61, 0xbe, 0x59, 0x4c, 0x6f, 0x5d, 0xae, 0xbe, 0x3a, 0x6c,
    0x66, 0x46, 0x69, 0xec, 0xb0, 0x85, 0x0a, 0x14, 0x1d, 0xf4, 0x8f, 0x13, 0xe3, 0x1c, 0x9b, 0xce,
    0x9b, 0x3e, 0x64, 0xf0, 0xcf, 0x40, 0x6f, 0x20, 0xb4, 0xcc, 0x66, 0x7e, 0xbc, 0x41, 0xd1, 0x0a,
    0x1c, 0xad, 0x41, 0xd2, 0x26, 0x5b, 0x8d, 0xb2, 0x40, 0x4f, 0x5b, 0x1d, 0xb5, 0xd6, 0xb4, 0x12,
    0x6d, 0xf4, 0x50, 0x6f, 0x72, 0xed, 0x68, 0xc5, 0x43, 0x7d, 0x9d, 0x42, 0x82, 0xb7, 0x41, 0x6d,
    0xd8, 0x9b, 0xf2, 0x61, 0xed, 0xed, 0xae, 0x81, 0x1a, 0xa0, 0x77, 0x04, 0x7c, 0x1b, 0xff, 0x25,
    0xdf, 0xdd, 0x18, 0x1c, 0xe6, 0x36, 0xdc, 0xa9, 0xc9, 0x5d, 0x18, 0xdd, 0xf1, 0xd9, 0x4d, 0xf1,
    0xd4, 0x7a, 0x1b, 0xc0, 0x77, 0x04, 0x7e, 0xc7, 0x07, 0xb8, 0xe0, 0x3b, 0x2b, 0x44, 0xb8, 0x08,
    0x86, 0x6b, 0x5d, 0xf7, 0xd9, 0x4a, 0x2f, 0x1b, 0x69, 0xe3, 0x8f, 0x47, 0x6e, 0xc1, 0xe4, 0x86,
    0xb9, 0x9d, 0xf2, 0x4c, 0x71, 0x8b, 0x6d, 0x18, 0x52, 0xac, 0x07, 0xd5, 0xf8, 0x61, 0x53, 0x5b,
    0xd5, 0x3a, 0x61, 0xa4, 0x6f, 0x60, 0x7a, 0x41, 0x34, 0xa5, 0x1e, 0x38, 0x64, 0xb3, 0x23, 0xf5,
    0xfa, 0xdc, 0x2b, 0x3f, 0xd5, 0xfb, 0x65, 0x90, 0x9d, 0x5c, 0xb9, 0xd3, 0xa8, 0x17, 0xae, 0x7a,
    0x61, 0xc3, 0xa3, 0xf0, 0xfb, 0xe1, 0xc1, 0x1f, 0x35, 0x3c, 0x66, 0xc6, 0x37, 0x7d, 0xd6, 0x4c,
    0x6c, 0xde, 0x66, 0xc2, 0xf6, 0x48, 0x2d, 0xe0, 0x7d, 0x09, 0xe0, 0x87, 0x0f, 0xc0, 0xf8, 0x51,
    0x8f, 0x6f, 0x3e, 0x00, 0xe1, 0x7b, 0xbf, 0x00, 0x52, 0xdb, 0x9b, 0xc0, 0x26, 0xd3, 0x18, 0xd1,
    0x94, 0x7d, 0x6a, 0xed, 0x77, 0xff, 0x7d, 0xf8, 0xe0, 0x9b, 0x5f, 0xfe, 0xf9, 0xe8, 0x83, 0xaf,
    0x3e, 0xfb, 0xdb, 0x7b, 0x5f, 0xdb, 0x8e, 0xd7, 0xaa, 0x13, 0xcc, 0x4f, 0x04, 0xf5, 0x0b, 0x8a,
    0xfa, 0xf0, 0x97, 0x3f, 0xf2, 0x01, 0x8d, 0x7f, 0xfd, 0x2b, 0xc1, 0xff, 0x82, 0xd2, 0x3e, 0x01,
    0xda, 0x8e, 0x80, 0xce, 0xc2, 0x1e, 0xda, 0x02, 0x85, 0x14, 0x06, 0x78, 0x30, 0x00, 0x20, 0xe4,
    0x80, 0x08, 0x47, 0x38, 0x42, 0xc2, 0x60, 0x0d, 0x29, 0x23, 0xec, 0x80, 0x0a, 0x47, 0x58, 0x80,
    0x16, 0x7a, 0x90, 0x01, 0x84, 0xa9, 0x5e, 0xfc, 0x34, 0x28, 0x35, 0x0e, 0x06, 0xe5, 0x85, 0x20,
    0x0c, 0x00, 0x09, 0x77, 0x68, 0xc2, 0xa2, 0xa1, 0x50, 0x84, 0x2a, 0xec, 0x00, 0x0b, 0xff, 0x5d,
    0xe8, 0xc1, 0x18, 0x7a, 0x0d, 0x83, 0xe1, 0xa2, 0xe1, 0xd4, 0x3a, 0xf8, 0xc1, 0x10, 0xee, 0xb0,
    0x84, 0x8e, 0xb9, 0x9a, 0x0f, 0x83, 0x92, 0xc2, 0x15, 0x8a, 0xb0, 0x85, 0x05, 0x78, 0xa1, 0x11,
    0x77, 0x77, 0x41, 0xeb, 0x35, 0x89, 0x86, 0x8d, 0x43, 0x8a, 0x03, 0xc6, 0x68, 0x3e, 0x0a, 0x98,
    0x51, 0x02, 0x68, 0x34, 0x23, 0x05, 0x9a, 0x87, 0x14, 0x35, 0xa2, 0x51, 0x02, 0x6a, 0x34, 0xdf,
    0x18, 0x1d, 0x80, 0x94, 0x57, 0x45, 0x4a, 0x3f, 0x09, 0xc8, 0x63, 0xbd, 0xc0, 0xa8, 0x37, 0x31,
    0x92, 0x71, 0x7c, 0x6e, 0x4c, 0xa3, 0x19, 0xd9, 0x18, 0x94, 0x40, 0xc2, 0xd1, 0x8c, 0x72, 0x1c,
    0x63, 0x1d, 0x5f, 0x05, 0xbf, 0x82, 0xe4, 0x31, 0x01, 0x7b, 0x34, 0xe0, 0x50, 0xc2, 0x18, 0x94,
    0x39, 0x96, 0xf1, 0x8c, 0x82, 0x5c, 0x23, 0x21, 0x0d, 0x19, 0xc7, 0xf1, 0xcd, 0x71, 0x91, 0x07,
    0x1b, 0xa0, 0x17, 0x1f, 0x89, 0xbc, 0x0a, 0x81, 0x66, 0x33, 0x02, 0x48, 0x25, 0x25, 0x51, 0x60,
    0xbe, 0xc6, 0x35, 0x6e, 0x8e, 0x03, 0x88, 0x65, 0x2a, 0x67, 0x29, 0x80, 0x58, 0x0e, 0x60, 0x8e,
    0xae, 0xd4, 0x9b, 0xf9, 0x08, 0x33, 0x35, 0x3c, 0xea, 0x31, 0x22, 0x09, 0x42, 0xa5, 0x2a, 0xfb,
    0x18, 0x94, 0x56, 0xe6, 0x12, 0x96, 0xb2, 0xa4, 0x65, 0x2d, 0x63, 0x89, 0xcb, 0x5c, 0xee, 0x32,
    0x8a, 0xbd, 0xec, 0x15, 0x29, 0x81, 0xc9, 0x1f, 0x61, 0x0a, 0x60, 0x95, 0xc6, 0x74, 0x25, 0x32,
    0x07, 0xa0, 0xcc, 0x65, 0xde, 0x72, 0x8c, 0xb9, 0x34, 0xc0, 0x33, 0x89, 0x57, 0xc3, 0x3b, 0x4a,
    0xf3, 0x97, 0xbe, 0x9a, 0xc9, 0x66, 0xd6, 0xc9, 0x4e, 0x5b, 0xce, 0x8e, 0x26, 0xdd, 0xec, 0x66,
    0xf3, 0x6c, 0xb9, 0x19, 0xcc, 0x4c, 0x67, 0x9a, 0x5f, 0x3c, 0x01, 0x3b, 0xf7, 0x49, 0xff, 0x02,
    0x77, 0xb6, 0x0e, 0x9e, 0xf1, 0xa4, 0xe5, 0x3c, 0x63, 0x59, 0x4f, 0xc8, 0xdc, 0x13, 0x9d, 0x5c,
    0x52, 0x27, 0x3f, 0xd7, 0xe9, 0x4f, 0xd6, 0x01, 0x34, 0xa0, 0xa9, 0x1c, 0xe8, 0x00, 0x0a, 0xfa,
    0x98, 0x83, 0x42, 0x92, 0x9a, 0x27, 0xf8, 0xdb, 0x06, 0x23, 0xb5, 0xcf, 0x37, 0xd9, 0x12, 0xa2,
    0x20, 0x0d, 0x68, 0xec, 0x86, 0x82, 0x9a, 0xd4, 0xd0, 0x04, 0x9f, 0x91, 0xd4, 0x68, 0x39, 0x8d,
    0xd2, 0xd1, 0x1f, 0x7d, 0x34, 0xa4, 0x30, 0x9d, 0xe5, 0x48, 0x35, 0x63, 0x1b, 0x93, 0xce, 0x04,
    0xa5, 0x18, 0x55, 0xe9, 0xd4, 0x5a, 0xaa, 0x81, 0x97, 0xc6, 0x14, 0xa6, 0x33, 0x2d, 0xa9, 0x08,
    0x4e, 0x8a, 0xd0, 0x9c, 0xc6, 0xe7, 0x67, 0x34, 0x01, 0x81, 0x52, 0x97, 0xca, 0xd4, 0xa6, 0x42,
    0x10, 0x82, 0x4d, 0x8d, 0x2a, 0x53, 0x6f, 0x97, 0xc1, 0x8c, 0x1e, 0x75, 0x79, 0x49, 0x95, 0xaa,
    0x54, 0x9f, 0xca, 0x3f, 0xad, 0x4a, 0x95, 0xaa, 0x49, 0xb4, 0xaa, 0x05, 0x90, 0x3a, 0x13, 0xaf,
    0x46, 0x95, 0xab, 0xe7, 0x33, 0x6b, 0x53, 0xc1, 0x5a, 0xc0, 0x25, 0x0e, 0x2f, 0x04, 0x70, 0x8d,
    0x6b, 0x5c, 0x0b, 0x04, 0x81, 0xba, 0xca, 0x15, 0xae, 0x75, 0x85, 0xc0, 0x5d, 0xe5, 0x3a, 0x82,
    0xbe, 0xce, 0x2e, 0xae, 0xed, 0xf3, 0xc8, 0xb3, 0x64, 0xd7, 0xbb, 0xbd, 0xce, 0x15, 0x3f, 0x79,
    0xdd, 0x6b, 0x62, 0x0d, 0x1b, 0x82, 0xbe, 0x8e, 0xe0, 0xaf, 0x70, 0x0d, 0x2c, 0xa3, 0x4e, 0xe0,
    0xd6, 0xc2, 0x32, 0x96, 0xae, 0x76, 0xbd, 0xeb, 0x62, 0x0d, 0xeb, 0x58, 0xc8, 0x86, 0x40, 0xb2,
    0x9c, 0x6a, 0xd4, 0x06, 0xe0, 0x12, 0x94, 0x6e, 0xaa, 0xcf, 0xb1, 0x19, 0x48, 0x2d, 0x16, 0x09,
    0xc0, 0xda, 0x39, 0xe6, 0x95, 0xb5, 0x04, 0xc0, 0x62, 0x6a, 0x33, 0xe0, 0x58, 0x88, 0xa7, 0xce,
    0x4e, 0x4d, 0xa6, 0xe4, 0x22, 0x69, 0x51, 0x60, 0x5a, 0xef, 0xa1, 0x56, 0xb5, 0x2d, 0x84, 0xad,
    0x6b, 0xeb, 0x0a, 0x5b, 0xd9, 0xa6, 0xb6, 0xb6, 0x01, 0xbd, 0x2d, 0x9f, 0x44, 0xbb, 0xdb, 0xde,
    0x2e, 0xe0, 0xb7, 0x19, 0x58, 0x6d, 0x6b, 0xc7, 0xf8, 0x5a, 0xd6, 0x1a, 0x97, 0xb6, 0x7d, 0xb5,
    0x6d, 0xeb, 0x70, 0xab, 0x5c, 0x82, 0x34, 0x6e, 0x96, 0x0f, 0x08, 0xef, 0x6c, 0x3d, 0x40, 0xde,
    0xd9, 0xc6, 0x15, 0x82, 0x71, 0x25, 0xaf, 0x07, 0x3e, 0xc0, 0xde, 0xd9, 0x62, 0x6d, 0x96, 0xab,
    0x14, 0x6c, 0x58, 0xb6, 0x5b, 0x90, 0xef, 0xa6, 0x32, 0xbc, 0x0f, 0x18, 0x6f, 0x79, 0x53, 0x7b,
    0x5e, 0xfe, 0xa5, 0x97, 0xbc, 0xec, 0xfd, 0x80, 0x7b, 0x8b, 0x06, 0x5f, 0x62, 0x26, 0x65, 0xb2,
    0xdd, 0x1d, 0x88, 0x7d, 0x05, 0x80, 0x5f, 0xfd, 0x7a, 0xc0, 0xbc, 0x70, 0x45, 0x2f, 0x5c, 0xd5,
    0x1b, 0xe0, 0x01, 0x2b, 0xa0, 0xc0, 0x06, 0x08, 0xcc, 0x49, 0xde, 0xa9, 0x96, 0x0e, 0x7b, 0x18,
    0x30, 0xf4, 0x75, 0x09, 0x87, 0x3f, 0x4c, 0x62, 0xb5, 0x24, 0x98, 0x25, 0x23, 0x2e, 0xb1, 0x8a,
    0x6b, 0x72, 0xe2, 0x89, 0x04, 0x04, 0x00, 0x21, 0xf9, 0x04, 0x09, 0x08, 0x00, 0x28, 0x00, 0x2c,
    0x00, 0x00, 0x00, 0x00, 0x60, 0x00, 0x60, 0x00, 0x85, 0xfa, 0xf9, 0xf7, 0xed, 0xec, 0xeb, 0xfc,
    0xe6, 0xd4, 0xee, 0xda, 0xc9, 0xd8, 0xd7, 0xd6, 0xca, 0xc5, 0xc6, 0xef, 0xc4, 0xb4, 0xee, 0xd3,
    0x42, 0xed, 0xcc, 0x41, 0xff, 0xc8, 0x28, 0xea, 0xb4, 0xa7, 0xc3, 0xb2, 0xa9, 0xd1, 0xab, 0xa5,
    0xcd, 0xb0, 0x41, 0xb5, 0xb6, 0xaf, 0xc0, 0x9f, 0x90, 0xb1, 0xab, 0xab, 0xb3, 0x93, 0x8e, 0x3b,
    0x6e, 0x6b, 0x89, 0x57, 0x4f, 0x34, 0x55, 0x54, 0x78, 0x52, 0x27, 0x6e, 0x45, 0x42, 0x67, 0x40,
    0x3e, 0x63, 0x3d, 0x3c, 0xaf, 0x29, 0x32, 0x59, 0x37, 0x38, 0x44, 0x29, 0x2d, 0x21, 0x38, 0x3b,
    0x1f, 0x34, 0x37, 0x9c, 0x23, 0x2e, 0x92, 0x1f, 0x2d, 0x6e, 0x18, 0x26, 0x3b, 0x24, 0x29, 0x58,
    0x14, 0x21, 0x2f, 0x1c, 0x22, 0x19, 0x23, 0x28, 0x24, 0x15, 0x1b, 0x16, 0x14, 0x1b, 0x02, 0x01,
    0x01, 0x00, 0x00, 0x00, 0x00, 0x00, 0x00, 0x00, 0x00, 0x00, 0x00, 0x00, 0x00, 0x00, 0x00, 0x00,
    0x00, 0x00, 0x00, 0x00, 0x00, 0x00, 0x00, 0x00, 0x00, 0x00, 0x00, 0x00, 0x00, 0x00, 0x00, 0x00,
    0x00, 0x00, 0x00, 0x00, 0x00, 0x00, 0x00, 0x00, 0x00, 0x00, 0x00, 0x00, 0x00, 0x00, 0x00, 0x00,
    0x00, 0x00, 0x00, 0x00, 0x00, 0x00, 0x00, 0x00, 0x00, 0x00, 0x00, 0x00, 0x00, 0x00, 0x00, 0x00,
    0x00, 0x00, 0x00, 0x00, 0x00, 0x00, 0x00, 0x00, 0x00, 0x08, 0xff, 0x00, 0x51, 0x08, 0x1c, 0x48,
    0xb0, 0xa0, 0xc1, 0x83, 0x08, 0x13, 0x2a, 0x5c, 0xc8, 0xb0, 0xa1, 0xc3, 0x87, 0x10, 0x23, 0x4a,
    0x9c, 0x48, 0xb1, 0xa2, 0xc5, 0x8b, 0x18, 0x33, 0x6a, 0xdc, 0xc8, 0xb1, 0xa3, 0xc7, 0x8f, 0x20,
    0x43, 0x8a, 0x1c, 0x49, 0xb2, 0xa4, 0xc9, 0x93, 0x28, 0x53, 0xaa, 0x5c, 0xc9, 0xb2, 0xa5, 0xcb,
    0x97, 0x30, 0x63, 0xca, 0x9c, 0x49, 0xb3, 0xa6, 0xcd, 0x9b, 0x38, 0x73, 0xea, 0xdc, 0x99, 0xf0,
    0x84, 0xcf, 0x9f, 0x3f, 0x79, 0x6e, 0x04, 0x4a, 0x54, 0xa8, 0x46, 0xa2, 0x40, 0x8d, 0x5a, 0xfc,
    0xb9, 0xa1, 0xe9, 0xc0, 0xa6, 0x1b, 0x82, 0x2a, 0x8d, 0xc8, 0xd4, 0xa9, 0x40, 0xa8, 0x52, 0xa7,
    0x3e, 0xac, 0xba, 0xe1, 0x69, 0xd3, 0xac, 0x5a, 0x09, 0x9a, 0x18, 0x4b, 0x96, 0xec, 0xcf, 0xb2,
    0x68, 0xc1, 0x86, 0x15, 0x88, 0xb6, 0xec, 0xd9, 0xb6, 0x63, 0xd5, 0xae, 0x85, 0x1b, 0xd7, 0x27,
    0x5d, 0x13, 0x72, 0x73, 0x9a, 0x25, 0x0a, 0xb5, 0xaf, 0xdf, 0xbf, 0x23, 0x02, 0xbf, 0x35, 0xc1,
    0x73, 0x2f, 0xd0, 0xbf, 0x88, 0xfd, 0x06, 0x1e, 0x31, 0xb8, 0x70, 0xdd, 0xc3, 0x89, 0x23, 0x2f,
    0x6e, 0x5c, 0xd3, 0x30, 0x86, 0xcb, 0x98, 0x31, 0x5f, 0xd8, 0xcc, 0x19, 0xf3, 0xe2, 0x10, 0xa0,
    0x39, 0x8b, 0x1e, 0x4d, 0xd9, 0xa5, 0xe5, 0xcc, 0x99, 0x47, 0x5f, 0xf0, 0x1c, 0x18, 0x74, 0x08,
    0xd5, 0xaa, 0x4b, 0xb7, 0x3c, 0x8d, 0xfa, 0xb2, 0x6a, 0xd6, 0x23, 0x5c, 0xc3, 0x26, 0x6d, 0x77,
    0xec, 0xec, 0xb1, 0xb5, 0x35, 0xef, 0x1e, 0x8e, 0x19, 0xaa, 0x70, 0xd1, 0xc7, 0xc9, 0xaa, 0x24,
    0x1b, 0xdc, 0xf6, 0xf0, 0xdd, 0xc5, 0x9b, 0x1e, 0xef, 0xec, 0xfc, 0x82, 0xf2, 0x94, 0xcc, 0x9b,
    0x3f, 0x87, 0x7e, 0xd9, 0x78, 0x75, 0xea, 0x18, 0x38, 0x5f, 0xff, 0x47, 0x99, 0x3d, 0xf5, 0x66,
    0x0b, 0xe8, 0xd3, 0x6f, 0x17, 0xfd, 0x77, 0xf8, 0x84, 0xf7, 0xe3, 0x4f, 0x96, 0x3f, 0x9e, 0x5e,
    0xfd, 0xfa, 0xcd, 0xed, 0x77, 0xbf, 0x9f, 0x10, 0xdf, 0xe4, 0xfc, 0xea, 0xf5, 0xa1, 0x77, 0x1f,
    0x7e, 0x7e, 0xb9, 0x07, 0x9f, 0x6f, 0xfe, 0x01, 0xd7, 0x5d, 0x53, 0x9c, 0xed, 0xe7, 0xe0, 0x7b,
    0x03, 0xb2, 0xc7, 0x20, 0x77, 0x18, 0xec, 0xd7, 0xdf, 0x47, 0xe5, 0x41, 0xd5, 0xe0, 0x83, 0xfb,
    0x45, 0xc8, 0x99, 0x86, 0x14, 0x5a, 0x88, 0xa0, 0x48, 0x19, 0x4e, 0x78, 0x01, 0x87, 0x1d, 0x7a,
    0x78, 0x01, 0x88, 0xb0, 0x61, 0x26, 0x22, 0x61, 0x20, 0x95, 0xa7, 0xc1, 0x8c, 0x2c, 0x72, 0x78,
    0x9c, 0x8d, 0xdf, 0x11, 0xb8, 0x41, 0x8a, 0xc8, 0x5d, 0xc6, 0xe1, 0x85, 0x18, 0xc9, 0x48, 0xa3,
    0x89, 0x38, 0x86, 0xb7, 0x59, 0x91, 0xaa, 0x41, 0xc5, 0x23, 0x78, 0x3f, 0x8e, 0xb8, 0x91, 0x90,
    0x1a, 0xd4, 0xf8, 0xe0, 0x8d, 0x53, 0xe6, 0xb8, 0x62, 0x53, 0x4b, 0x6e, 0xe6, 0xe2, 0x83, 0x40,
    0x5e, 0x54, 0xe2, 0x06, 0xb5, 0xed, 0x37, 0x63, 0x94, 0x44, 0xa2, 0x38, 0x41, 0x92, 0x58, 0x56,
    0x89, 0xc1, 0x98, 0x5b, 0xf2, 0xe7, 0xa4, 0x46, 0x5f, 0x86, 0xf9, 0xde, 0x98, 0x52, 0xa2, 0x88,
    0xe6, 0x8e, 0x6a, 0xb2, 0xe9, 0xe3, 0x81, 0x30, 0x72, 0x14, 0x27, 0x6a, 0x62, 0x0e, 0xb9, 0xc1,
    0x86, 0x76, 0x8e, 0xa6, 0x64, 0x9e, 0x33, 0xb6, 0xd9, 0xe5, 0x44, 0x64, 0x8d, 0x39, 0xe6, 0x62,
    0x7a, 0x62, 0x10, 0x19, 0xa1, 0x1c, 0xaa, 0xe6, 0x9a, 0x99, 0x13, 0x44, 0x8a, 0xd9, 0x98, 0x8b,
    0x3e, 0xd4, 0xa8, 0xa3, 0x1a, 0x40, 0x9a, 0xe8, 0x82, 0x88, 0x51, 0xfa, 0xa0, 0xa5, 0xa0, 0x61,
    0xaa, 0xe9, 0x65, 0x9c, 0xbe, 0xc9, 0xe8, 0x58, 0xa0, 0x86, 0xff, 0x1a, 0x58, 0xa4, 0x93, 0x1e,
    0x69, 0x26, 0xaa, 0x21, 0xa8, 0x3a, 0x6a, 0x66, 0xad, 0xf6, 0x59, 0xd1, 0xa7, 0x8e, 0x2e, 0xd6,
    0xc0, 0xb0, 0x07, 0x14, 0x5b, 0xab, 0x84, 0x1b, 0xd8, 0x27, 0x9a, 0x6b, 0x63, 0xf2, 0xf8, 0x57,
    0x6d, 0x9d, 0x3a, 0x04, 0xec, 0xa3, 0x81, 0x0d, 0xdb, 0x40, 0xb1, 0x07, 0x1c, 0xfb, 0x61, 0x53,
    0xca, 0x72, 0xc6, 0xec, 0x8c, 0xce, 0xfa, 0x05, 0xad, 0xab, 0x12, 0x4d, 0x3b, 0xa3, 0xb0, 0xc4,
    0x1a, 0x9b, 0xd8, 0x9d, 0xdd, 0x6e, 0xf6, 0xad, 0x06, 0xe1, 0xf6, 0x35, 0xae, 0xaf, 0x11, 0x99,
    0xeb, 0x68, 0x64, 0x08, 0xe4, 0x5b, 0xc1, 0xbe, 0xb4, 0x16, 0x38, 0xda, 0x98, 0xae, 0x79, 0x67,
    0xe4, 0x95, 0xf2, 0xa2, 0x06, 0x55, 0xb4, 0x07, 0xd9, 0x4b, 0x67, 0x62, 0xf9, 0x22, 0xb0, 0x6f,
    0x05, 0xfd, 0xf6, 0xa5, 0x1a, 0xc0, 0xa0, 0x09, 0xbc, 0x6d, 0xc1, 0x99, 0x1d, 0x4c, 0xee, 0x42,
    0x0a, 0x0b, 0xfa, 0x57, 0xc3, 0x0f, 0x47, 0xcc, 0x22, 0x67, 0x14, 0x87, 0x60, 0xb1, 0x8e, 0x02,
    0x47, 0xb7, 0x01, 0xc2, 0x06, 0xd9, 0xab, 0x72, 0x64, 0x7f, 0x2d, 0x2c, 0xb1, 0x96, 0xa4, 0x2a,
    0x60, 0x33, 0x54, 0x63, 0x5e, 0x9c, 0x32, 0xa9, 0x2c, 0x17, 0xe4, 0x32, 0xa9, 0x30, 0xfb, 0x25,
    0x33, 0x8b, 0x2a, 0xdb, 0xac, 0x00, 0xce, 0x33, 0xea, 0x2c, 0x9d, 0xc1, 0x4d, 0xf5, 0x2c, 0x16,
    0xac, 0xa0, 0xbe, 0x1c, 0x34, 0xd2, 0x64, 0xce, 0xbc, 0x5a, 0xcd, 0x37, 0x37, 0x95, 0x33, 0xca,
    0x4b, 0x67, 0xdc, 0xf4, 0xc6, 0x0a, 0x95, 0xe7, 0x9a, 0xd4, 0x88, 0x8d, 0x99, 0x9e, 0xd1, 0xcf,
    0xb2, 0x2a, 0xa8, 0x01, 0x6c, 0x47, 0xe0, 0x36, 0x54, 0xe9, 0xa5, 0x2d, 0xa9, 0x5f, 0x4e, 0x0f,
    0x24, 0x36, 0x68, 0x64, 0xc7, 0x3c, 0xe3, 0xd9, 0x59, 0x63, 0xff, 0x2c, 0x33, 0xdb, 0x06, 0xb8,
    0x1d, 0x01, 0xdc, 0xe8, 0xc9, 0xfd, 0x57, 0xdd, 0x6c, 0x29, 0x88, 0xc1, 0xd8, 0x40, 0x27, 0x66,
    0x36, 0x7a, 0x68, 0x8b, 0xab, 0x76, 0xd5, 0x80, 0x0b, 0x4e, 0xb8, 0x05, 0x86, 0xd3, 0x0d, 0x76,
    0x42, 0x77, 0x87, 0x90, 0xf7, 0x57, 0x48, 0xf9, 0x04, 0xb8, 0xde, 0x55, 0x63, 0x15, 0xfa, 0x09,
    0x91, 0x91, 0x8d, 0x38, 0x0a, 0x9d, 0x7f, 0x1e, 0xd5, 0xe9, 0xa3, 0x0b, 0xed, 0x31, 0xe8, 0xa1,
    0xa7, 0xde, 0xf8, 0xca, 0x9b, 0x23, 0xd4, 0xfa, 0xed, 0xa6, 0x87, 0x1e, 0x7b, 0x5f, 0x43, 0xd3,
    0x8e, 0x94, 0xed, 0x73, 0xf7, 0xb5, 0xba, 0x61, 0x02, 0xbb, 0x56, 0xc2, 0xf2, 0x3f, 0x2d, 0xe0,
    0x3c, 0x09, 0xd0, 0x47, 0x0f, 0xc0, 0xf4, 0x53, 0x4f, 0x6f, 0x3d, 0x00, 0xd1, 0x3b, 0xbf, 0xc0,
    0x4f, 0xcb, 0x97, 0x20, 0xf0, 0xe1, 0xb9, 0x27, 0xfc, 0x58, 0xf2, 0xa0, 0x75, 0xdf, 0xfc, 0xf3,
    0xd1, 0x43, 0x6f, 0x7d, 0xf5, 0xd7, 0x63, 0x0f, 0xbd, 0xf6, 0xdc, 0x2f, 0xff, 0xbd, 0xe6, 0xf4,
    0x36, 0x84, 0x7c, 0xd7, 0xca, 0x33, 0xef, 0x93, 0xf6, 0xe9, 0xab, 0x4f, 0x7d, 0xd0, 0xed, 0x73,
    0x1f, 0x09, 0xe0, 0xe7, 0x93, 0xee, 0xcd, 0xcf, 0x78, 0xe1, 0x6b, 0xd9, 0xf8, 0xb4, 0x26, 0xa8,
    0x9f, 0x30, 0xe0, 0x81, 0x01, 0x88, 0x20, 0x07, 0x26, 0x48, 0x41, 0x0a, 0x72, 0xc5, 0x68, 0x3f,
    0xa1, 0x60, 0x07, 0x36, 0x48, 0xc1, 0x02, 0x78, 0xf0, 0x81, 0x0c, 0xe0, 0x8a, 0xea, 0x46, 0x94,
    0x80, 0x12, 0x32, 0xe4, 0x7e, 0x1b, 0x90, 0x99, 0x03, 0x21, 0x28, 0xc1, 0x0a, 0x56, 0xf0, 0x82,
    0x36, 0xcb, 0xe0, 0x04, 0x37, 0xd8, 0x81, 0x0e, 0x7e, 0xf0, 0x81, 0x22, 0xbc, 0xdd, 0x78, 0x4a,
    0x98, 0x80, 0x13, 0x2e, 0x30, 0x85, 0x0d, 0xf4, 0x09, 0x08, 0xff, 0x23, 0x18, 0x00, 0x17, 0xbe,
    0xd0, 0x27, 0x50, 0xc1, 0xa0, 0x4f, 0x34, 0xc8, 0xc1, 0x09, 0x7a, 0xb0, 0x00, 0x20, 0xcc, 0x61,
    0xf1, 0x34, 0xd6, 0x27, 0x1e, 0x7a, 0x0a, 0x6a, 0x94, 0x63, 0xdb, 0x4f, 0x1c, 0xc0, 0x45, 0xeb,
    0x51, 0xe0, 0x8b, 0x12, 0x08, 0xe3, 0x17, 0x29, 0x70, 0x3a, 0xa0, 0x8c, 0x31, 0x8c, 0x12, 0x18,
    0xa3, 0xf5, 0xb8, 0xe8, 0x80, 0x9f, 0xc4, 0x0a, 0x7c, 0x26, 0xb0, 0x62, 0xbd, 0xb0, 0x08, 0x15,
    0xc0, 0x6d, 0xb1, 0x8b, 0xd3, 0x3b, 0xa3, 0x18, 0xbf, 0x58, 0xc6, 0x9f, 0xe8, 0x31, 0x8d, 0x5f,
    0x5c, 0x23, 0x17, 0xdd, 0x08, 0x2a, 0x38, 0xca, 0x11, 0x22, 0xc0, 0xaa, 0xa3, 0x16, 0x7d, 0xc2,
    0x46, 0x2f, 0x82, 0x71, 0x8f, 0x64, 0xec, 0xe3, 0x09, 0xfe, 0xa8, 0xc6, 0xe9, 0xb1, 0x91, 0x90,
    0xf7, 0xa2, 0xdf, 0x21, 0x7d, 0x68, 0x82, 0xfd, 0xe0, 0x46, 0x00, 0xa0, 0xb4, 0xa3, 0x4f, 0xac,
    0x07, 0x38, 0xc0, 0xb1, 0x71, 0x00, 0xa8, 0x04, 0xa5, 0x2a, 0x05, 0x80, 0xca, 0x01, 0xb0, 0xb1,
    0x94, 0x6c, 0xb3, 0x1e, 0x57, 0x82, 0x87, 0xbb, 0x38, 0x9a, 0x70, 0x8e, 0x9d, 0x7c, 0xcf, 0x27,
    0x43, 0xb9, 0xc8, 0x13, 0x90, 0x12, 0x96, 0xa7, 0x4c, 0xe5, 0x2a, 0x59, 0x89, 0xca, 0x57, 0xc2,
    0x52, 0x96, 0x48, 0x64, 0x60, 0xe9, 0xbe, 0x66, 0xcb, 0x1e, 0xe2, 0xd2, 0x93, 0x97, 0x59, 0x8c,
    0x2a, 0x45, 0xe9, 0xcb, 0xe9, 0xc1, 0xd2, 0x00, 0xc1, 0x1c, 0xc0, 0x30, 0x89, 0xe9, 0x4a, 0x2e,
    0x5e, 0x13, 0x99, 0xa8, 0x53, 0xa6, 0x21, 0x6f, 0xf9, 0x2a, 0x13, 0x50, 0x6b, 0x31, 0xe8, 0x5c,
    0x4c, 0x2b, 0x91, 0x42, 0x96, 0x6d, 0x6e, 0xb3, 0x8c, 0xad, 0x5c, 0xcc, 0xd4, 0x36, 0x49, 0x11,
    0x60, 0xa5, 0xf3, 0x9e, 0x23, 0x58, 0x27, 0x51, 0xda, 0xe9, 0xff, 0xce, 0x55, 0xc2, 0x13, 0x95,
    0xf2, 0x0c, 0x1a, 0x3d, 0xcb, 0x79, 0x4e, 0x7c, 0x06, 0x46, 0x9f, 0x40, 0xe1, 0x67, 0x3f, 0x41,
    0xf9, 0xcf, 0x01, 0x04, 0x14, 0x66, 0x03, 0xbd, 0xa2, 0x09, 0xe2, 0x26, 0xce, 0xa6, 0xdc, 0x73,
    0x4c, 0xad, 0x5c, 0xa8, 0x46, 0xfb, 0x49, 0xcb, 0xcf, 0x80, 0x66, 0x75, 0x0a, 0x9c, 0x68, 0xe1,
    0x2a, 0xba, 0x81, 0x8b, 0xce, 0x28, 0xa3, 0x1b, 0x4d, 0xa9, 0x2a, 0x3b, 0xda, 0x9a, 0x8f, 0x26,
    0x90, 0x63, 0x63, 0xa1, 0x28, 0x10, 0xab, 0x66, 0x52, 0x0d, 0xa0, 0x54, 0xa5, 0x29, 0x65, 0x69,
    0x6e, 0x5c, 0x5a, 0xbf, 0x72, 0xc5, 0x14, 0x3d, 0x64, 0x43, 0x0a, 0x08, 0x86, 0x4a, 0x54, 0xa2,
    0xee, 0x07, 0x02, 0x48, 0x25, 0xaa, 0xf5, 0x90, 0x0a, 0x81, 0xa2, 0x3a, 0x55, 0x04, 0x50, 0x15,
    0xea, 0x50, 0xbb, 0xf7, 0xa4, 0x9f, 0x5a, 0x20, 0xa8, 0x44, 0x71, 0x6a, 0x51, 0x8f, 0x9a, 0xd4,
    0xa1, 0x2e, 0xb5, 0xab, 0x5a, 0x05, 0x01, 0x54, 0x45, 0x20, 0x55, 0x10, 0x50, 0x15, 0x4e, 0x56,
    0xc5, 0x2a, 0x50, 0xc2, 0x3a, 0x54, 0xae, 0x36, 0xd5, 0xab, 0xd3, 0x63, 0x2a, 0x5b, 0xc5, 0x1a,
    0xd5, 0xac, 0x4e, 0x75, 0x79, 0x1e, 0x49, 0x24, 0xed, 0xb6, 0xa9, 0xbd, 0xb1, 0x66, 0xe0, 0xaf,
    0x4f, 0x24, 0x80, 0x60, 0xd9, 0xc8, 0x54, 0xc1, 0x12, 0xe0, 0x89, 0x7f, 0xcd, 0xc0, 0x58, 0x17,
    0x8a, 0x94, 0xbc, 0xd2, 0x71, 0xaf, 0xc3, 0xec, 0x2b, 0x54, 0x13, 0x1b, 0xd8, 0xc1, 0x72, 0xb1,
    0xb0, 0x82, 0x45, 0xec, 0x5f, 0x17, 0xdb, 0xcf, 0xc6, 0x76, 0x44, 0xaf, 0xaf, 0x3b, 0x01, 0x5f,
    0x9d, 0xe7, 0x57, 0xc0, 0x7a, 0xd0, 0xb0, 0x84, 0x45, 0xaa, 0x61, 0x35, 0xab, 0x58, 0xa8, 0x32,
    0xb6, 0x28, 0x68, 0x35, 0x81, 0xca, 0x06, 0xf2, 0x13, 0xc0, 0x7b, 0xa9, 0xf2, 0x01, 0xb8, 0x4d,
    0xac, 0x07, 0x76, 0x9b, 0x58, 0xa5, 0xb6, 0x8f, 0xa8, 0xbb, 0xf5, 0xc0, 0x07, 0x86, 0x9b, 0x58,
    0xa3, 0x4d, 0xb3, 0x97, 0x8e, 0x95, 0x2d, 0xa9, 0x68, 0x2b, 0x3a, 0xb6, 0xdd, 0x36, 0xb7, 0x7f,
    0x0d, 0x6e, 0x6f, 0xe1, 0x7a, 0x3d, 0xe0, 0xee, 0x76, 0xb8, 0x1f, 0x28, 0xae, 0xcd, 0x8e, 0x6b,
    0x80, 0xbc, 0x78, 0x49, 0x71, 0x50, 0x61, 0xee, 0x09, 0x6c, 0x0b, 0x4a, 0xdc, 0x3e, 0x40, 0xb7,
    0xbc, 0xfd, 0xab, 0x6f, 0xab, 0x3b, 0xd4, 0xe0, 0x62, 0x57, 0xbb, 0x0a, 0xe0, 0xae, 0x77, 0x2d,
    0x62, 0x18, 0xb9, 0xb0, 0xf3, 0x2e, 0xf8, 0xcd, 0x6f, 0x5a, 0x60, 0x8b, 0xa1, 0xc7, 0xd8, 0x77,
    0x9f, 0xfa, 0x0d, 0x30, 0x7e, 0x3d, 0xdb, 0x5f, 0xbc, 0xf0, 0x57, 0xbc, 0x83, 0x11, 0xb0, 0x82,
    0xdd, 0x72, 0x60, 0x8a, 0x04, 0x04, 0x00, 0x21, 0xf9, 0x04, 0x09, 0x08, 0x00, 0x28, 0x00, 0x2c,
    0x00, 0x00, 0x00, 0x00, 0x60, 0x00, 0x60, 0x00, 0x85, 0xfc, 0xfa, 0xf8, 0xed, 0xec, 0xeb, 0xfc,
    0xe6, 0xd4, 0xee, 0xda, 0xc9, 0xd8, 0xd7, 0xd6, 0xca, 0xc5, 0xc6, 0xef, 0xc4, 0xb4, 0xee, 0xd3,
    0x42, 0xed, 0xcc, 0x41, 0xff, 0xc8, 0x28, 0xea, 0xb4, 0xa7, 0xc3, 0xb2, 0xa9, 0xd1, 0xab, 0xa5,
    0xcd, 0xb0, 0x41, 0xb5, 0xb6, 0xaf, 0xc0, 0x9f, 0x90, 0xb1, 0xab, 0xab, 0xb3, 0x93, 0x8e, 0x3b,
    0x6e, 0x6b, 0x89, 0x57, 0x4f, 0x78, 0x52, 0x27, 0x34, 0x55, 0x54, 0x6e, 0x45, 0x42, 0x67, 0x40,
    0x3e, 0x63, 0x3d, 0x3c, 0xaf, 0x29, 0x32, 0x59, 0x37, 0x38, 0x44, 0x29, 0x2d, 0x21, 0x38, 0x3b,
    0x1f, 0x34, 0x37, 0x9c, 0x23, 0x2e, 0x92, 0x1f, 0x2d, 0x6f, 0x18, 0x26, 0x3b, 0x24, 0x29, 0x58,
    0x14, 0x21, 0x2f, 0x1c, 0x22, 0x19, 0x23, 0x28, 0x24, 0x15, 0x1b, 0x16, 0x14, 0x1b, 0x02, 0x01,
    0x01, 0x00, 0x00, 0x00, 0x00, 0x00, 0x00, 0x00, 0x00, 0x00, 0x00, 0x00, 0x00, 0x00, 0x00, 0x00,
    0x00, 0x00, 0x00, 0x00, 0x00, 0x00, 0x00, 0x00, 0x00, 0x00, 0x00, 0x00, 0x00, 0x00, 0x00, 0x00,
    0x00, 0x00, 0x00, 0x00, 0x00, 0x00, 0x00, 0x00, 0x00, 0x00, 0x00, 0x00, 0x00, 0x00, 0x00, 0x00,
    0x00, 0x00, 0x00, 0x00, 0x00, 0x00, 0x00, 0x00, 0x00, 0x00, 0x00, 0x00, 0x00, 0x00, 0x00, 0x00,
    0x00, 0x00, 0x00, 0x00, 0x00, 0x00, 0x00, 0x00, 0x00, 0x08, 0xff, 0x00, 0x51, 0x08, 0x1c, 0x48,
    0xb0, 0xa0, 0xc1, 0x83, 0x08, 0x13, 0x2a, 0x5c, 0xc8, 0xb0, 0xa1, 0xc3, 0x87, 0x10, 0x23, 0x4a,
    0x9c, 0x48, 0xb1, 0xa2, 0xc5, 0x8b, 0x18, 0x33, 0x6a, 0xdc, 0xc8, 0xb1, 0xa3, 0xc7, 0x8f, 0x20,
    0x43, 0x8a, 0x1c, 0x49, 0xb2, 0xa4, 0xc9, 0x93, 0x28, 0x53, 0xaa, 0x5c, 0xc9, 0xb2, 0xa5, 0xcb,
    0x97, 0x30, 0x63, 0xca, 0x9c, 0x49, 0xb3, 0xa6, 0xcd, 0x9b, 0x38, 0x73, 0xea, 0xdc, 0xc9, 0xf0,
    0x84, 0xcf, 0x9f, 0x3f, 0x79, 0x6e, 0x04, 0x4a, 0x54, 0xa8, 0x46, 0xa2, 0x40, 0x8d, 0x5a, 0xfc,
    0xb9, 0xa1, 0xe9, 0xc0, 0xa6, 0x1b, 0x82, 0x2a, 0x8d, 0xc8, 0xd4, 0xa9, 0x40, 0xa8, 0x52, 0xa7,
    0x3e, 0xac, 0xba, 0xe1, 0x69, 0xd3, 0xac, 0x5a, 0x51, 0x98, 0x18, 0x4b, 0x76, 0xe0, 0x4f, 0xb2,
    0x68, 0xc7, 0x22, 0x0d, 0x3b, 0x30, 0xad, 0x09, 0xb3, 0x3e, 0xdd, 0x92, 0x5d, 0xcb, 0x56, 0x6c,
    0x5a, 0xb8, 0x27, 0xe4, 0xaa, 0x2d, 0xba, 0x73, 0x2e, 0x51, 0xa8, 0x80, 0x03, 0x0b, 0x1e, 0x41,
    0xf8, 0xec, 0x58, 0x9e, 0x7e, 0x81, 0x0a, 0x5e, 0x1c, 0x98, 0xf0, 0x08, 0xc3, 0x6f, 0xfb, 0xee,
    0x55, 0xcc, 0xb8, 0xb2, 0x63, 0xc8, 0x36, 0x13, 0x63, 0xd8, 0xcc, 0x99, 0xf3, 0x85, 0xcf, 0xa0,
    0x39, 0x3b, 0x0e, 0x41, 0x1a, 0xb4, 0xe9, 0xd3, 0x98, 0x5f, 0x6a, 0xee, 0xdc, 0xf9, 0xf4, 0x05,
    0xd1, 0x84, 0x49, 0x87, 0x70, 0xed, 0x3a, 0xb5, 0xcb, 0xd5, 0xac, 0x37, 0xbb, 0x86, 0x3d, 0x42,
    0x36, 0x6d, 0xd4, 0x71, 0x0f, 0xb3, 0x24, 0x9b, 0xdb, 0xf3, 0xef, 0xe3, 0x9c, 0xa1, 0x1a, 0x37,
    0xbd, 0xbc, 0x6c, 0x4a, 0xe2, 0xc5, 0x31, 0x1c, 0x47, 0xbe, 0x59, 0xb9, 0xee, 0xd3, 0xcd, 0x85,
    0xa3, 0x84, 0x5e, 0x7c, 0xfa, 0xef, 0xe4, 0x4d, 0x97, 0x87, 0xff, 0xbe, 0x7e, 0xc1, 0xf9, 0xf6,
    0xb1, 0xb9, 0x41, 0x5b, 0x58, 0xcf, 0xde, 0xbb, 0x69, 0xc1, 0xc7, 0x27, 0xc8, 0x37, 0x7f, 0x92,
    0xfb, 0x72, 0xf6, 0xed, 0xdd, 0x7f, 0x86, 0xff, 0x5b, 0xfe, 0x04, 0xfa, 0x26, 0xd9, 0x47, 0x1e,
    0x7e, 0xeb, 0xe9, 0xb7, 0x5f, 0x60, 0xf1, 0xcd, 0xa7, 0x1d, 0x49, 0xdc, 0x41, 0x05, 0x9a, 0x7f,
    0x10, 0xca, 0x67, 0xe0, 0x7b, 0x4d, 0x51, 0x87, 0x81, 0x7f, 0x00, 0x7e, 0xd4, 0x60, 0x85, 0x9f,
    0x45, 0x08, 0xe1, 0x84, 0xa0, 0x39, 0xf8, 0xdd, 0x66, 0x18, 0x2e, 0x08, 0xd2, 0x86, 0x1b, 0x3c,
    0xe8, 0xa1, 0x84, 0x20, 0x5e, 0x20, 0x22, 0x6d, 0x9c, 0x95, 0x18, 0x99, 0x86, 0xe8, 0x6d, 0xa6,
    0xc1, 0x8d, 0x2f, 0x7a, 0xb8, 0x9c, 0x8e, 0xe4, 0x85, 0xd8, 0x94, 0x7f, 0xbb, 0x91, 0x18, 0x61,
    0x86, 0x18, 0x71, 0x77, 0xa3, 0x06, 0x39, 0x46, 0xb8, 0xa3, 0x92, 0x3d, 0x1e, 0xb8, 0x01, 0x90,
    0xd8, 0x09, 0x09, 0x21, 0x91, 0x17, 0x19, 0x89, 0x23, 0x87, 0x17, 0xf0, 0x28, 0x5d, 0x87, 0x4c,
    0x6e, 0x49, 0xe1, 0x93, 0x2c, 0x32, 0x27, 0xa5, 0x8c, 0x1e, 0xa1, 0x98, 0x9b, 0x7f, 0x47, 0x26,
    0xb9, 0xa2, 0x6b, 0x50, 0x69, 0x79, 0x64, 0x8c, 0x0a, 0xce, 0xb8, 0x91, 0x99, 0xac, 0xa1, 0x79,
    0x65, 0x8a, 0x5c, 0xae, 0x79, 0x5a, 0x9b, 0x5d, 0xbe, 0x29, 0x25, 0x95, 0x16, 0xd1, 0xd9, 0x99,
    0x9d, 0x48, 0x62, 0xb9, 0x62, 0x98, 0x3e, 0x82, 0x09, 0x21, 0x67, 0x7e, 0x5e, 0x18, 0xe7, 0x9c,
    0x63, 0x1d, 0x79, 0xa4, 0x63, 0x8d, 0x56, 0xa6, 0xa2, 0x9e, 0xa6, 0xc9, 0x76, 0xe8, 0x04, 0x8d,
    0x32, 0x7a, 0x23, 0xa0, 0x0f, 0x91, 0x25, 0xe9, 0x8d, 0x94, 0xde, 0x08, 0xde, 0x62, 0x97, 0x7a,
    0xe8, 0x9a, 0xa6, 0x87, 0x76, 0x6a, 0xe3, 0xa7, 0x26, 0x4e, 0xff, 0x24, 0xea, 0xa8, 0xa5, 0x6a,
    0x70, 0x2a, 0x7f, 0x59, 0x1e, 0xba, 0x2a, 0x69, 0x9b, 0xba, 0x8a, 0xc1, 0x91, 0xa0, 0x3a, 0x34,
    0xab, 0xa4, 0x8e, 0x35, 0x60, 0xec, 0x01, 0xc8, 0x5a, 0xba, 0x67, 0x53, 0xf9, 0x65, 0x4a, 0xda,
    0x91, 0x50, 0xba, 0x18, 0x58, 0x6e, 0xc1, 0x36, 0x34, 0xec, 0xa4, 0x84, 0x19, 0xdb, 0x00, 0xb2,
    0x07, 0x28, 0xfb, 0x65, 0xb3, 0xa0, 0xc9, 0x06, 0x6d, 0x98, 0x82, 0x51, 0x1b, 0xab, 0x44, 0xd7,
    0x92, 0x9a, 0xed, 0xb1, 0xc9, 0x32, 0xc6, 0x26, 0xb3, 0x05, 0x9e, 0x26, 0xee, 0x8d, 0xd1, 0x96,
    0xcb, 0x5a, 0xb5, 0x09, 0xa5, 0x2b, 0x69, 0x65, 0x08, 0xf4, 0x4b, 0xc1, 0xbf, 0x95, 0x22, 0x78,
    0xda, 0x91, 0xb2, 0x59, 0xe7, 0xa5, 0xbd, 0x9d, 0x41, 0x85, 0x6f, 0x41, 0xfa, 0xa6, 0xc9, 0x58,
    0xbf, 0x08, 0xfc, 0x4b, 0x41, 0xc0, 0x80, 0xb9, 0x46, 0x30, 0x69, 0x06, 0x27, 0x6a, 0xf0, 0xa9,
    0x0b, 0x13, 0xd4, 0xf0, 0x9d, 0x82, 0x41, 0x2c, 0x31, 0xc5, 0x2f, 0x82, 0x76, 0x71, 0x08, 0x19,
    0x3b, 0xb9, 0x71, 0x75, 0x4d, 0x75, 0xdc, 0x56, 0xa4, 0xa3, 0xde, 0x5a, 0x59, 0x60, 0x0e, 0x57,
    0xfc, 0xd9, 0xa9, 0x0a, 0xe4, 0x0c, 0xd5, 0x91, 0x1a, 0x87, 0xc7, 0x9a, 0xc2, 0xe7, 0x2e, 0xa4,
    0xaf, 0xcc, 0x33, 0xef, 0x0c, 0x32, 0x96, 0x38, 0xeb, 0xdc, 0x14, 0xcf, 0x2a, 0xfb, 0x9c, 0x70,
    0xcb, 0x41, 0x2b, 0x34, 0x34, 0xcb, 0x45, 0xd3, 0x7c, 0x34, 0x9e, 0xaf, 0x51, 0x9d, 0xb3, 0x02,
    0x46, 0x6b, 0xd0, 0xf3, 0x06, 0xb9, 0x01, 0x2d, 0xa7, 0xb0, 0x35, 0x62, 0x20, 0x1b, 0xd1, 0x82,
    0x1d, 0xc9, 0xde, 0xd6, 0x08, 0xd7, 0x6c, 0xc0, 0xdb, 0x11, 0xc4, 0x0d, 0x15, 0x7b, 0x08, 0x0b,
    0xe6, 0xb2, 0x40, 0xdc, 0x9d, 0x4d, 0x75, 0x65, 0x6a, 0xaf, 0xff, 0xc7, 0xf6, 0xb4, 0xaf, 0x16,
    0xba, 0xc1, 0xdb, 0x06, 0xc4, 0x1d, 0xc1, 0xdc, 0xeb, 0xd5, 0x1d, 0xd8, 0xdd, 0x76, 0x99, 0xc0,
    0x99, 0xde, 0x18, 0x54, 0xdd, 0xb7, 0x05, 0x7f, 0x03, 0xe6, 0xa9, 0xe0, 0x84, 0x1b, 0x8e, 0xb8,
    0x05, 0x8a, 0x03, 0xc6, 0x78, 0xde, 0xa4, 0xa1, 0xfd, 0x15, 0x52, 0x3e, 0x11, 0x9e, 0xf6, 0xd5,
    0xa4, 0xfb, 0x54, 0x19, 0xd1, 0x9f, 0x97, 0x0d, 0x79, 0x65, 0xa9, 0x9f, 0x60, 0xba, 0xd5, 0x82,
    0x63, 0x95, 0xfa, 0xea, 0x7b, 0x43, 0x3d, 0xb6, 0xb5, 0xae, 0x87, 0x9e, 0x3b, 0x60, 0xb1, 0xcf,
    0x0e, 0x58, 0xcd, 0xb6, 0x93, 0x8e, 0x7b, 0xe4, 0x8b, 0x47, 0x9d, 0xef, 0x64, 0x06, 0xcb, 0x56,
    0xc2, 0xf3, 0x3f, 0x2d, 0x20, 0x3d, 0x09, 0xd4, 0x57, 0x0f, 0xc0, 0xf5, 0x55, 0x5f, 0xaf, 0x3d,
    0x00, 0xd5, 0x4b, 0xbf, 0xc0, 0x4f, 0xcf, 0x97, 0x60, 0xb0, 0xdd, 0xca, 0x23, 0x94, 0x58, 0xf3,
    0xa4, 0x85, 0x1f, 0xfd, 0xf4, 0xd5, 0x53, 0xaf, 0x7d, 0xf6, 0xdb, 0x73, 0x4f, 0xbd, 0xf7, 0xe0,
    0x3f, 0x3f, 0x7e, 0xf2, 0xbb, 0x33, 0x74, 0xbe, 0xd3, 0xce, 0x43, 0xef, 0x93, 0xf7, 0xed, 0x73,
    0x1f, 0xf6, 0x8a, 0x16, 0x3f, 0xf9, 0x91, 0x80, 0x7e, 0x3e, 0x09, 0xdf, 0xfd, 0x3c, 0x57, 0xbe,
    0x83, 0xec, 0x6f, 0x03, 0x35, 0xfb, 0x09, 0x03, 0x26, 0x18, 0x80, 0x0a, 0x72, 0xe0, 0x82, 0x18,
    0xc4, 0x20, 0x57, 0xb6, 0xf6, 0x13, 0x0c, 0x76, 0xe0, 0x83, 0x18, 0x2c, 0x80, 0x08, 0x27, 0xc8,
    0x00, 0xae, 0xb0, 0x4e, 0x3b, 0x09, 0x48, 0xa1, 0xfe, 0x98, 0xb7, 0xb4, 0x3b, 0x49, 0x90, 0x82,
    0x16, 0xcc, 0x60, 0x06, 0x37, 0x98, 0xb3, 0x0e, 0x5e, 0xf0, 0x83, 0x1d, 0x08, 0xe1, 0x08, 0x27,
    0x68, 0xc2, 0xdf, 0x99, 0x27, 0x85, 0x09, 0x58, 0xa1, 0x09, 0xff, 0xb8, 0x12, 0x41, 0x9f, 0x90,
    0xb0, 0x82, 0x01, 0x90, 0xe1, 0x0c, 0x55, 0xd7, 0x14, 0x0e, 0xfa, 0xc4, 0x83, 0x20, 0xbc, 0xa0,
    0x08, 0x0b, 0x40, 0xc2, 0x1e, 0x22, 0x8f, 0x81, 0x33, 0x02, 0x62, 0xa8, 0x60, 0x86, 0xb9, 0xb7,
    0xfd, 0xc4, 0x01, 0x60, 0xd4, 0x5e, 0x05, 0xc6, 0x28, 0x81, 0x32, 0x8e, 0xb1, 0x02, 0xb1, 0xfb,
    0xc9, 0x19, 0xcb, 0x28, 0x81, 0x33, 0x6a, 0x0f, 0x8c, 0x0e, 0xf8, 0xc9, 0xa8, 0x6a, 0xa7, 0x3b,
    0x2d, 0x46, 0x64, 0x58, 0x50, 0x21, 0xdc, 0x17, 0xc3, 0x78, 0xbd, 0x35, 0x9a, 0x71, 0x8c, 0x69,
    0xf4, 0x89, 0x1f, 0xdb, 0x38, 0xc6, 0x37, 0x82, 0x51, 0x8e, 0xa3, 0x22, 0x9f, 0x09, 0xec, 0x08,
    0x11, 0x3c, 0x36, 0x45, 0x8f, 0x3e, 0x81, 0xa3, 0x18, 0xc9, 0xf8, 0x47, 0x34, 0x06, 0x72, 0x90,
    0x6e, 0xbc, 0x1e, 0x1c, 0x11, 0xb9, 0x2f, 0xfc, 0x31, 0x52, 0x88, 0xfe, 0xe1, 0x8d, 0x00, 0x46,
    0x09, 0xc9, 0x13, 0x68, 0x8f, 0x70, 0x84, 0x83, 0xe3, 0x00, 0x56, 0x39, 0xca, 0x56, 0x0a, 0x60,
    0x95, 0x03, 0x80, 0x23, 0x2a, 0xdf, 0xa6, 0x3d, 0x22, 0x5e, 0x8d, 0x2c, 0x9f, 0x24, 0x9b, 0x09,
    0x42, 0xb9, 0x19, 0xc7, 0xb4, 0xb2, 0x94, 0xa7, 0x9c, 0xa5, 0x2a, 0x59, 0xe9, 0xca, 0x57, 0xae,
    0x52, 0x96, 0xb3, 0xac, 0x25, 0x13, 0x21, 0x78, 0xcb, 0xb1, 0xe4, 0x92, 0x77, 0xbb, 0x94, 0x8f,
    0x28, 0x49, 0xe9, 0x45, 0x9f, 0x04, 0x13, 0x95, 0xc3, 0x1c, 0x40, 0x31, 0x8d, 0x19, 0x4b, 0x30,
    0xce, 0xd2, 0x00, 0xca, 0x3c, 0x41, 0xd7, 0x14, 0xf9, 0xcc, 0x2d, 0x9a, 0x00, 0x5b, 0x8e, 0x49,
    0xa7, 0x63, 0x60, 0x89, 0x14, 0xb2, 0x6c, 0x73, 0x9b, 0xb1, 0x83, 0xa5, 0x63, 0xaa, 0x56, 0xce,
    0x3b, 0x72, 0x51, 0x9d, 0xf8, 0x1c, 0x01, 0x3b, 0x89, 0xe2, 0xff, 0xce, 0x77, 0xba, 0x32, 0x9e,
    0xab, 0x9c, 0x67, 0xd1, 0xea, 0xd9, 0xc8, 0x7b, 0xe6, 0x33, 0x9d, 0xfb, 0x04, 0x4a, 0x3f, 0xfd,
    0x39, 0x4a, 0x80, 0x0e, 0x40, 0xa0, 0x33, 0x23, 0xa8, 0x10, 0xe9, 0xd6, 0x42, 0xc1, 0xe1, 0xf3,
    0x48, 0xb0, 0x64, 0xa8, 0x46, 0xfd, 0x49, 0xbc, 0xa6, 0x8c, 0x86, 0x34, 0x8c, 0x33, 0x08, 0x59,
    0x28, 0xca, 0x4c, 0x8b, 0xaa, 0x13, 0xa3, 0xc4, 0xdc, 0xa8, 0x4a, 0x47, 0xd9, 0xd1, 0x0d, 0x7c,
    0x34, 0x04, 0x21, 0x65, 0xd8, 0x58, 0x48, 0x5a, 0xb3, 0x8b, 0xde, 0x28, 0xa3, 0x2b, 0x5d, 0x69,
    0x4b, 0x5f, 0x1a, 0x53, 0x8f, 0xcd, 0x74, 0x3d, 0x44, 0x43, 0x0a, 0x08, 0x86, 0x4a, 0x54, 0xa2,
    0xfa, 0x07, 0x02, 0x48, 0x2d, 0xea, 0x50, 0x91, 0x0a, 0x01, 0xa5, 0x16, 0x55, 0x04, 0x50, 0x15,
    0xea, 0x50, 0xc3, 0x07, 0x29, 0x13, 0xb0, 0x27, 0xa8, 0x44, 0x71, 0xaa, 0x51, 0xe5, 0xc3, 0x54,
    0xa7, 0x76, 0x55, 0xab, 0x20, 0x80, 0xaa, 0x08, 0xa4, 0x0a, 0x02, 0xaa, 0x6a, 0x64, 0xa4, 0x40,
    0xfd, 0x1d, 0x59, 0x9d, 0x7a, 0xd4, 0xa4, 0x2a, 0xf5, 0xab, 0x5a, 0x15, 0x2b, 0x59, 0xcd, 0xca,
    0x11, 0x47, 0x46, 0xc5, 0x27, 0xdb, 0xf4, 0x9e, 0x58, 0x33, 0xc0, 0xd7, 0x29, 0x12, 0xe0, 0xaf,
    0x70, 0x64, 0xea, 0x5f, 0x09, 0x30, 0x45, 0xbe, 0x66, 0x40, 0xac, 0x0c, 0xa5, 0x4b, 0x5d, 0xb9,
    0x58, 0xbc, 0xbc, 0x4a, 0x6f, 0xaf, 0x7d, 0x15, 0xe1, 0x60, 0x03, 0x8b, 0xd4, 0xc1, 0x16, 0x96,
    0xaf, 0x88, 0xf5, 0xa7, 0x62, 0xab, 0x5a, 0xc4, 0x13, 0x38, 0x76, 0x01, 0x90, 0xcd, 0x80, 0x5f,
    0x01, 0x0b, 0x46, 0xc1, 0xfe, 0xf5, 0xb2, 0x87, 0x85, 0x6a, 0x62, 0xf9, 0x92, 0x11, 0x14, 0xe1,
    0x85, 0x70, 0xad, 0x7c, 0x80, 0x6c, 0x0d, 0xeb, 0x81, 0xda, 0x73, 0x1a, 0x96, 0xa8, 0x05, 0x24,
    0x6a, 0x6d, 0x3d, 0xf0, 0x81, 0xde, 0x1a, 0x76, 0x6b, 0xbf, 0xac, 0xe6, 0x09, 0xca, 0x54, 0x36,
    0xa8, 0xbc, 0xf6, 0x6d, 0xb1, 0x9d, 0x2d, 0x5f, 0x77, 0x7b, 0xdb, 0xa1, 0xe6, 0x76, 0xa8, 0xbb,
    0xed, 0xed, 0x07, 0x7e, 0x9b, 0xb3, 0xe0, 0x1a, 0x00, 0x2c, 0x67, 0x2d, 0xae, 0x55, 0x50, 0xf0,
    0x13, 0xd8, 0x8e, 0x52, 0xb6, 0x0f, 0xa0, 0xad, 0x6d, 0xf9, 0x8a, 0xdb, 0xf8, 0xe9, 0xb6, 0xb6,
    0xd2, 0xa5, 0xae, 0x02, 0xac, 0x8b, 0xdd, 0xd6, 0x4e, 0xa6, 0xbd, 0xed, 0xd4, 0x8b, 0x7c, 0xe7,
    0xab, 0x97, 0xcd, 0x76, 0x24, 0x31, 0xf0, 0xe5, 0x27, 0x7d, 0xf7, 0xbb, 0x5f, 0xfb, 0x2e, 0x76,
    0x88, 0xac, 0xc5, 0x0b, 0x64, 0xf8, 0x4b, 0x60, 0xb7, 0xf8, 0x57, 0x22, 0x01, 0x01, 0x00, 0x21,
    0xf9, 0x04, 0x09, 0x08, 0x00, 0x24, 0x00, 0x2c, 0x00, 0x00, 0x00, 0x00, 0x60, 0x00, 0x60, 0x00,
    0x85, 0xfd, 0xfa, 0xf8, 0xfc, 0xe6, 0xd5, 0xee, 0xda, 0xc9, 0xd8, 0xd7, 0xd6, 0xee, 0xd3, 0x42,
    0xed, 0xcc, 0x41, 0xff, 0xc8, 0x28, 0xee, 0xc4, 0xb4, 0xea, 0xb4, 0xa7, 0xd1, 0xab, 0xa5, 0xcd,
    0xb0, 0x41, 0xc8, 0xc2, 0xc3, 0xc1, 0xb6, 0xa5, 0xb5, 0xb6, 0xaf, 0xc0, 0x9f, 0x90, 0xad, 0xa4,
    0xa4, 0xb3, 0x93, 0x8e, 0x3b, 0x6e, 0x6b, 0x89, 0x57, 0x4f, 0x78, 0x52, 0x27, 0x6e, 0x45, 0x42,
    0x67, 0x40, 0x3e, 0x34, 0x55, 0x54, 0x62, 0x3d, 0x3c, 0x59, 0x37, 0x38, 0xaf, 0x29, 0x32, 0x9c,
    0x23, 0x2e, 0x92, 0x1f, 0x2d, 0x6e, 0x1d, 0x2e, 0x55, 0x15, 0x22, 0x44, 0x29, 0x2d, 0x3b, 0x24,
    0x29, 0x2f, 0x1c, 0x22, 0x23, 0x14, 0x1a, 0x17, 0x14, 0x1b, 0x02, 0x01, 0x01, 0x00, 0x00, 0x00,
    0x00, 0x00, 0x00, 0x00, 0x00, 0x00, 0x00, 0x00, 0x00, 0x00, 0x00, 0x00, 0x00, 0x00, 0x00, 0x00,
    0x00, 0x00, 0x00, 0x00, 0x00, 0x00, 0x00, 0x00, 0x00, 0x00, 0x00, 0x00, 0x00, 0x00, 0x00, 0x00,
    0x00, 0x00, 0x00, 0x00, 0x00, 0x00, 0x00, 0x00, 0x00, 0x00, 0x00, 0x00, 0x00, 0x00, 0x00, 0x00,
    0x00, 0x00, 0x00, 0x00, 0x00, 0x00, 0x00, 0x00, 0x00, 0x00, 0x00, 0x00, 0x00, 0x00, 0x00, 0x00,
    0x00, 0x00, 0x00, 0x00, 0x00, 0x00, 0x00, 0x00, 0x00, 0x00, 0x00, 0x00, 0x00, 0x00, 0x00, 0x00,
    0x00, 0x08, 0xff, 0x00, 0x49, 0x08, 0x1c, 0x48, 0xb0, 0xa0, 0xc1, 0x83, 0x08, 0x13, 0x2a, 0x5c,
    0xc8, 0xb0, 0xa1, 0xc3, 0x87, 0x10, 0x23, 0x4a, 0x9c, 0x48, 0xb1, 0xa2, 0xc5, 0x8b, 0x18, 0x33,
    0x6a, 0xdc, 0xc8, 0xb1, 0xa3, 0xc7, 0x8f, 0x20, 0x43, 0x8a, 0x1c, 0x49, 0xb2, 0xa4, 0xc9, 0x93,
    0x28, 0x53, 0xaa, 0x5c, 0xc9, 0xb2, 0xa5, 0xcb, 0x97, 0x30, 0x63, 0xca, 0x9c, 0x49, 0xb3, 0xa6,
    0xcd, 0x9b, 0x38, 0x73, 0xea, 0xdc, 0xc9, 0xb3, 0xa7, 0xcf, 0x9f, 0x39, 0x47, 0x08, 0x1d, 0x3a,
    0x14, 0xe8, 0x45, 0xa2, 0x48, 0x8d, 0x5a, 0x44, 0x4a, 0x54, 0xa9, 0xc4, 0xa1, 0x1e, 0xa2, 0x0e,
    0x8c, 0xea, 0xa1, 0xa8, 0xd3, 0x86, 0x50, 0xa5, 0x0a, 0xa4, 0x6a, 0xf5, 0xea, 0xc2, 0xac, 0x1e,
    0xa6, 0x46, 0xed, 0xaa, 0x54, 0x84, 0xd9, 0xb3, 0x03, 0x87, 0x9e, 0x5d, 0x6b, 0x96, 0xa9, 0x57,
    0xb6, 0x22, 0xd2, 0x0a, 0x85, 0x7b, 0xd6, 0xed, 0x55, 0xb8, 0x72, 0x47, 0xd0, 0x6d, 0x9b, 0x74,
    0x67, 0x5d, 0xa4, 0x54, 0x03, 0x0b, 0x1e, 0x0c, 0xa2, 0xb0, 0x5a, 0xb3, 0x3c, 0xff, 0x12, 0x1d,
    0xcc, 0x58, 0x70, 0x61, 0x10, 0x87, 0xe3, 0xfa, 0xe5, 0xbb, 0xb8, 0xb1, 0xe5, 0xc7, 0x91, 0x6d,
    0x2a, 0xbe, 0xc0, 0xb9, 0x73, 0xe7, 0x0a, 0xa0, 0x43, 0x77, 0x7e, 0xfc, 0xa1, 0x74, 0xe8, 0xd3,
    0xa8, 0x33, 0xbf, 0xdc, 0xec, 0xd9, 0x33, 0xea, 0x0a, 0xa3, 0x0b, 0x97, 0xfe, 0xf0, 0xfa, 0xb5,
    0x6a, 0x97, 0xac, 0x5b, 0x73, 0x7e, 0x1d, 0x1b, 0xc4, 0xec, 0xda, 0xa9, 0xe7, 0x22, 0x66, 0x79,
    0x56, 0xf7, 0x67, 0xe0, 0xc8, 0x3b, 0x53, 0x3d, 0x7e, 0x9a, 0x39, 0xda, 0x94, 0xc5, 0x8d, 0x5f,
    0x40, 0x9e, 0x9c, 0xf3, 0xf2, 0xdd, 0xa8, 0x9d, 0x0f, 0x47, 0x19, 0xdd, 0x38, 0x75, 0xe0, 0xca,
    0xa3, 0x32, 0xff, 0x17, 0x8d, 0xbd, 0xc2, 0x73, 0xee, 0x66, 0x75, 0x87, 0xa6, 0xc0, 0xbe, 0xfd,
    0xf7, 0xd3, 0x83, 0x91, 0x4b, 0x98, 0x7f, 0xfe, 0x64, 0x77, 0xe6, 0xed, 0xdd, 0xbf, 0x07, 0x1d,
    0x1f, 0xf8, 0x7c, 0x09, 0xf5, 0x99, 0x74, 0x5f, 0x79, 0xf9, 0xb1, 0xb7, 0x1f, 0x7f, 0x82, 0xc9,
    0x47, 0xdf, 0x76, 0x24, 0x75, 0x47, 0x55, 0x68, 0xff, 0x45, 0x38, 0xdf, 0x81, 0xf0, 0x45, 0x55,
    0xdd, 0x05, 0xff, 0x05, 0xf8, 0x91, 0x83, 0x16, 0x82, 0x26, 0x61, 0x84, 0x14, 0x86, 0xf6, 0x20,
    0x78, 0x9c, 0x65, 0xc8, 0x20, 0x48, 0x1c, 0x7a, 0x00, 0xe1, 0x87, 0x13, 0x86, 0x58, 0xc1, 0x88,
    0xb5, 0x75, 0x66, 0xa2, 0x64, 0x1b, 0xa6, 0xc7, 0x19, 0x06, 0x38, 0xc2, 0xf8, 0x21, 0x73, 0x3b,
    0x96, 0x27, 0x62, 0x54, 0xff, 0xf1, 0x56, 0xa2, 0x84, 0x1a, 0x62, 0xd4, 0x1d, 0x8e, 0x18, 0xe8,
    0x28, 0x21, 0x8f, 0x4b, 0xfa, 0x88, 0xa0, 0x07, 0x41, 0x66, 0x37, 0x64, 0x84, 0x45, 0x5e, 0x74,
    0x64, 0x8e, 0x1d, 0x56, 0xd0, 0xe3, 0x74, 0x1e, 0x36, 0xc9, 0x65, 0x85, 0x50, 0xb6, 0xd8, 0xdc,
    0x94, 0x33, 0x7a, 0x94, 0xa2, 0x6e, 0xff, 0x21, 0xa9, 0x24, 0x8b, 0xaf, 0x51, 0xb5, 0x25, 0x92,
    0x32, 0x2e, 0x48, 0xe3, 0x46, 0x67, 0xb6, 0x96, 0x26, 0x96, 0x2a, 0x76, 0xc9, 0x26, 0x6a, 0x6e,
    0x7a, 0x09, 0xe7, 0x94, 0x55, 0x5a, 0x54, 0xa7, 0x67, 0x77, 0x26, 0x99, 0x25, 0x8b, 0x62, 0xfe,
    0x18, 0x66, 0x84, 0x9d, 0xfd, 0x89, 0xa1, 0x9c, 0x74, 0x9a, 0x85, 0x24, 0x92, 0x8f, 0x39, 0x6a,
    0xd9, 0x8a, 0x7b, 0x9e, 0x36, 0x1b, 0xa2, 0x12, 0x38, 0xda, 0x28, 0x8e, 0x81, 0x3e, 0x74, 0xd6,
    0xa4, 0x38, 0x56, 0x8a, 0x63, 0x78, 0x8c, 0x61, 0xfa, 0xe1, 0x6b, 0x9b, 0x22, 0xea, 0xe9, 0x8d,
    0xa0, 0x9e, 0xff, 0x38, 0xd1, 0xa8, 0xa4, 0x9a, 0x8a, 0x01, 0xaa, 0xfd, 0x69, 0x89, 0x28, 0xab,
    0xa5, 0x71, 0xfa, 0xea, 0x05, 0x48, 0x86, 0xea, 0x10, 0xad, 0x93, 0x3e, 0xa6, 0xc0, 0xb1, 0x04,
    0x24, 0x7b, 0x29, 0x9f, 0x51, 0xe9, 0xa7, 0x69, 0x69, 0x48, 0x46, 0xf9, 0xa2, 0x60, 0xba, 0x09,
    0xdb, 0x10, 0xb1, 0x94, 0x16, 0x76, 0xac, 0x02, 0xc9, 0x12, 0xb0, 0x2c, 0x98, 0xce, 0x86, 0x36,
    0x5b, 0xb4, 0x62, 0x0e, 0x56, 0xad, 0xac, 0x12, 0x61, 0x5b, 0xaa, 0xb6, 0xc8, 0x2a, 0xdb, 0x58,
    0x9b, 0xcd, 0x1a, 0x88, 0xda, 0xb8, 0x38, 0x4a, 0x6b, 0x6e, 0x6b, 0xd6, 0x26, 0xa4, 0xee, 0xa4,
    0x96, 0x15, 0xe0, 0xef, 0x04, 0x00, 0x5b, 0x9a, 0x20, 0x6a, 0x48, 0xce, 0x76, 0xdd, 0x97, 0xf7,
    0x7a, 0x46, 0x55, 0xbe, 0x05, 0xed, 0xab, 0x66, 0x63, 0xfe, 0x16, 0x00, 0xf0, 0x04, 0x02, 0x07,
    0xf6, 0x5a, 0xc1, 0xa5, 0x1d, 0xac, 0xe8, 0xc1, 0xa8, 0x32, 0x4c, 0x90, 0xc3, 0x78, 0x0e, 0x16,
    0xf1, 0xc4, 0x15, 0xc3, 0x18, 0x1a, 0xc6, 0x1f, 0x68, 0xfc, 0x24, 0xc7, 0xd6, 0x45, 0xe5, 0xf1,
    0x40, 0xfb, 0xe2, 0x6a, 0x99, 0x60, 0x0f, 0x5b, 0x0c, 0x1a, 0xaa, 0x08, 0xe4, 0x4c, 0x15, 0x92,
    0x1b, 0x8b, 0xd7, 0xda, 0xc2, 0xe8, 0x2e, 0x14, 0x73, 0xcb, 0x33, 0x0f, 0x56, 0x33, 0x8c, 0x38,
    0xeb, 0x1c, 0x15, 0xcf, 0x2b, 0xfb, 0xac, 0xb0, 0xcb, 0x41, 0x2b, 0x34, 0xf4, 0x05, 0x45, 0x33,
    0x76, 0x74, 0x96, 0x49, 0x23, 0xb0, 0x33, 0x8e, 0x3d, 0x7b, 0xa0, 0x1b, 0xd0, 0x73, 0x0e, 0x6b,
    0xe3, 0x05, 0xb3, 0xc9, 0x6c, 0x35, 0x8e, 0xed, 0xe5, 0xac, 0x35, 0xb5, 0xb0, 0x1a, 0xea, 0xc1,
    0x01, 0x70, 0x43, 0x20, 0x37, 0x55, 0xed, 0x25, 0x3c, 0xd8, 0xcb, 0x02, 0x75, 0x57, 0x36, 0xd1,
    0x96, 0x21, 0xff, 0x99, 0xb6, 0xd2, 0x81, 0x7d, 0xea, 0x36, 0xdc, 0x07, 0xc8, 0x0d, 0x01, 0xdd,
    0xec, 0xd9, 0x2d, 0x18, 0xde, 0x24, 0xe8, 0x5d, 0x9a, 0xd9, 0x46, 0xa3, 0xcd, 0x9e, 0xda, 0x09,
    0xd7, 0x4c, 0xb8, 0xe1, 0x88, 0x53, 0xa0, 0x78, 0x60, 0x1e, 0x0f, 0x48, 0xf6, 0xe3, 0x7c, 0x0b,
    0x16, 0xc0, 0xe8, 0xa4, 0x97, 0x3e, 0x7a, 0xe4, 0x6e, 0x9b, 0xae, 0x7a, 0x00, 0x96, 0x99, 0xdd,
    0x99, 0xb5, 0x9e, 0xef, 0x4d, 0x75, 0x63, 0xab, 0x9b, 0x8e, 0x3a, 0x55, 0xb5, 0x97, 0xde, 0x7a,
    0xe8, 0x5e, 0x73, 0x06, 0xfb, 0xd8, 0x9d, 0xc9, 0x6e, 0x59, 0xee, 0xa4, 0xdf, 0x1e, 0x15, 0xf1,
    0xa7, 0x37, 0xe6, 0xba, 0xef, 0x51, 0xc3, 0x3c, 0x36, 0x58, 0xc1, 0x97, 0x16, 0xc2, 0xf4, 0x43,
    0x21, 0xcf, 0x7a, 0xd1, 0xd6, 0x0f, 0x35, 0x7d, 0x08, 0x07, 0x27, 0x6c, 0xc0, 0xf7, 0x0c, 0x75,
    0x07, 0x3d, 0x67, 0xb3, 0x6d, 0x5f, 0x3d, 0xf2, 0x55, 0x67, 0x2f, 0xd4, 0xf6, 0xdd, 0xb3, 0x7d,
    0xc1, 0xf7, 0x06, 0x84, 0xff, 0xbc, 0x50, 0x07, 0x97, 0x4f, 0xbd, 0x50, 0xd6, 0xa7, 0x8f, 0xbc,
    0xf6, 0xd3, 0xb7, 0x1f, 0x38, 0x67, 0xf0, 0x93, 0x9f, 0x08, 0x3a, 0x03, 0x96, 0x9a, 0x0d, 0x25,
    0x01, 0x08, 0xdc, 0xcb, 0x5a, 0xc0, 0xa2, 0xb6, 0xc8, 0x28, 0x10, 0x81, 0x09, 0x18, 0xdf, 0xec,
    0x02, 0x03, 0xbf, 0xdf, 0x0d, 0x90, 0x33, 0x05, 0xc4, 0xd3, 0x01, 0x13, 0xa8, 0x40, 0xca, 0x50,
    0xa5, 0x81, 0xc2, 0xe9, 0x20, 0x04, 0x25, 0x38, 0x98, 0x0a, 0x36, 0x2f, 0x6f, 0xf3, 0x1b, 0xc1,
    0xd6, 0xdc, 0xb6, 0xc1, 0x04, 0x74, 0xd0, 0x83, 0x51, 0x01, 0xa1, 0x5e, 0x5e, 0x38, 0x42, 0xfa,
    0x39, 0xad, 0x84, 0xdf, 0xeb, 0xdc, 0xd8, 0x2c, 0x07, 0xb7, 0xa1, 0x34, 0xe0, 0x87, 0x00, 0x08,
    0xa2, 0x05, 0xff, 0x86, 0x18, 0x81, 0x22, 0x0e, 0xd1, 0x02, 0x4c, 0x61, 0xca, 0x11, 0x8b, 0x18,
    0x81, 0x23, 0x06, 0x11, 0x00, 0x3f, 0x6c, 0xc0, 0x50, 0x48, 0xe5, 0x36, 0xf8, 0xbd, 0xee, 0x84,
    0x1f, 0xdb, 0x21, 0x9e, 0x08, 0xe7, 0x43, 0x20, 0x0a, 0x91, 0x88, 0x46, 0x1c, 0x62, 0x12, 0x91,
    0xb2, 0xc4, 0x30, 0x5a, 0xe0, 0x89, 0x51, 0x9c, 0x22, 0xa9, 0xa8, 0x62, 0x45, 0xe6, 0x85, 0x4d,
    0x6a, 0x5a, 0x1c, 0x5c, 0x0f, 0x85, 0x12, 0xc5, 0x27, 0x96, 0xb1, 0x89, 0x62, 0x1c, 0xe3, 0x50,
    0xee, 0xe8, 0xc4, 0x20, 0xa6, 0x51, 0x28, 0x54, 0x64, 0xe3, 0xf7, 0xae, 0xf8, 0x46, 0x83, 0x74,
    0xe7, 0x3f, 0xbd, 0x21, 0x1d, 0x17, 0x85, 0xf2, 0x44, 0xc2, 0x11, 0x2e, 0x8a, 0x02, 0x88, 0xa4,
    0xea, 0x22, 0x29, 0x80, 0x28, 0x3a, 0x12, 0x6e, 0x4f, 0xcc, 0x60, 0x15, 0x07, 0xe9, 0x46, 0x51,
    0x8d, 0x0d, 0x91, 0x9c, 0x79, 0x8c, 0x22, 0xe7, 0x38, 0x82, 0x46, 0x5e, 0x12, 0x92, 0x92, 0x34,
    0x1d, 0x25, 0x2d, 0x79, 0xc9, 0x4c, 0xda, 0xd0, 0x03, 0x35, 0x6b, 0xe3, 0x05, 0x74, 0x78, 0xc1,
    0x47, 0x49, 0x20, 0x91, 0xa3, 0x5b, 0x64, 0x29, 0x83, 0x78, 0xc9, 0x03, 0xa0, 0x52, 0x00, 0x93,
    0x8c, 0x24, 0x2b, 0x1d, 0xe9, 0x4a, 0x15, 0x2e, 0x0d, 0x4f, 0xb2, 0x64, 0xdc, 0x95, 0x30, 0xf0,
    0x98, 0x66, 0x3a, 0x93, 0x92, 0x4c, 0x39, 0x8b, 0xfa, 0x92, 0x48, 0xc9, 0xc7, 0x54, 0x8d, 0x90,
    0xe9, 0x8a, 0xa3, 0x33, 0xb7, 0x09, 0x02, 0x68, 0x22, 0x45, 0x9a, 0xfb, 0x1b, 0x63, 0x35, 0x0b,
    0x73, 0xcd, 0x4e, 0x46, 0x64, 0x99, 0xdc, 0x7c, 0x66, 0x24, 0xa3, 0x69, 0x96, 0x69, 0x32, 0x65,
    0x9c, 0x20, 0x28, 0xe7, 0x2c, 0xb1, 0x68, 0x48, 0xb3, 0xd4, 0xed, 0x98, 0x6e, 0xdb, 0x26, 0x92,
    0x28, 0x69, 0xf9, 0xbd, 0x7e, 0x8e, 0xee, 0x6a, 0x1e, 0x20, 0x4d, 0x69, 0x18, 0x57, 0x4f, 0x11,
    0xdc, 0x13, 0x96, 0x78, 0xd2, 0x27, 0x8e, 0xf8, 0xe9, 0x4f, 0xeb, 0x01, 0x54, 0xa0, 0x1f, 0x20,
    0x68, 0xc3, 0xec, 0x99, 0x38, 0x7c, 0x52, 0x45, 0xa1, 0x18, 0x60, 0x68, 0x43, 0x89, 0xf7, 0x50,
    0xd9, 0x0c, 0x94, 0x9e, 0x62, 0x33, 0x28, 0x7b, 0xcc, 0xc6, 0x80, 0x92, 0x76, 0xe0, 0xa4, 0x19,
    0x48, 0xe9, 0x02, 0x56, 0x3a, 0x80, 0x96, 0x46, 0xf1, 0x01, 0x30, 0x6d, 0xe9, 0x00, 0x56, 0xba,
    0x80, 0x94, 0x66, 0xe0, 0xa4, 0x1d, 0x98, 0x66, 0x48, 0xce, 0xd2, 0x1e, 0x92, 0x9a, 0x14, 0xa5,
    0x2a, 0x65, 0xa9, 0x4b, 0x7f, 0x08, 0xd3, 0x07, 0xc8, 0x94, 0xa6, 0x36, 0xc5, 0xa9, 0x4e, 0x51,
    0x44, 0x51, 0x0a, 0xf8, 0x94, 0x01, 0x38, 0xb5, 0x29, 0x4d, 0x65, 0xfa, 0xd2, 0x98, 0xb6, 0x14,
    0xa9, 0x29, 0x55, 0x6a, 0x38, 0x47, 0xd0, 0x20, 0x49, 0x69, 0x50, 0x28, 0x0e, 0x08, 0xab, 0x4d,
    0x35, 0x40, 0x56, 0x9b, 0x72, 0xe0, 0xac, 0x4f, 0x7c, 0xe2, 0x59, 0x39, 0x40, 0x56, 0x0d, 0x6c,
    0xe0, 0xad, 0x36, 0x55, 0x9b, 0xea, 0x74, 0xd9, 0x55, 0x11, 0x18, 0x10, 0xac, 0x62, 0x4d, 0x69,
    0x5b, 0xcd, 0x8a, 0xd6, 0xb4, 0x02, 0x60, 0xad, 0x6d, 0x7d, 0xeb, 0x06, 0xe2, 0x9a, 0xb3, 0xb9,
    0x92, 0xb2, 0xae, 0x77, 0x1d, 0x41, 0x58, 0x1d, 0x30, 0xd6, 0xb2, 0xa6, 0x74, 0xad, 0x7e, 0xfd,
    0xeb, 0x59, 0x03, 0x0b, 0xd7, 0x94, 0xca, 0xd5, 0x74, 0x74, 0x65, 0xaa, 0x08, 0xf4, 0xe8, 0xc0,
    0x17, 0x7a, 0x56, 0x81, 0x7a, 0xac, 0x2b, 0x67, 0x43, 0xf8, 0xd9, 0xd2, 0xc2, 0x25, 0xb4, 0x23,
    0x51, 0x8c, 0x1e, 0x4d, 0xcb, 0x5a, 0xb6, 0xa0, 0x76, 0x22, 0x01, 0x01, 0x00, 0x21, 0xf9, 0x04,
    0x09, 0x08, 0x00, 0x23, 0x00, 0x2c, 0x00, 0x00, 0x00, 0x00, 0x60, 0x00, 0x60, 0x00, 0x85, 0xfd,
    0xfd, 0xfd, 0xfc, 0xe6, 0xd5, 0xea, 0xd9, 0xc8, 0xd8, 0xd7, 0xd6, 0xee, 0xd3, 0x42, 0xff, 0xc8,
    0x28, 0xed, 0xcc, 0x41, 0xf1, 0xc2, 0xb1, 0xc8, 0xc2, 0xc3, 0xc1, 0xb6, 0xa5, 0xea, 0xb4, 0xa7,
    0xcd, 0xb0, 0x41, 0xba, 0xb5, 0xb4, 0xd1, 0xab, 0xa5, 0xc0, 0x9f, 0x90, 0xad, 0xa4, 0xa4, 0xb3,
    0x93, 0x8e, 0xeb, 0x82, 0x91, 0x89, 0x57, 0x4f, 0x78, 0x52, 0x27, 0x6e, 0x45, 0x42, 0x67, 0x40,
    0x3e, 0x62, 0x3d, 0x3c, 0x59, 0x37, 0x38, 0xaf, 0x29, 0x32, 0x9c, 0x23, 0x2e, 0x92, 0x1f, 0x2d,
    0x6e, 0x1d, 0x2e, 0x55, 0x15, 0x22, 0x44, 0x29, 0x2d, 0x3b, 0x24, 0x29, 0x2f, 0x1c, 0x22, 0x23,
    0x14, 0x1a, 0x17, 0x14, 0x1b, 0x02, 0x01, 0x00, 0x00, 0x00, 0x00, 0x00, 0x00, 0x00, 0x00, 0x00,
    0x00, 0x00, 0x00, 0x00, 0x00, 0x00, 0x00, 0x00, 0x00, 0x00, 0x00, 0x00, 0x00, 0x00, 0x00, 0x00,
    0x00, 0x00, 0x00, 0x00, 0x00, 0x00, 0x00, 0x00, 0x00, 0x00, 0x00, 0x00, 0x00, 0x00, 0x00, 0x00,
    0x00, 0x00, 0x00, 0x00, 0x00, 0x00, 0x00, 0x00, 0x00, 0x00, 0x00, 0x00, 0x00, 0x00, 0x00, 0x00,
    0x00, 0x00, 0x00, 0x00, 0x00, 0x00, 0x00, 0x00, 0x00, 0x00, 0x00, 0x00, 0x00, 0x00, 0x00, 0x00,
    0x00, 0x00, 0x00, 0x00, 0x00, 0x00, 0x00, 0x00, 0x00, 0x00, 0x00, 0x00, 0x00, 0x00, 0x00, 0x08,
    0xff, 0x00, 0x47, 0x08, 0x1c, 0x48, 0xb0, 0xa0, 0xc1, 0x83, 0x08, 0x13, 0x2a, 0x5c, 0xc8, 0xb0,
    0xa1, 0xc3, 0x87, 0x10, 0x23, 0x4a, 0x9c, 0x48, 0xb1, 0xa2, 0xc5, 0x8b, 0x18, 0x33, 0x6a, 0xdc,
    0xc8, 0xb1, 0xa3, 0xc7, 0x8f, 0x20, 0x43, 0x8a, 0x1c, 0x49, 0xb2, 0xa4, 0xc9, 0x93, 0x28, 0x53,
    0xaa, 0x5c, 0xc9, 0xb2, 0xa5, 0xcb, 0x97, 0x30, 0x63, 0xca, 0x9c, 0x49, 0xb3, 0xa6, 0xcd, 0x9b,
    0x38, 0x73, 0xea, 0xdc, 0xc9, 0xb3, 0xa7, 0xcf, 0x9f, 0x40, 0x83, 0x0a, 0x1d, 0x4a, 0x34, 0x61,
    0x88, 0xa3, 0x48, 0x91, 0x16, 0x95, 0x98, 0xb4, 0xe9, 0xd2, 0x88, 0x4d, 0x93, 0x3e, 0x25, 0x18,
    0x75, 0xa0, 0x88, 0xab, 0x1d, 0xb2, 0x0e, 0xcc, 0xda, 0xe1, 0xaa, 0x88, 0xa9, 0x55, 0x05, 0x7a,
    0xe5, 0xba, 0x35, 0xab, 0x57, 0xb0, 0x4e, 0xc5, 0x62, 0xd5, 0x2a, 0x90, 0xeb, 0x59, 0x9f, 0x48,
    0xbd, 0x8e, 0xe5, 0x4a, 0xb7, 0x6e, 0xdd, 0x0f, 0x78, 0xbd, 0x2a, 0xdd, 0x19, 0x57, 0xae, 0x08,
    0xbb, 0x80, 0xef, 0xe6, 0xbd, 0xba, 0x57, 0x67, 0x5f, 0xb9, 0x81, 0x13, 0x77, 0xc0, 0xfb, 0x41,
    0xef, 0x51, 0x9b, 0x87, 0x2d, 0x48, 0x9e, 0x3c, 0xb9, 0x82, 0xe5, 0xcb, 0x93, 0x19, 0x7b, 0xd8,
    0x7c, 0xb9, 0xb3, 0x67, 0xc7, 0x21, 0x60, 0x46, 0xa6, 0x4c, 0xd9, 0x73, 0x85, 0xcc, 0x78, 0x37,
    0x7b, 0x30, 0x6d, 0x1a, 0xb4, 0xe8, 0xa3, 0x5e, 0x49, 0x97, 0xf6, 0x8c, 0xfa, 0x83, 0x6a, 0xd6,
    0x9f, 0x09, 0x3f, 0x66, 0x89, 0x54, 0x76, 0x65, 0xdc, 0xc0, 0x27, 0x73, 0xfd, 0xdd, 0x99, 0x78,
    0xe1, 0x93, 0xbd, 0x7d, 0x5b, 0x00, 0x1e, 0x5c, 0xf2, 0x70, 0xc9, 0xa6, 0x8d, 0xef, 0x46, 0x99,
    0xdc, 0x37, 0x73, 0xdc, 0xc2, 0xb3, 0x12, 0xc7, 0x0c, 0xdd, 0xf2, 0x71, 0x93, 0xd5, 0x89, 0x53,
    0xff, 0x18, 0x4f, 0xfe, 0x7a, 0x67, 0xbb, 0xc0, 0x25, 0xa8, 0xff, 0x5e, 0x32, 0x7c, 0xf7, 0x0a,
    0xe4, 0xcb, 0x9b, 0xb7, 0x8c, 0x1e, 0xb7, 0x7a, 0x09, 0xec, 0x49, 0xba, 0x5f, 0x6e, 0x39, 0xfe,
    0xf8, 0xf9, 0xf4, 0xd5, 0x95, 0xde, 0x7a, 0xd3, 0xe9, 0x77, 0x54, 0x76, 0x1d, 0x5c, 0x76, 0xdf,
    0x82, 0xea, 0x01, 0x78, 0x5e, 0x56, 0xcd, 0x59, 0x70, 0x5f, 0x7e, 0x1d, 0x55, 0xc7, 0x95, 0x82,
    0x0c, 0xde, 0xe7, 0xe0, 0x65, 0x17, 0x62, 0x27, 0xd9, 0x84, 0x05, 0x82, 0x64, 0x21, 0x84, 0x96,
    0x65, 0xa8, 0xe1, 0x86, 0x15, 0x74, 0xc8, 0xda, 0x64, 0x20, 0x86, 0x26, 0xe2, 0x81, 0x92, 0x5d,
    0x20, 0xa3, 0x8a, 0x19, 0x12, 0x57, 0xe3, 0x7b, 0x1c, 0x66, 0x75, 0x62, 0x71, 0x1f, 0x32, 0x48,
    0xa1, 0x45, 0xd5, 0xc9, 0x78, 0x01, 0x8d, 0x0c, 0xda, 0x58, 0x24, 0x8e, 0x01, 0x76, 0xb0, 0x23,
    0x77, 0x12, 0xfa, 0x18, 0x62, 0x46, 0x41, 0xce, 0x48, 0x62, 0x05, 0x37, 0xf2, 0x47, 0xe5, 0x91,
    0x56, 0xe6, 0xa8, 0x64, 0x83, 0xb4, 0xf5, 0xb8, 0xe0, 0x8f, 0x15, 0x8d, 0xd8, 0x81, 0x6c, 0xf7,
    0x09, 0x49, 0xa4, 0x89, 0xa6, 0x71, 0x55, 0xa5, 0x90, 0x2c, 0x12, 0xe8, 0x22, 0x47, 0x62, 0x92,
    0xa9, 0x9e, 0x99, 0x53, 0x9a, 0xc8, 0xe5, 0x83, 0x5b, 0x2e, 0x38, 0x19, 0x9b, 0x5e, 0x82, 0x49,
    0x51, 0x9c, 0xa4, 0x95, 0x29, 0x65, 0x82, 0x25, 0xda, 0x99, 0xa6, 0x8e, 0x58, 0xf2, 0xd9, 0x24,
    0x7e, 0x4f, 0x86, 0x79, 0x94, 0x90, 0x42, 0x32, 0xa6, 0x68, 0x62, 0x18, 0xa2, 0xe9, 0x99, 0x6a,
    0x76, 0x4a, 0xa0, 0xe8, 0x9e, 0x32, 0xfa, 0xd9, 0x10, 0x52, 0x90, 0xca, 0x28, 0xa9, 0x8c, 0x08,
    0xd6, 0x77, 0xa5, 0xa5, 0x9d, 0x61, 0x6a, 0xe7, 0xa6, 0x31, 0x76, 0xda, 0x28, 0x54, 0x8f, 0x86,
    0xff, 0x3a, 0xea, 0x05, 0xa5, 0x0a, 0x58, 0x28, 0xaa, 0x97, 0xa9, 0x6a, 0x22, 0xab, 0x16, 0x08,
    0xe9, 0x29, 0x43, 0xa0, 0xca, 0x8a, 0xd7, 0x02, 0xc4, 0x12, 0x60, 0x2c, 0xa5, 0x9e, 0x71, 0x25,
    0x5f, 0xaa, 0x9b, 0x09, 0xb9, 0xa3, 0x5d, 0xb2, 0xfd, 0xba, 0x50, 0xb0, 0x90, 0x32, 0x46, 0xec,
    0x02, 0xc6, 0x12, 0x80, 0x2c, 0x9e, 0xcb, 0xe6, 0xda, 0xac, 0x8c, 0xcf, 0xd6, 0x15, 0xed, 0xab,
    0x10, 0x51, 0x1b, 0xe9, 0xb0, 0xc5, 0x1e, 0x1b, 0xd8, 0xa1, 0x1d, 0x74, 0x6b, 0x99, 0x6a, 0xce,
    0xde, 0x09, 0x2d, 0x69, 0xd2, 0x1e, 0x64, 0x6e, 0xa8, 0x89, 0x19, 0xa0, 0xef, 0x04, 0xfc, 0x4e,
    0x6a, 0x6b, 0x67, 0x42, 0xaa, 0xf6, 0x9c, 0x95, 0xf3, 0x52, 0xc6, 0x55, 0xbd, 0x03, 0xdd, 0x0b,
    0x69, 0xbe, 0xfb, 0xf6, 0x4b, 0xaa, 0x73, 0xff, 0x5e, 0x16, 0xf0, 0x66, 0x03, 0x6b, 0x39, 0x30,
    0x82, 0x08, 0x0b, 0xa4, 0x30, 0x9d, 0x80, 0xe9, 0x6b, 0x00, 0xbf, 0x13, 0xf8, 0x4b, 0x97, 0x69,
    0x13, 0x7b, 0x50, 0x71, 0x92, 0x17, 0x43, 0xdc, 0x41, 0xc6, 0x23, 0x28, 0x5c, 0xab, 0x62, 0x5c,
    0x71, 0xac, 0x22, 0x82, 0x0a, 0xd4, 0x1c, 0xb3, 0x8c, 0x16, 0x6b, 0x47, 0xda, 0xc1, 0xe4, 0x1a,
    0x15, 0x2b, 0xa4, 0x2f, 0xc3, 0xdc, 0x81, 0xcc, 0x53, 0xd2, 0x6c, 0x73, 0x56, 0x42, 0xe6, 0x3c,
    0xe6, 0xce, 0x59, 0xb1, 0xec, 0xb2, 0xca, 0x42, 0xdf, 0x3c, 0xe4, 0xbf, 0x46, 0x2b, 0x20, 0xb5,
    0xd2, 0xb2, 0xf1, 0xfc, 0xe6, 0x43, 0xd5, 0xa9, 0x16, 0x74, 0x5d, 0x42, 0x92, 0x57, 0xb3, 0xd5,
    0xe2, 0xb6, 0x3a, 0x75, 0x07, 0x07, 0xa4, 0x0d, 0xc1, 0xda, 0xca, 0x8e, 0x57, 0xb0, 0x5d, 0x4e,
    0xc3, 0x68, 0x81, 0xd7, 0x50, 0x07, 0x16, 0xf6, 0x78, 0x63, 0x17, 0xcc, 0x71, 0xda, 0x07, 0xac,
    0xff, 0x0d, 0x41, 0xdb, 0x14, 0xbc, 0x5d, 0x57, 0xdc, 0x21, 0x4c, 0x46, 0xb7, 0x05, 0x42, 0xdf,
    0x4d, 0x41, 0xde, 0x65, 0xf7, 0x3a, 0x28, 0xdf, 0x7e, 0x03, 0x2e, 0x38, 0x5d, 0xf5, 0xee, 0x77,
    0x78, 0x62, 0x01, 0x64, 0xae, 0xf9, 0xe6, 0x99, 0xdb, 0xc5, 0x31, 0xe7, 0xa0, 0x07, 0x90, 0xd8,
    0xcb, 0x93, 0x79, 0x6a, 0xf9, 0x66, 0x5f, 0x77, 0x10, 0x3a, 0xe7, 0x9e, 0x0f, 0xba, 0xfa, 0xe6,
    0xa3, 0xd7, 0xbd, 0xb4, 0x05, 0xa6, 0xcb, 0x6d, 0x38, 0xea, 0xb2, 0x73, 0xf5, 0xba, 0xe6, 0xad,
    0x9f, 0xbd, 0x7b, 0xe7, 0x81, 0x91, 0x2e, 0x59, 0xed, 0x85, 0x4b, 0x36, 0xd7, 0xec, 0xaa, 0x81,
    0xa0, 0xbc, 0x57, 0xbf, 0x8b, 0x0e, 0x73, 0xf3, 0x5e, 0x29, 0x0f, 0xc2, 0xc0, 0x05, 0x23, 0x55,
    0xc0, 0xf5, 0x3e, 0x17, 0x6f, 0xc1, 0xf1, 0xb7, 0x7b, 0x20, 0x3d, 0xf3, 0xbf, 0x0b, 0x0d, 0xfd,
    0x55, 0xd2, 0x53, 0xdf, 0xb8, 0xf5, 0xd8, 0x23, 0x54, 0x1d, 0xf7, 0x92, 0x25, 0xbf, 0xfc, 0x55,
    0xcd, 0x8b, 0xff, 0x7b, 0xf4, 0xca, 0x9b, 0x4f, 0x57, 0xe9, 0x47, 0x5d, 0x5f, 0x40, 0xf6, 0x93,
    0x1d, 0xcf, 0xb1, 0x57, 0x0d, 0x08, 0x20, 0x52, 0x40, 0x77, 0x18, 0xae, 0x8c, 0x0d, 0x34, 0x04,
    0x3c, 0x4a, 0x00, 0x1b, 0xc0, 0x3e, 0xc4, 0x35, 0x4e, 0x7f, 0xc0, 0x92, 0x9b, 0xff, 0x06, 0x05,
    0x40, 0x01, 0x1e, 0x25, 0x81, 0x21, 0x38, 0xde, 0x01, 0x75, 0x13, 0x02, 0x0c, 0x2e, 0xb0, 0x81,
    0x05, 0x83, 0xe0, 0xb4, 0x24, 0xb8, 0x96, 0xa1, 0x51, 0xf0, 0x2a, 0x0b, 0x1c, 0x20, 0xe7, 0x0a,
    0x98, 0x95, 0x0d, 0x8a, 0x40, 0x85, 0x9b, 0x43, 0xca, 0x07, 0x4b, 0x28, 0x3c, 0x0b, 0x88, 0xf0,
    0x53, 0x72, 0xdb, 0x5b, 0xda, 0xbc, 0xc2, 0x80, 0x1e, 0x6a, 0x2e, 0x2a, 0x9a, 0xf3, 0x8b, 0x10,
    0xff, 0x45, 0xf0, 0xc3, 0xa6, 0x68, 0xae, 0x87, 0x0c, 0xf0, 0x4a, 0xa8, 0xce, 0xc6, 0x15, 0xfd,
    0x55, 0x2e, 0x87, 0x8f, 0xdb, 0xe1, 0x55, 0x90, 0x58, 0xc4, 0xa4, 0x04, 0x71, 0x88, 0x72, 0xa9,
    0x22, 0x0c, 0x91, 0xa8, 0x44, 0x7c, 0xd5, 0xc5, 0x89, 0x3d, 0x2b, 0x48, 0x94, 0xce, 0xc6, 0x37,
    0x1e, 0xfa, 0x30, 0x73, 0x40, 0xcc, 0x1c, 0x16, 0xb3, 0x88, 0x46, 0x23, 0x66, 0x8e, 0x8b, 0x57,
    0x59, 0xa2, 0x5d, 0xc0, 0xb8, 0x35, 0xf5, 0xc9, 0xed, 0x3e, 0xb5, 0x89, 0x80, 0x1e, 0xf7, 0x08,
    0xbe, 0xdd, 0x09, 0xe0, 0x8f, 0xa0, 0xfb, 0xa3, 0x00, 0xc6, 0x27, 0x82, 0x3d, 0xee, 0x71, 0x8e,
    0xd7, 0x7b, 0xa2, 0xf6, 0xf0, 0x28, 0x19, 0xc6, 0x18, 0x52, 0x8f, 0x7d, 0x7c, 0x9d, 0x20, 0x03,
    0x09, 0xc8, 0xf9, 0x5d, 0xe5, 0x91, 0x11, 0x40, 0x64, 0x01, 0x14, 0xd9, 0x26, 0x09, 0xe4, 0xf1,
    0x91, 0x91, 0x5c, 0xdd, 0x24, 0x39, 0x37, 0xca, 0xdd, 0x79, 0x05, 0x93, 0x9a, 0x24, 0x1c, 0xa7,
    0x2e, 0xc0, 0x98, 0x56, 0xba, 0xb2, 0x79, 0xb0, 0xfc, 0x1d, 0x63, 0x84, 0x86, 0xbf, 0x3a, 0xe2,
    0x50, 0x7b, 0xe7, 0x72, 0xe5, 0x2b, 0x63, 0xc9, 0x4b, 0xd0, 0xcd, 0x12, 0x66, 0xb5, 0x64, 0x0a,
    0x14, 0x59, 0xa9, 0xcb, 0x5d, 0xf6, 0xf2, 0x98, 0x01, 0xf8, 0xa5, 0x62, 0x82, 0x09, 0xab, 0x10,
    0x90, 0x47, 0x6a, 0x5c, 0xd1, 0xa5, 0x90, 0x4a, 0x89, 0x4c, 0xd0, 0x11, 0x6d, 0x31, 0xa9, 0xd9,
    0x0c, 0xcb, 0x0c, 0x82, 0x94, 0x67, 0x22, 0x6d, 0x50, 0xd2, 0x94, 0x11, 0x35, 0xab, 0xb9, 0xb9,
    0x6b, 0x6a, 0x46, 0x9b, 0x61, 0xbc, 0xa5, 0x37, 0x4d, 0x78, 0xb6, 0x70, 0x5e, 0x60, 0x9c, 0xe4,
    0xcc, 0x9c, 0x39, 0xb3, 0xe9, 0x81, 0x6d, 0x8a, 0xf1, 0x28, 0xe4, 0x79, 0x99, 0xe6, 0x12, 0xc0,
    0xe0, 0xcf, 0x7e, 0x72, 0xe0, 0x9f, 0x18, 0x08, 0x28, 0x02, 0x06, 0x3a, 0x80, 0x82, 0x22, 0xf1,
    0x01, 0x08, 0x2d, 0xe8, 0x00, 0x06, 0x8a, 0x80, 0x80, 0x62, 0xe0, 0x9f, 0x1c, 0x20, 0xe4, 0x46,
    0xba, 0x39, 0x1e, 0x7d, 0x66, 0xae, 0x9f, 0xfe, 0x04, 0xa8, 0x40, 0x09, 0x6a, 0xd0, 0x1e, 0x22,
    0xf4, 0x01, 0x0a, 0x65, 0xa8, 0x43, 0x21, 0x2a, 0x51, 0x8d, 0x50, 0x94, 0x02, 0x16, 0x0d, 0x00,
    0x46, 0xf9, 0x09, 0x51, 0x87, 0x32, 0x54, 0xa1, 0x07, 0x4d, 0x68, 0x41, 0x45, 0x1a, 0x50, 0x92,
    0x5a, 0xf2, 0x2b, 0x15, 0xfa, 0x99, 0x5b, 0xe0, 0x97, 0x39, 0x07, 0xf8, 0xf4, 0xa7, 0x0e, 0xcd,
    0x80, 0x50, 0x1d, 0xba, 0x81, 0xa2, 0x02, 0xe0, 0xa8, 0x48, 0x2d, 0xea, 0x06, 0x84, 0x9a, 0x01,
    0x0d, 0x38, 0xd5, 0xa1, 0x63, 0x03, 0x5d, 0x19, 0xaf, 0xe2, 0x11, 0x6a, 0xed, 0x94, 0x88, 0x3d,
    0xfd, 0xa9, 0x4f, 0x83, 0x3a, 0xd4, 0x80, 0x2a, 0x15, 0xa9, 0x49, 0x2d, 0x2a, 0x53, 0x9d, 0xaa,
    0x01, 0xa8, 0xd6, 0x4c, 0xaa, 0x52, 0xc4, 0x29, 0x9c, 0x74, 0x6a, 0x16, 0x9e, 0x06, 0x40, 0xab,
    0x5b, 0x0d, 0x28, 0x53, 0x89, 0x6a, 0x54, 0xb0, 0x02, 0x40, 0xa9, 0x63, 0x7d, 0x6a, 0x40, 0xa3,
    0xca, 0xb9, 0xa9, 0xaa, 0x15, 0x23, 0x87, 0x79, 0xcb, 0x08, 0x84, 0x18, 0x95, 0xc2, 0x1a, 0xf6,
    0xb0, 0x87, 0x5d, 0x63, 0x55, 0x61, 0xe3, 0x17, 0xab, 0xf8, 0x05, 0xb1, 0x90, 0x8d, 0x6c, 0x54,
    0x14, 0x9b, 0xd3, 0x0c, 0x36, 0x56, 0x2d, 0x72, 0x91, 0xac, 0x66, 0x23, 0x4b, 0xd9, 0x89, 0x04,
    0x04, 0x00, 0x21, 0xf9, 0x04, 0x09, 0x08, 0x00, 0x23, 0x00, 0x2c, 0x00, 0x00, 0x00, 0x00, 0x60,
    0x00, 0x60, 0x00, 0x85, 0xfd, 0xfd, 0xfd, 0xfc, 0xe6, 0xd5, 0xea, 0xd9, 0xc8, 0xd8, 0xd7, 0xd6,
    0xf1, 0xc2, 0xb1, 0xc8, 0xc2, 0xc3, 0xee, 0xd3, 0x42, 0xed, 0xcc, 0x41, 0xff, 0xc8, 0x28, 0xea,
    0xb4, 0xa7, 0xcd, 0xb0, 0x41, 0xc1, 0xb6, 0xa5, 0xba, 0xb5, 0xb4, 0xd1, 0xab, 0xa5, 0xb1, 0xab,
    0xab, 0xc0, 0x9f, 0x90, 0xb3, 0x93, 0x8e, 0xeb, 0x82, 0x91, 0x89, 0x57, 0x4f, 0x78, 0x52, 0x27,
    0x6e, 0x45, 0x42, 0x67, 0x40, 0x3e, 0x63, 0x3d, 0x3c, 0x59, 0x37, 0x38, 0xaf, 0x29, 0x32, 0x9c,
    0x23, 0x2e, 0x92, 0x1f, 0x2d, 0x6f, 0x18, 0x26, 0x58, 0x14, 0x21, 0x44, 0x29, 0x2d, 0x3b, 0x24,
    0x29, 0x2f, 0x1c, 0x22, 0x24, 0x15, 0x1b, 0x17, 0x14, 0x1b, 0x02, 0x01, 0x01, 0x00, 0x00, 0x00,
    0x00, 0x00, 0x00, 0x00, 0x00, 0x00, 0x00, 0x00, 0x00, 0x00, 0x00, 0x00, 0x00, 0x00, 0x00, 0x00,
    0x00, 0x00, 0x00, 0x00, 0x00, 0x00, 0x00, 0x00, 0x00, 0x00, 0x00, 0x00, 0x00, 0x00, 0x00, 0x00,
    0x00, 0x00, 0x00, 0x00, 0x00, 0x00, 0x00, 0x00, 0x00, 0x00, 0x00, 0x00, 0x00, 0x00, 0x00, 0x00,
    0x00, 0x00, 0x00, 0x00, 0x00, 0x00, 0x00, 0x00, 0x00, 0x00, 0x00, 0x00, 0x00, 0x00, 0x00, 0x00,
    0x00, 0x00, 0x00, 0x00, 0x00, 0x00, 0x00, 0x00, 0x00, 0x00, 0x00, 0x00, 0x00, 0x00, 0x00, 0x00,
    0x00, 0x00, 0x00, 0x00, 0x08, 0xff, 0x00, 0x47, 0x08, 0x1c, 0x48, 0xb0, 0xa0, 0xc1, 0x83, 0x08,
    0x13, 0x2a, 0x5c, 0xc8, 0xb0, 0xa1, 0xc3, 0x87, 0x10, 0x23, 0x4a, 0x9c, 0x48, 0xb1, 0xa2, 0xc5,
    0x8b, 0x18, 0x33, 0x6a, 0xdc, 0xc8, 0xb1, 0xa3, 0xc7, 0x8f, 0x20, 0x43, 0x8a, 0x1c, 0x49, 0xb2,
    0xa4, 0xc9, 0x93, 0x28, 0x53, 0xaa, 0x5c, 0xc9, 0xb2, 0xa5, 0xcb, 0x97, 0x30, 0x63, 0xca, 0x9c,
    0x49, 0xb3, 0xa6, 0x4d, 0x83, 0x21, 0x72, 0xea, 0xd4, 0x79, 0x13, 0xe4, 0xce, 0x9f, 0x3d, 0x3f,
    0xfe, 0xdc, 0x19, 0x74, 0xa3, 0x88, 0xa3, 0x1d, 0x92, 0x0e, 0x4c, 0xda, 0xe1, 0xa8, 0x88, 0xa2,
    0x17, 0x9d, 0x32, 0x5d, 0x9a, 0xd4, 0x29, 0x54, 0x8b, 0x52, 0x95, 0x0a, 0x64, 0x6a, 0xf5, 0x6a,
    0x44, 0x9d, 0x4e, 0x87, 0x82, 0x3d, 0xea, 0xf5, 0x6b, 0xce, 0xb0, 0x62, 0x43, 0x74, 0x2d, 0xeb,
    0x70, 0xac, 0x88, 0xb4, 0x6a, 0xc9, 0xb2, 0x45, 0x38, 0x74, 0x20, 0x5a, 0xb1, 0x6b, 0xe7, 0x16,
    0xac, 0x2b, 0xf0, 0xee, 0xd0, 0xbc, 0x7a, 0x07, 0xf2, 0x1d, 0xe1, 0xf7, 0x27, 0xe0, 0xa2, 0x6e,
    0xb3, 0x32, 0x5d, 0xcc, 0x78, 0xf1, 0x87, 0xc7, 0x77, 0xaf, 0x26, 0x46, 0xda, 0xb8, 0xb2, 0x63,
    0xc8, 0x47, 0x79, 0x42, 0x9d, 0x2c, 0xc2, 0xb2, 0xe7, 0x0e, 0x8f, 0x3f, 0x44, 0xae, 0xe9, 0xd6,
    0x82, 0xe9, 0xd3, 0xa7, 0x2b, 0xa8, 0x5e, 0x7d, 0x3a, 0xb4, 0x87, 0xd7, 0xab, 0x63, 0xcb, 0x1e,
    0xed, 0xb2, 0x34, 0x6a, 0xd4, 0xb2, 0x2b, 0xb4, 0x7e, 0xfc, 0xda, 0x43, 0xee, 0xdc, 0xb4, 0x5b,
    0xda, 0xbe, 0x6d, 0x3a, 0xf7, 0xee, 0x0f, 0xbd, 0x7f, 0xcf, 0xce, 0x9c, 0x53, 0x78, 0x4e, 0xe2,
    0xa9, 0x95, 0x4b, 0x3f, 0xcd, 0x34, 0x7a, 0x6c, 0xeb, 0x9a, 0x51, 0xea, 0x84, 0x5e, 0x5c, 0xba,
    0x72, 0xea, 0x49, 0xad, 0xb3, 0xff, 0xee, 0x5e, 0x21, 0xfb, 0xc9, 0xed, 0xdc, 0xbd, 0x7f, 0x37,
    0x5d, 0x9d, 0xfc, 0x78, 0x0b, 0xab, 0xcd, 0x9b, 0x44, 0x8f, 0x5b, 0x35, 0x85, 0xfb, 0xf8, 0xd5,
    0xc7, 0x6e, 0x2c, 0x5d, 0x82, 0x7f, 0xf9, 0x25, 0xd1, 0x67, 0x1d, 0x7e, 0xf9, 0xe9, 0xa7, 0x1a,
    0x7f, 0xca, 0xf9, 0x27, 0x01, 0x80, 0x24, 0x09, 0x48, 0x1e, 0x81, 0xf7, 0x19, 0x78, 0x20, 0x63,
    0xfd, 0xfd, 0xd7, 0xdc, 0x7c, 0xcf, 0xb1, 0x97, 0xd4, 0x6a, 0x0a, 0x76, 0xe8, 0x9f, 0x84, 0xfb,
    0x6d, 0xb8, 0x9e, 0x05, 0x0a, 0x32, 0xd8, 0x11, 0x7d, 0x4c, 0x71, 0xe8, 0xa1, 0x82, 0x20, 0xae,
    0x96, 0xe2, 0x88, 0x25, 0x5e, 0x28, 0x12, 0x8a, 0x22, 0x56, 0xb0, 0x22, 0x8b, 0x2d, 0x56, 0xf0,
    0xe2, 0x6f, 0xa7, 0xc5, 0x18, 0x42, 0x48, 0xf4, 0x5d, 0x20, 0xe4, 0x8e, 0x2b, 0x5a, 0x57, 0xa4,
    0x7b, 0x13, 0x76, 0x80, 0xe3, 0x75, 0xa6, 0xad, 0x68, 0xa2, 0x45, 0x41, 0x0e, 0x59, 0xe3, 0x91,
    0xf0, 0xa9, 0x46, 0x65, 0x6e, 0x4c, 0x2d, 0xf9, 0x9e, 0x93, 0x32, 0x6e, 0x14, 0xe5, 0x05, 0x44,
    0x7a, 0x68, 0xa4, 0x98, 0x48, 0xea, 0x98, 0x94, 0x96, 0xaa, 0xf5, 0xe8, 0xe1, 0x93, 0x15, 0xd1,
    0xd8, 0x01, 0x71, 0x0a, 0x0a, 0x09, 0xe6, 0x94, 0x37, 0x4a, 0x80, 0xe5, 0x99, 0x64, 0x5a, 0x20,
    0xa7, 0x9a, 0x0b, 0x76, 0xa9, 0x91, 0x9b, 0x70, 0xfa, 0x27, 0x67, 0x98, 0x37, 0xde, 0xa9, 0x64,
    0x9e, 0x7b, 0x36, 0x69, 0xe1, 0x8f, 0x27, 0x66, 0x68, 0x41, 0x7b, 0xa8, 0xc5, 0x29, 0x65, 0x07,
    0x2a, 0x16, 0x2a, 0x5b, 0x96, 0x88, 0x0a, 0xc9, 0x27, 0x9b, 0x66, 0x85, 0x20, 0xa7, 0x9c, 0xa1,
    0x25, 0xfa, 0xa8, 0x65, 0x95, 0xae, 0x98, 0x5b, 0x6f, 0x75, 0x4a, 0x20, 0xea, 0x69, 0x72, 0x72,
    0xda, 0x90, 0x4e, 0x9f, 0x0a, 0xff, 0x19, 0xaa, 0xa6, 0x1a, 0x56, 0x56, 0xaa, 0x87, 0xa7, 0xbe,
    0x96, 0xea, 0xaa, 0xa6, 0xb5, 0xea, 0xe7, 0x44, 0xb0, 0xc6, 0x3a, 0xeb, 0x05, 0xe0, 0xd9, 0x6a,
    0x65, 0x9d, 0xb9, 0x7a, 0xb0, 0x2b, 0xad, 0xa8, 0xf9, 0xca, 0x28, 0x94, 0x39, 0xc5, 0x7a, 0x41,
    0x68, 0x0a, 0x54, 0x6b, 0xc0, 0xb5, 0x9e, 0x19, 0x5a, 0x60, 0x6c, 0xbd, 0xc9, 0xb9, 0x64, 0x63,
    0xc4, 0xb9, 0xca, 0x50, 0xb0, 0x9f, 0x52, 0x6b, 0x2d, 0xb6, 0xa4, 0x5e, 0x9a, 0xd4, 0xb6, 0xab,
    0x75, 0x2b, 0xe4, 0xb7, 0x8c, 0x85, 0xfb, 0xab, 0x44, 0xe4, 0x82, 0xfa, 0x58, 0xb5, 0x0a, 0x5c,
    0x6b, 0x40, 0xb6, 0xea, 0x76, 0xc0, 0xae, 0x6a, 0xee, 0x5e, 0x00, 0xef, 0x62, 0xf2, 0x3e, 0x4b,
    0x6f, 0xb4, 0xd2, 0x4e, 0xda, 0xd8, 0x01, 0x0c, 0x4f, 0xe0, 0xb0, 0xa8, 0x08, 0xc6, 0x26, 0x67,
    0x6f, 0x90, 0xba, 0x18, 0xef, 0x6d, 0x4c, 0x89, 0xbb, 0x17, 0xc2, 0x09, 0x7b, 0xc6, 0xf0, 0x01,
    0x0e, 0x4f, 0x00, 0x31, 0x85, 0xb2, 0x4d, 0xfc, 0x5a, 0xc5, 0x49, 0x42, 0x5a, 0xac, 0xc6, 0x04,
    0xd5, 0x1b, 0xab, 0xc7, 0x0d, 0x3f, 0xcc, 0x6c, 0xc4, 0xab, 0x99, 0xec, 0x01, 0xca, 0x66, 0x12,
    0x8c, 0x71, 0x52, 0x2c, 0x0b, 0xc6, 0xf1, 0xc8, 0x9f, 0x35, 0x36, 0x28, 0xc9, 0xba, 0xd5, 0x9a,
    0xc0, 0xd1, 0x4c, 0xc9, 0x69, 0xb1, 0xce, 0xa8, 0x65, 0x3c, 0xef, 0x42, 0x2e, 0x13, 0x5b, 0x6b,
    0xd0, 0x8b, 0x0d, 0xbd, 0xd8, 0x7b, 0x4c, 0x1d, 0x9d, 0x40, 0xd2, 0x42, 0x2e, 0xad, 0x72, 0xad,
    0x3d, 0x0b, 0x14, 0x75, 0xb1, 0x54, 0x73, 0x3d, 0xe7, 0xd5, 0x69, 0x1a, 0x8d, 0x74, 0x52, 0x4a,
    0xa7, 0x1c, 0xde, 0xce, 0x1d, 0x84, 0x3d, 0x02, 0x7d, 0xbd, 0x91, 0x6d, 0x99, 0x9c, 0xf8, 0x69,
    0x0d, 0x6e, 0xaf, 0x93, 0x12, 0xff, 0xe0, 0x37, 0x04, 0x80, 0x33, 0x85, 0xdf, 0xde, 0xa3, 0x2e,
    0x26, 0x37, 0xdd, 0xaf, 0xd9, 0x5d, 0x19, 0xde, 0xf7, 0xe9, 0x7d, 0xb1, 0x9e, 0x7d, 0xff, 0x1d,
    0xf8, 0xba, 0xf7, 0x11, 0xde, 0xd8, 0xe1, 0x8e, 0xd6, 0x3d, 0xf5, 0xdd, 0x42, 0xe6, 0xbd, 0x36,
    0xd3, 0x56, 0xfb, 0x4d, 0x00, 0xe0, 0x10, 0x08, 0x5e, 0xf9, 0xe3, 0x97, 0x3f, 0xad, 0x10, 0xe2,
    0x1e, 0x28, 0xce, 0x54, 0x00, 0xb0, 0xc7, 0x2e, 0x3b, 0xec, 0x42, 0x4f, 0x3a, 0xfb, 0xed, 0x01,
    0x78, 0xa6, 0x38, 0xe6, 0x21, 0x9c, 0xa6, 0x79, 0xe1, 0x8d, 0xe1, 0x3e, 0x7b, 0xed, 0x67, 0x0b,
    0x2f, 0xbb, 0xee, 0x9b, 0xc7, 0xad, 0x7a, 0x42, 0xac, 0xbb, 0x9e, 0x94, 0xf1, 0xb1, 0x13, 0xff,
    0x3a, 0xf4, 0xb9, 0x5b, 0xb6, 0xfb, 0xf2, 0x74, 0x9d, 0x45, 0xd9, 0x9b, 0xa6, 0xf5, 0x06, 0xc2,
    0xf7, 0x4e, 0x51, 0x5f, 0xfd, 0x67, 0xe2, 0x3b, 0xf5, 0x3d, 0x08, 0x90, 0xa6, 0x6e, 0x70, 0x5b,
    0xda, 0x77, 0xf6, 0xb6, 0x05, 0xde, 0x83, 0x7f, 0x94, 0xf8, 0x54, 0x97, 0x7f, 0xd4, 0xf9, 0xe9,
    0x33, 0xc6, 0xbb, 0x62, 0xbe, 0xbf, 0x76, 0x7e, 0xf8, 0xd4, 0xab, 0x1f, 0xf5, 0xcc, 0xf7, 0xbd,
    0xfc, 0x19, 0x0e, 0x7b, 0x07, 0x71, 0x8b, 0xd9, 0xb8, 0x72, 0x94, 0x06, 0x38, 0x50, 0x27, 0xb7,
    0x53, 0x60, 0x52, 0xb4, 0x76, 0x97, 0x08, 0xe6, 0xc4, 0x81, 0x0d, 0xe0, 0x5f, 0xf2, 0xb2, 0x83,
    0x80, 0x0e, 0x8e, 0xab, 0x7d, 0x0b, 0xac, 0x4a, 0x03, 0x1f, 0x98, 0x13, 0x0b, 0xc6, 0xc5, 0x7d,
    0x1d, 0xa0, 0x20, 0x73, 0x42, 0x60, 0x42, 0x0c, 0x6a, 0x10, 0x78, 0x3c, 0x93, 0x51, 0x07, 0x11,
    0xf0, 0xc1, 0x13, 0x86, 0xb0, 0x29, 0x23, 0x6c, 0x00, 0x04, 0x67, 0x27, 0xc1, 0x14, 0x1e, 0xad,
    0x82, 0x3c, 0xbc, 0xa0, 0x03, 0xff, 0x5f, 0xa8, 0xbe, 0x81, 0xcc, 0xf0, 0x21, 0xe4, 0x62, 0x8a,
    0xe8, 0x9c, 0xc2, 0x80, 0x26, 0xc6, 0x6e, 0x28, 0xb1, 0x73, 0x8a, 0x14, 0xa7, 0xf8, 0xc4, 0x9f,
    0xc4, 0xae, 0x89, 0x0c, 0x70, 0x8a, 0xb4, 0xd4, 0x77, 0xc4, 0x4e, 0x85, 0xce, 0x6f, 0x4c, 0x74,
    0x22, 0xec, 0xa0, 0x08, 0xbb, 0x29, 0x9a, 0x51, 0x04, 0x55, 0xdc, 0xc9, 0x15, 0x9b, 0xa8, 0xc5,
    0x97, 0xe9, 0x2f, 0x27, 0x5d, 0x84, 0x48, 0x12, 0x93, 0xb2, 0xc4, 0xa3, 0x60, 0x31, 0x8d, 0x3b,
    0x0c, 0xc0, 0x19, 0xa9, 0x38, 0x46, 0x2b, 0xc2, 0x0e, 0x8b, 0x6d, 0xfc, 0x14, 0x17, 0x3d, 0xc8,
    0xbe, 0x10, 0x28, 0xe8, 0x38, 0x11, 0x48, 0xa4, 0x22, 0x01, 0x08, 0x3d, 0x01, 0x38, 0xf2, 0x76,
    0x8e, 0x14, 0x80, 0xfd, 0x44, 0xa0, 0x48, 0x45, 0x0e, 0x92, 0x86, 0x9d, 0x3a, 0xa4, 0x69, 0x42,
    0x53, 0xc9, 0x44, 0x32, 0xd2, 0x78, 0x91, 0x84, 0xe4, 0x23, 0x07, 0x78, 0x94, 0x4e, 0x46, 0xe0,
    0x92, 0x07, 0x33, 0xa4, 0x7f, 0x10, 0xd9, 0xc9, 0x4f, 0x0a, 0x2f, 0x94, 0xb3, 0x83, 0x25, 0xf4,
    0x9c, 0x62, 0x4a, 0x54, 0x52, 0x84, 0x5c, 0xa1, 0xc9, 0xa5, 0x2e, 0xc5, 0xc7, 0x4b, 0xea, 0x85,
    0x86, 0x6a, 0x71, 0x6c, 0x13, 0xc7, 0x74, 0x49, 0xcc, 0x0f, 0xf4, 0xf2, 0x98, 0xb8, 0xfb, 0x65,
    0xd0, 0x82, 0x79, 0xcb, 0x61, 0x16, 0x33, 0x97, 0xc8, 0x8c, 0x66, 0xec, 0x94, 0xf9, 0x19, 0x66,
    0xca, 0x31, 0x27, 0x83, 0x63, 0xdb, 0xa4, 0x88, 0x29, 0x27, 0x59, 0x4a, 0xf3, 0x76, 0x56, 0x63,
    0x8a, 0x6b, 0x5e, 0x23, 0x37, 0x9c, 0x60, 0xf3, 0x74, 0x1d, 0xb0, 0x1a, 0x37, 0x85, 0xe4, 0xcd,
    0x6f, 0xca, 0x2e, 0x9c, 0x49, 0x19, 0xa7, 0x07, 0xca, 0xb9, 0xb1, 0x10, 0x64, 0x33, 0x9d, 0xdb,
    0xd4, 0x65, 0x37, 0x47, 0xe9, 0xff, 0xce, 0xd9, 0xc1, 0x13, 0x34, 0xbc, 0x21, 0x27, 0x02, 0x99,
    0x77, 0x4e, 0x0a, 0x28, 0xce, 0x2e, 0x53, 0xdc, 0x80, 0x42, 0x17, 0xba, 0x50, 0x05, 0x39, 0xe0,
    0xa1, 0x0c, 0x55, 0xe8, 0x43, 0x1d, 0x10, 0x51, 0x86, 0x72, 0xe0, 0xa2, 0x66, 0x5c, 0xe8, 0xf9,
    0x30, 0xa2, 0x13, 0xfc, 0x1c, 0xb4, 0x2f, 0x09, 0xad, 0xa8, 0x42, 0x1d, 0x0a, 0xd1, 0x88, 0x4e,
    0x54, 0xa4, 0x0a, 0xbd, 0x28, 0x07, 0x32, 0xaa, 0xd0, 0x8d, 0x5e, 0xa4, 0xa3, 0xf7, 0xf9, 0x28,
    0x61, 0x42, 0x2a, 0x52, 0x92, 0x52, 0xd4, 0xa4, 0x25, 0x15, 0xa9, 0x4a, 0x59, 0xba, 0x01, 0x97,
    0x66, 0x64, 0x8e, 0x38, 0x7c, 0x8a, 0x40, 0x6e, 0xb7, 0x80, 0xa2, 0xaa, 0x14, 0x03, 0x48, 0x2d,
    0x80, 0x52, 0x07, 0xc0, 0x54, 0x2c, 0x4e, 0x94, 0xa9, 0x03, 0x50, 0x6a, 0x01, 0x90, 0x8a, 0x01,
    0x95, 0x1a, 0xcf, 0x8c, 0x5e, 0xe2, 0x18, 0x03, 0x85, 0x3a, 0x02, 0xa2, 0x1a, 0xf5, 0xa2, 0x54,
    0x95, 0x2a, 0x54, 0x9d, 0xfa, 0x50, 0xa8, 0x4a, 0x95, 0xaa, 0x56, 0x15, 0x1e, 0x56, 0xff, 0xa4,
    0x55, 0x11, 0x72, 0xd5, 0xab, 0x0b, 0x38, 0x6a, 0x52, 0x97, 0xda, 0xd4, 0x26, 0x3e, 0x95, 0xa9,
    0x67, 0x45, 0x6a, 0x5a, 0x71, 0xb7, 0x56, 0x68, 0xf5, 0xae, 0x56, 0x08, 0xe5, 0xaa, 0xe8, 0x62,
    0xf7, 0x80, 0xc2, 0x52, 0x35, 0x03, 0x88, 0xa5, 0xea, 0x42, 0x01, 0xc0, 0xd8, 0xc6, 0x2e, 0x14,
    0xb1, 0x19, 0xd0, 0x80, 0x64, 0xa9, 0xaa, 0xb5, 0xd8, 0xd5, 0x91, 0xab, 0x1c, 0x75, 0xd4, 0x54,
    0x40, 0x2a, 0x58, 0xbf, 0x11, 0xd6, 0xb0, 0x48, 0x85, 0xac, 0x62, 0x15, 0xda, 0x58, 0xc7, 0x2a,
    0x14, 0xb2, 0x92, 0xd5, 0x00, 0x65, 0x8f, 0x66, 0x59, 0x30, 0xca, 0xe5, 0xa7, 0x9a, 0xd5, 0xca,
    0x4c, 0x3b, 0x4b, 0x80, 0xcf, 0x3d, 0x3e, 0xe0, 0xb0, 0x89, 0x45, 0xea, 0x62, 0x4b, 0x0b, 0x80,
    0xc7, 0x22, 0x36, 0xb5, 0xab, 0x4d, 0x40, 0x6b, 0x09, 0x70, 0x18, 0x61, 0x9e, 0xb0, 0xb8, 0x9c,
    0x2d, 0x0c, 0x5c, 0x96, 0xcb, 0xdc, 0xe3, 0xbe, 0x36, 0xab, 0xce, 0xc5, 0x6c, 0x41, 0xcc, 0xd8,
    0xdc, 0xea, 0x32, 0xb7, 0xaf, 0xd0, 0xc5, 0xee, 0x74, 0xa7, 0x68, 0xdd, 0xee, 0xe2, 0x65, 0x8a,
    0x18, 0x09, 0x08, 0x00, 0x21, 0xf9, 0x04, 0x09, 0x08, 0x00, 0x25, 0x00, 0x2c, 0x00, 0x00, 0x00,
    0x00, 0x60, 0x00, 0x60, 0x00, 0x85, 0xfa, 0xf6, 0xf3, 0xfc, 0xe6, 0xd5, 0xee, 0xda, 0xc9, 0xd8,
    0xd7, 0xd6, 0xee, 0xd3, 0x42, 0xed, 0xcc, 0x41, 0xff, 0xc8, 0x28, 0xef, 0xc4, 0xb3, 0xea, 0xb4,
    0xa7, 0xd1, 0xab, 0xa5, 0xcd, 0xb0, 0x41, 0xc8, 0xc2, 0xc3, 0xc1, 0xb6, 0xa5, 0xb5, 0xb6, 0xaf,
    0xb1, 0xab, 0xab, 0xc0, 0x9f, 0x90, 0xb3, 0x93, 0x8e, 0x3b, 0x6e, 0x6b, 0x89, 0x57, 0x50, 0x78,
    0x52, 0x27, 0x6e, 0x45, 0x42, 0x67, 0x40, 0x3e, 0x34, 0x55, 0x54, 0xaf, 0x29, 0x32, 0x63, 0x3d,
    0x3c, 0x5a, 0x37, 0x38, 0x44, 0x29, 0x2d, 0x9c, 0x23, 0x2e, 0x92, 0x1f, 0x2d, 0x7b, 0x1a, 0x1a,
    0x6f, 0x18, 0x26, 0x58, 0x14, 0x21, 0x3b, 0x24, 0x29, 0x2f, 0x1c, 0x22, 0x24, 0x15, 0x1b, 0x17,
    0x14, 0x1b, 0x02, 0x01, 0x00, 0x00, 0x00, 0x00, 0x00, 0x00, 0x00, 0x00, 0x00, 0x00, 0x00, 0x00,
    0x00, 0x00, 0x00, 0x00, 0x00, 0x00, 0x00, 0x00, 0x00, 0x00, 0x00, 0x00, 0x00, 0x00, 0x00, 0x00,
    0x00, 0x00, 0x00, 0x00, 0x00, 0x00, 0x00, 0x00, 0x00, 0x00, 0x00, 0x00, 0x00, 0x00, 0x00, 0x00,
    0x00, 0x00, 0x00, 0x00, 0x00, 0x00, 0x00, 0x00, 0x00, 0x00, 0x00, 0x00, 0x00, 0x00, 0x00, 0x00,
    0x00, 0x00, 0x00, 0x00, 0x00, 0x00, 0x00, 0x00, 0x00, 0x00, 0x00, 0x00, 0x00, 0x00, 0x00, 0x00,
    0x00, 0x00, 0x00, 0x00, 0x00, 0x00, 0x08, 0xff, 0x00, 0x4b, 0x08, 0x1c, 0x48, 0xb0, 0xa0, 0xc1,
    0x83, 0x08, 0x13, 0x2a, 0x5c, 0xc8, 0xb0, 0xa1, 0xc3, 0x87, 0x10, 0x23, 0x4a, 0x9c, 0x48, 0xb1,
    0xa2, 0xc5, 0x8b, 0x18, 0x33, 0x6a, 0xdc, 0xc8, 0xb1, 0xa3, 0xc7, 0x8f, 0x20, 0x43, 0x8a, 0x1c,
    0x49, 0xb2, 0xa4, 0xc9, 0x93, 0x28, 0x53, 0xaa, 0x5c, 0xc9, 0xb2, 0xa5, 0xcb, 0x97, 0x30, 0x63,
    0xca, 0x9c, 0x49, 0xb3, 0xa6, 0x4d, 0x12, 0x38, 0x73, 0xe6, 0xb4, 0x19, 0x52, 0xa7, 0x4f, 0x9e,
    0x20, 0x7d, 0xea, 0x04, 0xca, 0x31, 0xa7, 0x86, 0xa3, 0x03, 0x8f, 0x6a, 0xd8, 0x49, 0xf4, 0xa2,
    0x51, 0xa4, 0x02, 0x95, 0x32, 0x6d, 0x5a, 0xf1, 0xa9, 0x86, 0xa4, 0x47, 0xa7, 0x52, 0x6d, 0x38,
    0xa2, 0xab, 0x57, 0xa1, 0x5e, 0xc3, 0x76, 0xd5, 0xba, 0x15, 0xa1, 0xd8, 0x11, 0x60, 0xcf, 0x8e,
    0xc5, 0x59, 0x76, 0xe1, 0xd9, 0xb4, 0x6a, 0xc9, 0x36, 0xfd, 0xea, 0x53, 0xa9, 0xdd, 0xbb, 0x78,
    0x43, 0xe8, 0xcd, 0xe9, 0x75, 0x2b, 0x5d, 0x9d, 0x78, 0x03, 0xdf, 0xd5, 0x1b, 0x82, 0x6f, 0x57,
    0xbf, 0x6b, 0x01, 0x0b, 0x5e, 0x4c, 0xd8, 0xf0, 0x08, 0x9b, 0x7f, 0x31, 0x48, 0x9e, 0x3c, 0xb9,
    0x82, 0xe5, 0xcb, 0x93, 0x09, 0x83, 0xd8, 0x7c, 0xb9, 0xb3, 0x67, 0xc7, 0x30, 0x23, 0x53, 0xa6,
    0xec, 0xb9, 0x42, 0x66, 0xbd, 0x9b, 0x41, 0x94, 0x2e, 0x0d, 0xfa, 0xa5, 0xe8, 0xd1, 0x92, 0x4b,
    0x9f, 0x0e, 0x91, 0x7a, 0xf5, 0x67, 0x9c, 0x7d, 0x59, 0x7a, 0x85, 0x5d, 0xd9, 0xb6, 0xef, 0xc9,
    0x4a, 0x7b, 0x77, 0x16, 0x9e, 0x1b, 0xe5, 0x6e, 0xde, 0x18, 0x7c, 0xff, 0x96, 0x1c, 0x3c, 0xb6,
    0x67, 0xe2, 0x87, 0x53, 0x1e, 0xe7, 0xad, 0xdc, 0x36, 0xf0, 0xa3, 0xc2, 0x31, 0x3b, 0xaf, 0x50,
    0xfc, 0xe4, 0x74, 0xe1, 0x14, 0xc2, 0x8b, 0xff, 0xaf, 0xde, 0x19, 0xaf, 0x6f, 0x09, 0xe8, 0xbb,
    0x9b, 0xfc, 0xbe, 0x5d, 0xfc, 0x78, 0xf2, 0x96, 0xcd, 0xdb, 0x46, 0x2f, 0x41, 0x7d, 0x49, 0xf6,
    0xc9, 0x2d, 0xbb, 0x0f, 0x0f, 0x3f, 0xfe, 0xdd, 0xf3, 0xe9, 0x45, 0x77, 0x5f, 0x57, 0xd7, 0x69,
    0x70, 0x19, 0x7d, 0x08, 0xa2, 0xd7, 0x5f, 0x79, 0x47, 0x2d, 0x87, 0x01, 0x7d, 0xf6, 0x79, 0x34,
    0x9d, 0x52, 0x07, 0x26, 0x48, 0xdf, 0x82, 0x97, 0x51, 0x68, 0x9d, 0x64, 0x10, 0x0a, 0x18, 0xd2,
    0x84, 0x0d, 0x5a, 0x66, 0xe1, 0x85, 0x18, 0x56, 0xa0, 0xe1, 0x6a, 0x93, 0x75, 0xf8, 0x18, 0x48,
    0xd3, 0x65, 0xe0, 0xe2, 0x89, 0x16, 0x0a, 0x17, 0xe3, 0x76, 0x19, 0x1e, 0x45, 0xe2, 0x70, 0x1c,
    0x26, 0x18, 0xe1, 0x45, 0x2d, 0xbe, 0x18, 0x62, 0x05, 0x33, 0xe6, 0x07, 0x64, 0x82, 0xd9, 0xf9,
    0xa7, 0xc1, 0x8d, 0xda, 0x3d, 0xa8, 0xa3, 0x87, 0x1a, 0xf5, 0x98, 0x01, 0x8c, 0x44, 0x6e, 0x17,
    0x64, 0x69, 0x4a, 0x21, 0x69, 0x59, 0x8a, 0x4b, 0xae, 0xc8, 0x11, 0x88, 0x1a, 0xc0, 0x46, 0x9f,
    0x8b, 0x4f, 0xfe, 0x38, 0xa2, 0x82, 0x9e, 0x55, 0x19, 0x25, 0x06, 0x60, 0x62, 0x59, 0x1f, 0x93,
    0x19, 0x71, 0xe9, 0x25, 0x7a, 0x60, 0x42, 0x39, 0x22, 0x95, 0x36, 0x9e, 0x99, 0x66, 0x8e, 0x6b,
    0x6a, 0xb9, 0x91, 0x9b, 0xa3, 0x7d, 0xe9, 0xa3, 0x81, 0x22, 0x8e, 0x49, 0xe7, 0x91, 0x76, 0xba,
    0xa8, 0xe6, 0x8e, 0x13, 0x79, 0x05, 0x26, 0x98, 0x84, 0xdd, 0x89, 0xc1, 0x62, 0x15, 0xce, 0xe9,
    0x59, 0x6a, 0x63, 0x4a, 0xe0, 0xe8, 0x64, 0x60, 0x22, 0xfa, 0x90, 0xa2, 0x8b, 0x66, 0xd0, 0xa8,
    0xa1, 0xcc, 0x09, 0x16, 0xa9, 0x85, 0xa5, 0x51, 0x3a, 0xe6, 0xa5, 0x92, 0x65, 0xca, 0xa6, 0x44,
    0x9c, 0x2e, 0xfa, 0x69, 0x06, 0x05, 0xca, 0xff, 0x37, 0xa4, 0xa4, 0x9d, 0x99, 0x3a, 0x22, 0xaa,
    0x68, 0xba, 0xa8, 0xa9, 0x43, 0xad, 0x32, 0xaa, 0x97, 0x02, 0xc0, 0x12, 0x20, 0x2c, 0xa4, 0x65,
    0x1e, 0xf5, 0x5e, 0xad, 0x9b, 0x81, 0x79, 0x23, 0x5e, 0xb0, 0xed, 0xca, 0x55, 0x57, 0x9d, 0x7a,
    0xfa, 0x6b, 0xb0, 0xc3, 0x8a, 0x5a, 0xac, 0x06, 0xc7, 0x5e, 0x96, 0x9a, 0xb2, 0x64, 0x9a, 0x78,
    0x57, 0xb3, 0xab, 0x46, 0xd4, 0xab, 0x8b, 0x84, 0x01, 0xab, 0x80, 0xb0, 0x04, 0x10, 0xcb, 0x20,
    0xb6, 0xfc, 0x4d, 0x9a, 0xac, 0x8b, 0xcb, 0x7e, 0x3b, 0x9a, 0xb3, 0x09, 0x8d, 0xbb, 0xe8, 0x62,
    0x05, 0xe4, 0x3b, 0xc1, 0xbe, 0x8e, 0xca, 0x7a, 0x19, 0x98, 0xa9, 0x35, 0x27, 0x24, 0xb3, 0xa3,
    0x29, 0x45, 0x6f, 0x41, 0xf6, 0xc6, 0x29, 0x58, 0xbe, 0x05, 0xec, 0x3b, 0x41, 0xbf, 0xff, 0x79,
    0x06, 0xf0, 0x66, 0x02, 0xd7, 0x68, 0x17, 0x6c, 0x06, 0x87, 0xab, 0x50, 0xc2, 0x7f, 0xe2, 0xc5,
    0xb0, 0xc3, 0x10, 0xdb, 0x55, 0xda, 0xc4, 0x20, 0x54, 0x6c, 0xa4, 0xc0, 0x05, 0x1e, 0x4c, 0x90,
    0xbd, 0xb1, 0x2e, 0x76, 0x97, 0xc2, 0x22, 0x5f, 0x19, 0xaa, 0x06, 0x08, 0xd4, 0xac, 0x14, 0x98,
    0x16, 0xa3, 0x3c, 0xb3, 0xca, 0x03, 0xb1, 0x3c, 0xb3, 0xcb, 0x2f, 0x77, 0xfc, 0x63, 0x81, 0x35,
    0x23, 0x70, 0xb3, 0x8b, 0x39, 0x63, 0x57, 0xf0, 0x51, 0x3c, 0x0b, 0xe4, 0xf3, 0xa3, 0x40, 0xe3,
    0x05, 0xf3, 0x89, 0x44, 0xdb, 0x7c, 0x14, 0xce, 0x27, 0x2b, 0x4d, 0x59, 0xc6, 0x7a, 0xf2, 0x4a,
    0xa0, 0x64, 0xa9, 0xb5, 0x1c, 0x18, 0x98, 0xe2, 0x15, 0x4d, 0x70, 0xae, 0x61, 0x6a, 0x70, 0xc0,
    0xda, 0x10, 0xb4, 0xad, 0x94, 0x78, 0x67, 0xe3, 0xd5, 0x74, 0x09, 0xd3, 0x85, 0xfd, 0xb3, 0x60,
    0x64, 0x87, 0x67, 0xb6, 0xbc, 0x68, 0x2b, 0xff, 0xb5, 0xf6, 0x01, 0x6d, 0x43, 0xf0, 0x76, 0x78,
    0x71, 0xdf, 0x35, 0x77, 0xdd, 0x9b, 0x89, 0x2d, 0xb5, 0x8b, 0x65, 0x5b, 0x7d, 0x71, 0xaa, 0x7f,
    0xfe, 0x1d, 0xf8, 0xe0, 0x14, 0x14, 0x6e, 0xd7, 0xdc, 0x3d, 0x77, 0x65, 0x37, 0xd4, 0x81, 0x05,
    0xe0, 0xf9, 0xe7, 0xa0, 0x7b, 0xbe, 0x78, 0xda, 0xa1, 0x97, 0x1e, 0xc0, 0x62, 0x29, 0x6b, 0xbc,
    0xa9, 0xe6, 0x89, 0xdf, 0x6d, 0x97, 0xe9, 0xa1, 0x8f, 0xae, 0x14, 0xec, 0xa0, 0xa3, 0xbe, 0xb3,
    0xea, 0x5e, 0x8f, 0xb0, 0xf9, 0x62, 0xb4, 0x7f, 0x2e, 0xfb, 0x51, 0xbd, 0x8b, 0x2e, 0x58, 0xea,
    0x5d, 0x27, 0xda, 0x95, 0xc0, 0xa9, 0x89, 0xa0, 0x7c, 0x4e, 0xc1, 0x9f, 0x0e, 0x74, 0xf3, 0x39,
    0x29, 0x2f, 0x82, 0xc0, 0x5c, 0x63, 0xe4, 0x15, 0xf2, 0x9b, 0x49, 0xcf, 0x7c, 0xf0, 0x51, 0x43,
    0x8f, 0x93, 0xf4, 0xd4, 0x33, 0x8d, 0xfb, 0xb3, 0x23, 0x60, 0x0f, 0x82, 0xf6, 0x38, 0x35, 0xdf,
    0x7d, 0xf0, 0xd1, 0x2b, 0x1f, 0xbe, 0x06, 0x98, 0x23, 0x7c, 0xfc, 0xd5, 0x7f, 0xe6, 0x94, 0xc0,
    0xfd, 0x6a, 0x89, 0x65, 0x55, 0xd1, 0x8e, 0xe5, 0x3f, 0xc2, 0xfd, 0x09, 0xb0, 0x0a, 0xf1, 0xac,
    0x37, 0x3f, 0x0d, 0xc0, 0xcc, 0x7e, 0xf8, 0xf3, 0x5f, 0x62, 0x94, 0xc2, 0x3f, 0xdc, 0x28, 0xf0,
    0x7f, 0xf7, 0x13, 0xe0, 0xed, 0x8a, 0xc7, 0xaa, 0x02, 0x1e, 0x10, 0x27, 0x00, 0x7c, 0x20, 0x5a,
    0x70, 0xc2, 0xc0, 0x9a, 0xf5, 0x2f, 0x7f, 0x00, 0x94, 0x20, 0xe7, 0xe2, 0x77, 0x90, 0xeb, 0x1d,
    0xe5, 0x6f, 0x39, 0x69, 0x80, 0x0a, 0x01, 0xc0, 0x42, 0x0b, 0xb8, 0x30, 0x02, 0x30, 0x74, 0xa1,
    0x05, 0x84, 0x22, 0x14, 0x19, 0xc2, 0x30, 0x02, 0x32, 0x64, 0x21, 0x00, 0x54, 0xd8, 0x80, 0x9c,
    0x44, 0xab, 0x7a, 0x08, 0x31, 0x80, 0x10, 0xff, 0x57, 0x57, 0xbe, 0x13, 0xae, 0x2d, 0x85, 0x2b,
    0x6c, 0xe1, 0x0b, 0x63, 0xe8, 0x42, 0x1a, 0xfa, 0xc4, 0x86, 0x4c, 0xb4, 0x80, 0x0e, 0x79, 0xe8,
    0xc3, 0x4e, 0x01, 0xf1, 0x20, 0x42, 0x34, 0x00, 0x11, 0xfd, 0x76, 0x44, 0x9c, 0xf0, 0x50, 0x87,
    0x50, 0xc4, 0x61, 0x13, 0x9d, 0x98, 0x93, 0x30, 0xe6, 0x90, 0x85, 0x54, 0xc4, 0xc9, 0x0f, 0xc5,
    0x47, 0x41, 0x81, 0x64, 0x91, 0x21, 0xd3, 0x21, 0xcc, 0xe7, 0x50, 0x88, 0x13, 0x1d, 0xfe, 0xed,
    0x6f, 0x3c, 0x14, 0x80, 0x1e, 0x4b, 0xa7, 0x47, 0x01, 0xf0, 0xf0, 0x8e, 0x6b, 0xd3, 0xa1, 0x55,
    0x60, 0x86, 0xa8, 0x37, 0xe6, 0x6e, 0x36, 0x73, 0xec, 0x22, 0x09, 0xec, 0x08, 0xc8, 0x3c, 0xee,
    0x31, 0x74, 0x7d, 0xfc, 0x23, 0x20, 0x05, 0xc9, 0x41, 0xfa, 0xa5, 0xad, 0x90, 0x43, 0x3c, 0xa4,
    0x64, 0xe4, 0xe8, 0x39, 0x3a, 0x2e, 0x92, 0x85, 0x80, 0x3c, 0x80, 0x23, 0x05, 0xc0, 0x47, 0x3d,
    0x4a, 0xf2, 0x8e, 0x94, 0x24, 0xc1, 0xd1, 0x2e, 0xa9, 0x31, 0x43, 0x42, 0xc4, 0x2b, 0x84, 0x89,
    0xa5, 0x2c, 0xfb, 0x08, 0x17, 0xef, 0xd1, 0xb0, 0x8f, 0x84, 0x59, 0x8c, 0x7d, 0x5c, 0x59, 0xc1,
    0x11, 0xc8, 0xf2, 0x97, 0x21, 0xa0, 0xa5, 0x4f, 0xbc, 0x62, 0x4b, 0xa1, 0xe0, 0x52, 0x2f, 0xba,
    0x64, 0x13, 0x2f, 0xc5, 0xd5, 0x15, 0x60, 0xce, 0x52, 0x8f, 0xb5, 0x64, 0x9f, 0x13, 0x8f, 0x19,
    0x82, 0x64, 0x16, 0x6f, 0x99, 0x1b, 0xeb, 0x0a, 0xdc, 0x2c, 0xa9, 0x94, 0x5f, 0x82, 0xa9, 0x8f,
    0xcd, 0x0b, 0xa7, 0xe7, 0xa6, 0x76, 0x14, 0xcd, 0x6c, 0xa6, 0x38, 0xd8, 0x84, 0xa3, 0x36, 0x09,
    0xc7, 0xcd, 0x72, 0xca, 0xf2, 0x9b, 0x8f, 0x14, 0x67, 0xf0, 0xc8, 0xa9, 0x01, 0x73, 0x82, 0x00,
    0x9d, 0x99, 0x7c, 0xe5, 0x3a, 0x2b, 0xd7, 0xff, 0xce, 0x7a, 0xbe, 0xd3, 0x45, 0xe0, 0x94, 0xe7,
    0x3c, 0x85, 0xe6, 0x4f, 0xda, 0x9c, 0x53, 0x40, 0xe9, 0x34, 0xcb, 0x3e, 0xc5, 0x66, 0x10, 0xaf,
    0x74, 0xe0, 0xa1, 0x10, 0x8d, 0xa8, 0x44, 0x75, 0x48, 0xd1, 0x8a, 0x4a, 0xf4, 0xa2, 0x11, 0x25,
    0x61, 0x43, 0x17, 0xea, 0xba, 0x8d, 0x8e, 0x00, 0xa3, 0x20, 0xad, 0xa8, 0x48, 0x01, 0x00, 0x52,
    0x8c, 0x6a, 0x54, 0x7e, 0x23, 0x10, 0x0f, 0x43, 0x51, 0x5a, 0xd2, 0x8b, 0x8e, 0xd4, 0xa2, 0x2d,
    0xcd, 0xe8, 0xf8, 0x7a, 0x79, 0x41, 0x12, 0x18, 0x44, 0x28, 0x1e, 0xc8, 0xa9, 0x4e, 0x75, 0x4a,
    0x1f, 0x07, 0xf8, 0x74, 0xa7, 0x39, 0xf5, 0xa9, 0x03, 0x80, 0xba, 0xd3, 0x0f, 0x18, 0x15, 0xa7,
    0x39, 0x95, 0x1e, 0x01, 0x47, 0x50, 0xd3, 0x9b, 0xfa, 0x84, 0xa8, 0x3c, 0x45, 0x8f, 0x50, 0x89,
    0x3a, 0x55, 0xa8, 0x7a, 0xc0, 0xa8, 0x1f, 0x40, 0xaa, 0x07, 0x94, 0xca, 0x23, 0x68, 0xd5, 0x8f,
    0x2d, 0x05, 0xd1, 0x2a, 0x51, 0x7b, 0xfa, 0x53, 0xa0, 0x56, 0x15, 0xaa, 0x58, 0xd5, 0x2a, 0x57,
    0x8d, 0x37, 0x82, 0x02, 0x0d, 0x44, 0x2e, 0xa5, 0x63, 0x80, 0x5c, 0xb1, 0x7a, 0x81, 0xba, 0x2e,
    0xe0, 0xae, 0x03, 0xc8, 0x2b, 0x0f, 0x85, 0x9a, 0xd7, 0x01, 0xdc, 0x75, 0x01, 0x75, 0xbd, 0x00,
    0x56, 0x69, 0x27, 0x94, 0x8a, 0x70, 0xe9, 0xad, 0x60, 0x25, 0x48, 0x5c, 0xe7, 0x6a, 0xd4, 0xc0,
    0xfe, 0xb5, 0xaf, 0x7b, 0xf5, 0x69, 0x5f, 0xff, 0x1a, 0xd8, 0xc1, 0xc2, 0xae, 0xb0, 0x14, 0x39,
    0xac, 0x40, 0xe0, 0x1a, 0x3a, 0xb9, 0x32, 0x80, 0xae, 0x76, 0xc5, 0xab, 0x5e, 0x55, 0xc8, 0xd7,
    0xbc, 0x52, 0xb6, 0xae, 0x96, 0x35, 0x1d, 0x66, 0xd9, 0xba, 0xda, 0x84, 0xfc, 0xed, 0x73, 0x0f,
    0x88, 0x6d, 0x60, 0x37, 0x40, 0xdb, 0xc0, 0x61, 0xea, 0x54, 0xa4, 0x3a, 0xa5, 0xed, 0x06, 0x38,
    0xc0, 0xdb, 0xc0, 0x16, 0x2d, 0x91, 0x07, 0x90, 0x4b, 0x2f, 0x5b, 0x8b, 0x90, 0xd7, 0x7a, 0x2e,
    0xb6, 0x0f, 0x98, 0x6d, 0x6d, 0xeb, 0x7a, 0xdb, 0x8a, 0xe6, 0x96, 0xb6, 0xbc, 0xe5, 0x80, 0x6f,
    0x6b, 0x06, 0x5c, 0xe1, 0x32, 0x73, 0x83, 0x43, 0x59, 0x88, 0x71, 0x03, 0x80, 0x5c, 0xe5, 0x6e,
    0xc0, 0xb6, 0x39, 0xc5, 0x6d, 0x4e, 0x75, 0x1b, 0xdd, 0xe9, 0x22, 0xa0, 0xba, 0x89, 0x55, 0x09,
    0x5c, 0x34, 0xc8, 0xde, 0xfc, 0x11, 0x77, 0x25, 0xeb, 0x6d, 0xaf, 0x7c, 0xff, 0x62, 0x5d, 0x94,
    0xc4, 0x77, 0xbe, 0xf2, 0x7d, 0xaf, 0x44, 0x02, 0x02, 0x00, 0x21, 0xf9, 0x04, 0x09, 0x08, 0x00,
    0x28, 0x00, 0x2c, 0x00, 0x00, 0x00, 0x00, 0x60, 0x00, 0x60, 0x00, 0x85, 0xfa, 0xf9, 0xf7, 0xed,
    0xec, 0xeb, 0xfc, 0xe6, 0xd4, 0xee, 0xda, 0xc9, 0xd8, 0xd7, 0xd6, 0xca, 0xc5, 0xc6, 0xef, 0xc4,
    0xb4, 0xee, 0xd3, 0x42, 0xed, 0xcc, 0x41, 0xff, 0xc8, 0x28, 0xea, 0xb4, 0xa7, 0xd1, 0xab, 0xa5,
    0xc3, 0xb2, 0xa9, 0xcd, 0xb0, 0x41, 0xc0, 0x9f, 0x90, 0xb5, 0xb6, 0xaf, 0xb0, 0xa9, 0xa9, 0xb3,
    0x93, 0x8e, 0x3b, 0x6e, 0x6b, 0x89, 0x57, 0x4f, 0x78, 0x52, 0x27, 0x34, 0x55, 0x54, 0x6e, 0x45,
    0x42, 0x67, 0x40, 0x3e, 0x63, 0x3d, 0x3c, 0xaf, 0x29, 0x32, 0x59, 0x37, 0x38, 0x44, 0x29, 0x2d,
    0x21, 0x38, 0x3b, 0x1f, 0x34, 0x37, 0x9c, 0x23, 0x2e, 0x92, 0x1f, 0x2d, 0x6f, 0x18, 0x26, 0x3b,
    0x24, 0x29, 0x58, 0x14, 0x21, 0x2f, 0x1c, 0x22, 0x19, 0x23, 0x28, 0x24, 0x15, 0x1b, 0x16, 0x14,
    0x1b, 0x02, 0x01, 0x01, 0x00, 0x00, 0x00, 0x00, 0x00, 0x00, 0x00, 0x00, 0x00, 0x00, 0x00, 0x00,
    0x00, 0x00, 0x00, 0x00, 0x00, 0x00, 0x00, 0x00, 0x00, 0x00, 0x00, 0x00, 0x00, 0x00, 0x00, 0x00,
    0x00, 0x00, 0x00, 0x00, 0x00, 0x00, 0x00, 0x00, 0x00, 0x00, 0x00, 0x00, 0x00, 0x00, 0x00, 0x00,
    0x00, 0x00, 0x00, 0x00, 0x00, 0x00, 0x00, 0x00, 0x00, 0x00, 0x00, 0x00, 0x00, 0x00, 0x00, 0x00,
    0x00, 0x00, 0x00, 0x00, 0x00, 0x00, 0x00, 0x00, 0x00, 0x00, 0x00, 0x00, 0x08, 0xff, 0x00, 0x51,
    0x08, 0x1c, 0x48, 0xb0, 0xa0, 0xc1, 0x83, 0x08, 0x13, 0x2a, 0x5c, 0xc8, 0xb0, 0xa1, 0xc3, 0x87,
    0x10, 0x23, 0x4a, 0x9c, 0x48, 0xb1, 0xa2, 0xc5, 0x8b, 0x18, 0x33, 0x6a, 0xdc, 0xc8, 0xb1, 0xa3,
    0xc7, 0x8f, 0x20, 0x43, 0x8a, 0x1c, 0x49, 0xb2, 0xa4, 0xc9, 0x93, 0x28, 0x53, 0xaa, 0x5c, 0xc9,
    0xb2, 0xa5, 0xcb, 0x97, 0x30, 0x63, 0xca, 0x9c, 0x49, 0xb3, 0xa6, 0xcd, 0x9b, 0x38, 0x73, 0xea,
    0xdc, 0x99, 0xf0, 0x84, 0xcf, 0x9f, 0x3f, 0x79, 0x6e, 0x04, 0x4a, 0x54, 0xa8, 0x46, 0xa2, 0x40,
    0x8d, 0x5a, 0xfc, 0xb9, 0xa1, 0xe9, 0xc0, 0xa6, 0x1b, 0x82, 0x2a, 0x8d, 0xc8, 0xd4, 0xa9, 0x40,
    0xa8, 0x52, 0xa7, 0x3e, 0xac, 0xba, 0xe1, 0x69, 0xd3, 0xac, 0x5a, 0x09, 0x9a, 0x18, 0x4b, 0x96,
    0xec, 0xcf, 0xb2, 0x68, 0xc1, 0x86, 0x15, 0x88, 0xb6, 0xec, 0xd9, 0xb6, 0x63, 0xd5, 0xae, 0x85,
    0x1b, 0xd7, 0x27, 0x5d, 0x13, 0x72, 0x73, 0x9a, 0x25, 0x0a, 0xb5, 0xaf, 0xdf, 0xbf, 0x23, 0x02,
    0xbf, 0x35, 0xc1, 0x73, 0x2f, 0xd0, 0xbf, 0x88, 0xfd, 0x06, 0x1e, 0x31, 0xb8, 0x70, 0xdd, 0xc3,
    0x89, 0x23, 0x2f, 0x6e, 0x5c, 0xd3, 0x30, 0x86, 0xcb, 0x98, 0x31, 0x5f, 0xd8, 0xcc, 0x19, 0xf3,
    0xe2, 0x10, 0xa0, 0x39, 0x8b, 0x1e, 0x4d, 0xd9, 0xa5, 0xe5, 0xcc, 0x99, 0x47, 0x5f, 0xf0, 0x1c,
    0x18, 0x74, 0x08, 0xd5, 0xaa, 0x4b, 0xb7, 0x3c, 0x8d, 0xfa, 0xb2, 0x6a, 0xd6, 0x23, 0x5c, 0xc3,
    0x26, 0x6d, 0x77, 0xec, 0xec, 0xb1, 0xb5, 0x35, 0xef, 0x1e, 0x8e, 0x19, 0xaa, 0x70, 0xd1, 0xc7,
    0xc9, 0xaa, 0x24, 0x1b, 0xdc, 0xf6, 0xf0, 0xdd, 0xc5, 0x9b, 0x1e, 0xef, 0xec, 0xfc, 0x82, 0xf2,
    0x94, 0xcc, 0x9b, 0x3f, 0x87, 0x7e, 0xd9, 0x78, 0x75, 0xea, 0x18, 0x38, 0x5f, 0xff, 0x47, 0x99,
    0x3d, 0xf5, 0x66, 0x0b, 0xe8, 0xd3, 0x6f, 0x17, 0xfd, 0x77, 0xf8, 0x84, 0xf7, 0xe3, 0x4f, 0x96,
    0x3f, 0x9e, 0x5e, 0xfd, 0xfa, 0xcd, 0xed, 0x77, 0xbf, 0x9f, 0x10, 0xdf, 0xe4, 0xfc, 0xea, 0xf5,
    0xa1, 0x77, 0x1f, 0x7e, 0x7e, 0xb9, 0x07, 0x9f, 0x6f, 0xfe, 0x01, 0xd7, 0x5d, 0x53, 0x9c, 0xed,
    0xe7, 0xe0, 0x7b, 0x03, 0xb2, 0xc7, 0x20, 0x77, 0x18, 0xec, 0xd7, 0xdf, 0x47, 0xe5, 0x41, 0xd5,
    0xe0, 0x83, 0xfb, 0x45, 0xc8, 0x99, 0x86, 0x14, 0x5a, 0x88, 0xa0, 0x48, 0x19, 0x4e, 0x78, 0x01,
    0x87, 0x1d, 0x7a, 0x78, 0x01, 0x88, 0xb0, 0x61, 0x26, 0x22, 0x61, 0x20, 0x95, 0xa7, 0xc1, 0x8c,
    0x2c, 0x72, 0x78, 0x9c, 0x8d, 0xdf, 0x11, 0xb8, 0x41, 0x8a, 0xc8, 0x5d, 0xc6, 0xe1, 0x85, 0x18,
    0xc9, 0x48, 0xa3, 0x89, 0x38, 0x86, 0xb7, 0x59, 0x91, 0xaa, 0x41, 0xc5, 0x23, 0x78, 0x3f, 0x8e,
    0xb8, 0x91, 0x90, 0x1a, 0xd4, 0xf8, 0xe0, 0x8d, 0x53, 0xe6, 0xb8, 0x62, 0x53, 0x4b, 0x6e, 0xe6,
    0xe2, 0x83, 0x40, 0x5e, 0x54, 0xe2, 0x06, 0xb5, 0xed, 0x37, 0x63, 0x94, 0x44, 0xa2, 0x38, 0x41,
    0x92, 0x58, 0x56, 0x89, 0xc1, 0x98, 0x5b, 0xf2, 0xe7, 0xa4, 0x46, 0x5f, 0x86, 0xf9, 0xde, 0x98,
    0x52, 0xa2, 0x88, 0xe6, 0x8e, 0x6a, 0xb2, 0xe9, 0xe3, 0x81, 0x30, 0x72, 0x14, 0x27, 0x6a, 0x62,
    0x0e, 0xb9, 0xc1, 0x86, 0x76, 0x8e, 0xa6, 0x64, 0x9e, 0x33, 0xb6, 0xd9, 0xe5, 0x44, 0x64, 0x8d,
    0x39, 0xe6, 0x62, 0x7a, 0x62, 0x10, 0x19, 0xa1, 0x1c, 0xaa, 0xe6, 0x9a, 0x99, 0x13, 0x44, 0x8a,
    0xd9, 0x98, 0x8b, 0x3e, 0xd4, 0xa8, 0xa3, 0x1a, 0x40, 0x9a, 0xe8, 0x82, 0x88, 0x51, 0xfa, 0xa0,
    0xa5, 0xa0, 0x61, 0xaa, 0xe9, 0x65, 0x9c, 0xbe, 0xc9, 0xe8, 0x58, 0xa0, 0x86, 0xff, 0x1a, 0x58,
    0xa4, 0x93, 0x1e, 0x69, 0x26, 0xaa, 0x21, 0xa8, 0x3a, 0x6a, 0x66, 0xad, 0xf6, 0x59, 0xd1, 0xa7,
    0x8e, 0x2e, 0xd6, 0xc0, 0xb0, 0x07, 0x14, 0x5b, 0xab, 0x84, 0x1b, 0xd8, 0x27, 0x9a, 0x6b, 0x63,
    0xf2, 0xf8, 0x57, 0x6d, 0x9d, 0x3a, 0x04, 0xec, 0xa3, 0x81, 0x0d, 0xdb, 0x40, 0xb1, 0x07, 0x1c,
    0xfb, 0x61, 0x53, 0xca, 0x72, 0xc6, 0xec, 0x8c, 0xce, 0xfa, 0x05, 0xad, 0xab, 0x12, 0x4d, 0x3b,
    0xa3, 0xb0, 0xc4, 0x1a, 0x9b, 0xd8, 0x9d, 0xdd, 0x6e, 0xf6, 0xad, 0x06, 0xe1, 0xf6, 0x35, 0xae,
    0xaf, 0x11, 0x99, 0xeb, 0x68, 0x64, 0x08, 0xe4, 0x4b, 0xc1, 0xbe, 0xb4, 0x16, 0x38, 0xda, 0x98,
    0xae, 0x79, 0x67, 0xe4, 0x95, 0xf2, 0xa2, 0x06, 0x55, 0xb4, 0x07, 0xd9, 0x4b, 0x67, 0x62, 0xf9,
    0x22, 0xb0, 0x2f, 0x05, 0xfd, 0xf6, 0xa5, 0x1a, 0xc0, 0xa0, 0x09, 0xbc, 0x6d, 0xc1, 0x99, 0x1d,
    0x4c, 0xee, 0x42, 0x0a, 0x0b, 0xfa, 0x57, 0xc3, 0x0f, 0x47, 0xcc, 0x22, 0x67, 0x14, 0x87, 0x60,
    0xb1, 0x8e, 0x02, 0x47, 0xb7, 0x01, 0xc2, 0x06, 0xd9, 0xab, 0x72, 0x64, 0x7f, 0x2d, 0x2c, 0xb1,
    0x96, 0xa4, 0x2a, 0x60, 0x33, 0x54, 0x63, 0x5e, 0x9c, 0x32, 0xa9, 0x2c, 0x17, 0xe4, 0x32, 0xa9,
    0x30, 0xfb, 0x25, 0x33, 0x8b, 0x2a, 0xdb, 0xac, 0x00, 0xce, 0x33, 0xea, 0x2c, 0x9d, 0xc1, 0x4d,
    0xf5, 0x2c, 0x16, 0xac, 0xa0, 0xbe, 0x1c, 0x34, 0xd2, 0x64, 0xce, 0xbc, 0x5a, 0xcd, 0x37, 0x37,
    0x95, 0x33, 0xca, 0x4b, 0x67, 0xdc, 0xf4, 0xc6, 0x0a, 0x95, 0xe7, 0x9a, 0xd4, 0x88, 0x8d, 0x99,
    0x9e, 0xd1, 0xcf, 0xb2, 0x2a, 0xa8, 0x01, 0x6c, 0x47, 0xe0, 0x36, 0x54, 0xe9, 0xa5, 0x2d, 0xa9,
    0x5f, 0x4e, 0x0f, 0x24, 0x36, 0x68, 0x64, 0xc7, 0x3c, 0xe3, 0xd9, 0x59, 0x63, 0xff, 0x2c, 0x33,
    0xdb, 0x06, 0xb8, 0x1d, 0x01, 0xdc, 0xe8, 0xc9, 0xfd, 0x57, 0xdd, 0x6c, 0x29, 0x88, 0xc1, 0xd8,
    0x40, 0x27, 0x66, 0x36, 0x7a, 0x68, 0x8b, 0xab, 0x76, 0xd5, 0x80, 0x0b, 0x4e, 0xb8, 0x05, 0x86,
    0xd3, 0x0d, 0x76, 0x42, 0x77, 0x87, 0x90, 0xf7, 0x57, 0x48, 0xf9, 0x04, 0xb8, 0xde, 0x55, 0x63,
    0x15, 0xfa, 0x09, 0x91, 0x91, 0x8d, 0x38, 0x0a, 0x9d, 0x7f, 0x1e, 0xd5, 0xe9, 0xa3, 0x0b, 0xed,
    0x31, 0xe8, 0xa1, 0xa7, 0xde, 0xf8, 0xca, 0x9b, 0x23, 0xd4, 0xfa, 0xed, 0xa6, 0x87, 0x1e, 0x7b,
    0x5f, 0x43, 0xd3, 0x8e, 0x94, 0xed, 0x73, 0xf7, 0xb5, 0xba, 0x61, 0x02, 0xbb, 0x56, 0xc2, 0xf2,
    0x3f, 0x31, 0xe0, 0x3c, 0x09, 0xd0, 0x47, 0x0f, 0xc0, 0xf4, 0x53, 0x4f, 0x6f, 0x3d, 0x00, 0xd1,
    0x3b, 0xcf, 0xc0, 0x4f, 0xcb, 0x97, 0x20, 0xf0, 0xe1, 0xb9, 0x27, 0xfc, 0x58, 0xf2, 0xa0, 0x75,
    0xdf, 0xfc, 0xf3, 0xd1, 0x43, 0x6f, 0x7d, 0xf5, 0xd7, 0x63, 0x0f, 0xbd, 0xf6, 0xdc, 0x2f, 0xff,
    0xbd, 0xe6, 0xf4, 0x36, 0x84, 0x7c, 0xd7, 0xca, 0x33, 0xef, 0x93, 0xf6, 0xe9, 0xab, 0x4f, 0x7d,
    0xd0, 0xed, 0x73, 0x1f, 0x09, 0xe0, 0xe7, 0x93, 0xee, 0xcd, 0xcf, 0x78, 0xe1, 0x6b, 0xd9, 0xf8,
    0xb4, 0x26, 0xa8, 0x9f, 0x2c, 0xe0, 0x81, 0x01, 0x88, 0x20, 0x07, 0x26, 0x48, 0x41, 0x0a, 0x72,
    0xc5, 0x68, 0x3f, 0xa1, 0x60, 0x07, 0x36, 0x48, 0xc1, 0x02, 0x78, 0xf0, 0x81, 0x0b, 0xe0, 0x8a,
    0xea, 0x46, 0x94, 0x80, 0x12, 0x32, 0xe4, 0x7e, 0x1b, 0x90, 0x99, 0x03, 0x21, 0x28, 0xc1, 0x0a,
    0x56, 0xf0, 0x82, 0x36, 0xcb, 0xe0, 0x04, 0x37, 0xd8, 0x81, 0x0e, 0x7e, 0xf0, 0x81, 0x22, 0xbc,
    0xdd, 0x78, 0x4a, 0x98, 0x80, 0x13, 0x2e, 0x30, 0x85, 0x0d, 0xf4, 0x09, 0x08, 0xff, 0x23, 0x18,
    0x00, 0x17, 0xbe, 0xd0, 0x27, 0x50, 0xc1, 0xa0, 0x4f, 0x34, 0xc8, 0xc1, 0x09, 0x7a, 0xb0, 0x00,
    0x20, 0xcc, 0x61, 0xf1, 0x34, 0xd6, 0x27, 0x1e, 0x7a, 0x0a, 0x6a, 0x94, 0x63, 0xdb, 0x4f, 0x1e,
    0xc0, 0x45, 0xeb, 0x55, 0xe0, 0x8b, 0x12, 0x08, 0xe3, 0x17, 0x2b, 0x70, 0x3a, 0xa0, 0x8c, 0x31,
    0x8c, 0x12, 0x18, 0xa3, 0xf5, 0xb8, 0xf8, 0x80, 0x9f, 0xc4, 0x0a, 0x7c, 0x26, 0xb0, 0x62, 0xbd,
    0xb0, 0x08, 0x15, 0xc0, 0x6d, 0xb1, 0x8b, 0xd3, 0x3b, 0xa3, 0x18, 0xbf, 0x58, 0xc6, 0x9f, 0xe8,
    0x31, 0x8d, 0x5f, 0x5c, 0x23, 0x17, 0xdd, 0x08, 0x2a, 0x38, 0xca, 0x11, 0x22, 0xc0, 0xaa, 0xa3,
    0x16, 0x7d, 0xc2, 0x46, 0x2f, 0x82, 0x71, 0x8f, 0x64, 0xec, 0xe3, 0x09, 0xfe, 0xa8, 0xc6, 0xe9,
    0xb1, 0x91, 0x90, 0xf7, 0xa2, 0xdf, 0x21, 0x7d, 0x68, 0x82, 0xfd, 0xe0, 0x46, 0x00, 0xa0, 0xb4,
    0xa3, 0x4f, 0xac, 0x07, 0x38, 0xc0, 0xb1, 0x71, 0x00, 0xa8, 0x04, 0xa5, 0x2a, 0x05, 0x80, 0xca,
    0x01, 0xb0, 0xb1, 0x94, 0x6c, 0xb3, 0x1e, 0x57, 0x82, 0x87, 0xbb, 0x38, 0x9a, 0x70, 0x8e, 0x9d,
    0x7c, 0xcf, 0x27, 0x43, 0xb9, 0xc8, 0x13, 0x90, 0x12, 0x96, 0xa7, 0x4c, 0xe5, 0x2a, 0x59, 0x89,
    0xca, 0x57, 0xc2, 0x52, 0x96, 0x48, 0x64, 0x60, 0xe9, 0xbe, 0x66, 0xcb, 0x1e, 0xe2, 0xd2, 0x93,
    0x97, 0x59, 0x8c, 0x2a, 0x45, 0xe9, 0xcb, 0xe9, 0xc1, 0xd2, 0x00, 0xc1, 0x1c, 0xc0, 0x30, 0x89,
    0xe9, 0x4a, 0x2e, 0x5e, 0x13, 0x99, 0xa8, 0x53, 0xa6, 0x21, 0x6f, 0xf9, 0x2a, 0x13, 0x50, 0x6b,
    0x31, 0xe8, 0x5c, 0x4c, 0x2b, 0x91, 0x42, 0x96, 0x6d, 0x6e, 0xb3, 0x8c, 0xad, 0x5c, 0xcc, 0xd4,
    0x36, 0x49, 0x11, 0x60, 0xa5, 0xf3, 0x9e, 0x23, 0x58, 0x27, 0x51, 0xda, 0xe9, 0xff, 0xce, 0x55,
    0xc2, 0x13, 0x95, 0xf2, 0x0c, 0x1a, 0x3d, 0xcb, 0x79, 0x4e, 0x7c, 0x06, 0x46, 0x9f, 0x40, 0xe1,
    0x67, 0x3f, 0x41, 0xf9, 0xcf, 0x01, 0x04, 0x14, 0x66, 0x03, 0xbd, 0xa2, 0x09, 0xe2, 0x26, 0xce,
    0xa6, 0xdc, 0x73, 0x4c, 0xad, 0x5c, 0xa8, 0x46, 0xfb, 0x49, 0xcb, 0xcf, 0x80, 0x66, 0x75, 0x0a,
    0x9c, 0x68, 0xe1, 0x2a, 0xba, 0x81, 0x8b, 0xce, 0x28, 0xa3, 0x1b, 0x4d, 0xa9, 0x2a, 0x3b, 0xda,
    0x9a, 0x8f, 0x26, 0x90, 0x63, 0x63, 0xa1, 0x28, 0x10, 0xab, 0x66, 0x52, 0x0d, 0xa0, 0x54, 0xa5,
    0x29, 0x65, 0x69, 0x6e, 0x5c, 0x5a, 0xbf, 0x72, 0xc5, 0x14, 0x3d, 0x64, 0x43, 0x0a, 0x08, 0x86,
    0x4a, 0x54, 0xa2, 0xee, 0x07, 0x02, 0x48, 0x2d, 0xea, 0x50, 0xad, 0xa7, 0xd4, 0xa2, 0x8a, 0xe0,
    0xa9, 0x42, 0x1d, 0x6a, 0xf7, 0x9e, 0xf4, 0x53, 0x0b, 0x04, 0x95, 0x28, 0x4d, 0x35, 0xea, 0x7b,
    0x90, 0x0a, 0x81, 0xa6, 0x32, 0x35, 0xab, 0x20, 0x78, 0xaa, 0x08, 0xa2, 0x0a, 0x82, 0xa9, 0xc2,
    0xa9, 0xaa, 0x57, 0x05, 0x0a, 0x58, 0x41, 0x70, 0xd4, 0xa4, 0x2a, 0xf5, 0xab, 0x59, 0x15, 0x2b,
    0x59, 0xcd, 0xea, 0x27, 0x3a, 0xd2, 0x6e, 0x9b, 0xda, 0x13, 0x6b, 0x06, 0xf6, 0xfa, 0x44, 0x02,
    0xf8, 0x95, 0x8d, 0x5c, 0xf5, 0x2b, 0x01, 0x9e, 0xb8, 0xd7, 0x0c, 0x88, 0x75, 0xa1, 0x48, 0xf1,
    0x48, 0x22, 0xef, 0x3a, 0xcc, 0xbc, 0x3e, 0xb5, 0xb0, 0x7d, 0xfd, 0x2b, 0x17, 0x03, 0xeb, 0x57,
    0xc2, 0xee, 0xf5, 0xb0, 0xfd, 0x4c, 0x6c, 0x47, 0x16, 0xfb, 0xba, 0x13, 0xe0, 0xd5, 0x79, 0x7a,
    0xe5, 0xab, 0x07, 0x05, 0x0b, 0x58, 0xa4, 0x0a, 0xd6, 0xb2, 0x86, 0x7d, 0x2a, 0x62, 0x8b, 0x72,
    0x56, 0x13, 0xa8, 0x6c, 0x20, 0x3f, 0x01, 0x9c, 0x2a, 0x1d, 0x40, 0xdb, 0xc2, 0x76, 0x7a, 0xe0,
    0xb6, 0x85, 0x25, 0x6a, 0x00, 0x89, 0x7a, 0x5b, 0x0f, 0x7c, 0xe0, 0xb7, 0x85, 0x35, 0xda, 0x34,
    0x7b, 0xa9, 0x58, 0xc5, 0x41, 0x05, 0xb6, 0xa2, 0x63, 0xdb, 0x6c, 0x6b, 0xbb, 0xd7, 0xde, 0xe6,
    0x76, 0xa9, 0xed, 0xe3, 0xed, 0x6d, 0x7f, 0xfb, 0x81, 0xe0, 0xda, 0x6c, 0xb8, 0x06, 0xc8, 0x8b,
    0x97, 0x8c, 0x6b, 0x15, 0x14, 0xc4, 0x56, 0xb9, 0xa0, 0xa4, 0xad, 0x03, 0x6c, 0x8b, 0xdb, 0xbd,
    0xea, 0x36, 0xba, 0x43, 0xed, 0x2d, 0x75, 0xad, 0xab, 0x00, 0xec, 0x6a, 0xd7, 0x22, 0x86, 0x91,
    0x0b, 0x3b, 0xef, 0x42, 0xdf, 0xfa, 0xa6, 0x85, 0xb5, 0x18, 0x7a, 0x8c, 0x7c, 0xf7, 0x69, 0xdf,
    0xfe, 0xd2, 0x57, 0xb3, 0xf9, 0xc5, 0x0b, 0x7e, 0x91, 0x9b, 0x50, 0xff, 0x1a, 0xb8, 0x2d, 0x00,
    0xae, 0x48, 0x40, 0x00, 0x00, 0x3b
};
const size_t give_info_gif_size = 22070;
