#pragma once
#include <Arduino.h>

const uint8_t speak_gif[] PROGMEM = {
    0x47, 0x49, 0x46, 0x38, 0x39, 0x61, 0x60, 0x00, 0x60, 0x00, 0x86, 0x00, 0x00, 0xff, 0xfd, 0xf3,
    0xfb, 0xf4, 0xe9, 0xff, 0xeb, 0xd5, 0xf4, 0xec, 0xe2, 0xff, 0xe7, 0xd1, 0xff, 0xe5, 0xcf, 0xfe,
    0xe4, 0xce, 0xf9, 0xe1, 0xce, 0xee, 0xe0, 0xd3, 0xf2, 0xd9, 0xc5, 0xf4, 0xca, 0xb7, 0xec, 0xd4,
    0xc1, 0xe7, 0xb9, 0xa9, 0xc4, 0xbb, 0xb8, 0xd5, 0xb4, 0x7e, 0xd1, 0xae, 0x96, 0x95, 0x68, 0x5b,
    0x93, 0x67, 0x5a, 0x91, 0x65, 0x59, 0x8f, 0x63, 0x57, 0x58, 0x86, 0x7c, 0x44, 0x61, 0x5e, 0x23,
    0x57, 0x57, 0x7f, 0x4f, 0x47, 0x77, 0x50, 0x47, 0x76, 0x4f, 0x46, 0x75, 0x4f, 0x46, 0x74, 0x4e,
    0x45, 0x71, 0x4d, 0x44, 0x6a, 0x48, 0x41, 0x63, 0x41, 0x3e, 0x62, 0x41, 0x3e, 0x77, 0x40, 0x41,
    0x61, 0x40, 0x3d, 0x61, 0x40, 0x3c, 0x61, 0x3f, 0x3c, 0x60, 0x40, 0x3d, 0x60, 0x3f, 0x3c, 0x60,
    0x3e, 0x3b, 0x5f, 0x3f, 0x3d, 0x5f, 0x3e, 0x3b, 0x5e, 0x3e, 0x3c, 0x5e, 0x3e, 0x3b, 0x5e, 0x3d,
    0x3c, 0x5d, 0x3d, 0x3b, 0x5c, 0x3d, 0x3b, 0xaf, 0x36, 0x44, 0xaf, 0x30, 0x40, 0x9e, 0x36, 0x44,
    0x7c, 0x30, 0x3e, 0x76, 0x25, 0x35, 0x5c, 0x3c, 0x3a, 0x5b, 0x3c, 0x3a, 0x5b, 0x3c, 0x39, 0x5b,
    0x3b, 0x39, 0x59, 0x3c, 0x3b, 0x58, 0x35, 0x38, 0x6f, 0x1f, 0x30, 0x4e, 0x37, 0x37, 0x4a, 0x32,
    0x34, 0x49, 0x30, 0x34, 0x47, 0x30, 0x33, 0x48, 0x2f, 0x33, 0x47, 0x2f, 0x33, 0x47, 0x2f, 0x32,
    0x46, 0x2f, 0x33, 0x46, 0x2e, 0x33, 0x46, 0x2e, 0x32, 0x45, 0x2e, 0x33, 0x45, 0x2e, 0x32, 0x44,
    0x2e, 0x32, 0x45, 0x2d, 0x32, 0x44, 0x2d, 0x32, 0x44, 0x2d, 0x31, 0x44, 0x2c, 0x31, 0x42, 0x2e,
    0x31, 0x43, 0x2c, 0x31, 0x42, 0x2c, 0x31, 0x42, 0x2c, 0x30, 0x41, 0x2c, 0x31, 0x41, 0x2b, 0x30,
    0x3a, 0x2c, 0x31, 0x34, 0x25, 0x2c, 0x2e, 0x27, 0x2d, 0x2e, 0x24, 0x2b, 0x2f, 0x23, 0x2b, 0x2d,
    0x20, 0x29, 0x27, 0x23, 0x28, 0x27, 0x20, 0x26, 0x25, 0x20, 0x26, 0x23, 0x20, 0x25, 0x1f, 0x1b,
    0x21, 0x1d, 0x19, 0x1f, 0x1d, 0x19, 0x1e, 0x1c, 0x18, 0x1e, 0x1c, 0x18, 0x1d, 0x1b, 0x18, 0x1e,
    0x1b, 0x17, 0x1e, 0x19, 0x17, 0x1e, 0x1a, 0x16, 0x1d, 0x18, 0x16, 0x1d, 0x18, 0x15, 0x1c, 0x17,
    0x15, 0x1c, 0x17, 0x15, 0x1b, 0x17, 0x14, 0x1b, 0x16, 0x15, 0x1c, 0x16, 0x14, 0x1c, 0x16, 0x15,
    0x1b, 0x15, 0x14, 0x1b, 0x16, 0x14, 0x1a, 0x14, 0x12, 0x19, 0x13, 0x11, 0x18, 0x10, 0x0f, 0x18,
    0x0c, 0x0c, 0x13, 0x00, 0x00, 0x00, 0x00, 0x00, 0x00, 0x00, 0x00, 0x00, 0x00, 0x00, 0x00, 0x00,
    0x00, 0x00, 0x00, 0x00, 0x00, 0x00, 0x00, 0x00, 0x00, 0x00, 0x00, 0x00, 0x00, 0x00, 0x00, 0x00,
    0x00, 0x00, 0x00, 0x00, 0x00, 0x00, 0x00, 0x00, 0x00, 0x00, 0x00, 0x00, 0x00, 0x21, 0xff, 0x0b,
    0x4e, 0x45, 0x54, 0x53, 0x43, 0x41, 0x50, 0x45, 0x32, 0x2e, 0x30, 0x03, 0x01, 0x00, 0x00, 0x00,
    0x21, 0xf9, 0x04, 0x09, 0x10, 0x00, 0x72, 0x00, 0x2c, 0x00, 0x00, 0x00, 0x00, 0x60, 0x00, 0x60,
    0x00, 0x00, 0x08, 0xff, 0x00, 0xe5, 0x08, 0x1c, 0x48, 0xb0, 0xa0, 0xc1, 0x83, 0x08, 0x13, 0x2a,
    0x5c, 0xc8, 0xb0, 0xa1, 0xc3, 0x87, 0x10, 0x23, 0x4a, 0x9c, 0x48, 0xb1, 0xa2, 0xc5, 0x8b, 0x18,
    0x33, 0x6a, 0xdc, 0xc8, 0xb1, 0xa3, 0xc7, 0x8f, 0x20, 0x43, 0x8a, 0x1c, 0x49, 0xb2, 0xa4, 0xc9,
    0x93, 0x28, 0x53, 0xaa, 0x5c, 0xc9, 0xb2, 0xa5, 0xcb, 0x97, 0x30, 0x63, 0xca, 0x9c, 0x49, 0xb3,
    0xa6, 0xcd, 0x9b, 0x38, 0x73, 0xea, 0xdc, 0x99, 0xf0, 0x8c, 0xcf, 0x35, 0x40, 0x7d, 0x9e, 0xe1,
    0xb9, 0x11, 0x8d, 0x19, 0x33, 0x64, 0x92, 0x1e, 0x45, 0x43, 0x54, 0xe3, 0x98, 0xa7, 0x67, 0xd6,
    0x9c, 0x79, 0x3a, 0xa6, 0xa9, 0x45, 0x9f, 0x63, 0xa0, 0x24, 0x81, 0x32, 0x50, 0x2b, 0x94, 0x31,
    0x3e, 0xad, 0x4a, 0x34, 0x1a, 0x26, 0x09, 0x8f, 0x22, 0x03, 0x8b, 0xf0, 0x48, 0x12, 0xc6, 0x0c,
    0x53, 0xb1, 0x10, 0xcf, 0x98, 0xc9, 0x2a, 0x04, 0xc9, 0x40, 0x24, 0x42, 0xbe, 0x9a, 0x19, 0x0a,
    0xf7, 0xe1, 0x1a, 0x32, 0x7c, 0x0f, 0xfe, 0x5d, 0xd3, 0xf7, 0x21, 0x1b, 0x32, 0x6c, 0x12, 0x0e,
    0x2e, 0xec, 0x50, 0x4c, 0x18, 0x31, 0x8a, 0xc9, 0x10, 0x6e, 0x2a, 0xb4, 0x72, 0x9b, 0x2e, 0x1c,
    0x30, 0x64, 0xd8, 0xac, 0x41, 0x84, 0x09, 0x16, 0x5b, 0x93, 0xb0, 0x30, 0x21, 0x42, 0x03, 0x06,
    0x0e, 0x52, 0xaa, 0x54, 0x19, 0x73, 0x54, 0x28, 0xcf, 0x35, 0x69, 0x62, 0xcb, 0x66, 0xc3, 0x65,
    0x03, 0x86, 0xdb, 0xb7, 0x3d, 0x84, 0x28, 0x71, 0x96, 0x47, 0x89, 0x10, 0x1e, 0x6e, 0x6b, 0x48,
    0x5d, 0xa5, 0x0c, 0xd0, 0xd8, 0x93, 0x75, 0x86, 0xf1, 0xc2, 0xbc, 0xf9, 0x98, 0x2d, 0x99, 0x35,
    0x48, 0xdf, 0xb0, 0x5b, 0xc5, 0x90, 0x26, 0x45, 0x5a, 0xa8, 0x38, 0x61, 0x1b, 0xb5, 0x14, 0x29,
    0x5c, 0x9a, 0x7b, 0xff, 0x09, 0x63, 0xd3, 0xf2, 0x17, 0x1c, 0x2d, 0x68, 0xa8, 0x5f, 0xdf, 0x22,
    0x84, 0xfb, 0xf7, 0x25, 0x46, 0xb0, 0x48, 0x2d, 0x45, 0xc8, 0x0f, 0x1e, 0x27, 0xdc, 0xb3, 0xd8,
    0x3f, 0x83, 0x3d, 0x8e, 0x2f, 0x6d, 0x54, 0x06, 0x13, 0x6c, 0xb1, 0xb1, 0x01, 0x46, 0x0b, 0x1f,
    0xbc, 0xf7, 0x9e, 0x08, 0x25, 0x34, 0xe8, 0x60, 0x7c, 0xf3, 0xa9, 0xc6, 0x04, 0x5e, 0x2a, 0x34,
    0x38, 0xc2, 0x85, 0x0a, 0x7e, 0xd0, 0x02, 0x18, 0x6c, 0xc8, 0x96, 0x5c, 0x4b, 0xcb, 0x31, 0x17,
    0xc6, 0x16, 0x34, 0xec, 0xf6, 0xe0, 0x89, 0x0f, 0xca, 0xf7, 0x5d, 0x7d, 0xf7, 0xb1, 0xa0, 0x42,
    0x85, 0x28, 0x86, 0x40, 0xc3, 0x16, 0x21, 0x8e, 0xd7, 0x52, 0x54, 0xe7, 0xa5, 0xa7, 0x5e, 0x0b,
    0x28, 0xf6, 0x78, 0xe2, 0x7e, 0x2e, 0xaa, 0xc0, 0x02, 0x0f, 0x42, 0xf0, 0x00, 0x23, 0x8a, 0x3a,
    0xd2, 0xd0, 0xc2, 0x0d, 0x5f, 0x48, 0xa5, 0x12, 0x6c, 0x07, 0x26, 0x08, 0x9f, 0x8f, 0x54, 0x5e,
    0x38, 0x42, 0x83, 0x2a, 0xfc, 0x80, 0xc4, 0x0f, 0x47, 0x9e, 0xf8, 0xde, 0x08, 0x21, 0xcc, 0x00,
    0x46, 0x1a, 0x1f, 0x9a, 0x14, 0x06, 0x18, 0x24, 0x9a, 0x48, 0xe5, 0x9a, 0x28, 0x66, 0xb9, 0xa5,
    0x76, 0x5d, 0x9e, 0x28, 0x82, 0x86, 0x5b, 0x80, 0x41, 0x5e, 0x4a, 0x35, 0xb0, 0xc0, 0x23, 0x9b,
    0x7c, 0x9e, 0x98, 0x65, 0x11, 0x45, 0xfc, 0x70, 0x5f, 0x9c, 0x0d, 0x86, 0xb0, 0x41, 0x06, 0x1b,
    0xe8, 0x59, 0x83, 0x4a, 0x22, 0xe8, 0x76, 0xe5, 0x83, 0x28, 0x44, 0x2a, 0x69, 0x9f, 0x0f, 0xfe,
    0x09, 0x68, 0xa0, 0x84, 0xfe, 0x96, 0x81, 0x66, 0x22, 0x84, 0x60, 0x82, 0x4a, 0x28, 0x54, 0xf7,
    0xa2, 0x83, 0x1e, 0x94, 0x6a, 0xea, 0x94, 0x7c, 0xaa, 0xc0, 0x83, 0xa0, 0x80, 0x72, 0xd9, 0xa3,
    0xa1, 0x88, 0x7e, 0xff, 0xf0, 0xc1, 0x08, 0x27, 0xa1, 0xe0, 0x19, 0x96, 0x44, 0xf2, 0x80, 0x42,
    0x09, 0x1e, 0x4c, 0x20, 0xc1, 0xaf, 0x12, 0x4c, 0x80, 0x81, 0x06, 0xd4, 0x51, 0xfa, 0x62, 0x0b,
    0x5a, 0xba, 0xfa, 0x6a, 0x08, 0x1f, 0x1c, 0x6a, 0x9a, 0x66, 0x24, 0xa1, 0xa0, 0x1b, 0x96, 0xc9,
    0xee, 0xea, 0x81, 0x04, 0x10, 0x64, 0x0b, 0x41, 0x04, 0xb8, 0x99, 0x28, 0xe9, 0xa4, 0x3d, 0xba,
    0xa9, 0xac, 0x8f, 0x21, 0x6c, 0x8a, 0x5b, 0x06, 0x24, 0x99, 0xa0, 0xa6, 0xb8, 0xd6, 0x4e, 0x10,
    0x81, 0x04, 0x11, 0xbc, 0x3b, 0x6c, 0xb1, 0xbc, 0x9a, 0x5a, 0xaa, 0x8f, 0xe2, 0xe6, 0xa7, 0xa6,
    0x97, 0xe6, 0xe2, 0x16, 0x12, 0x8e, 0x25, 0x3a, 0x28, 0x6e, 0x85, 0x21, 0xe0, 0x86, 0xad, 0x04,
    0x1e, 0xfc, 0x56, 0x82, 0xb4, 0xbe, 0x02, 0x3b, 0x81, 0x07, 0xbb, 0xfa, 0xf9, 0x43, 0x12, 0x3e,
    0xd8, 0x46, 0x2f, 0xbf, 0xb8, 0x9d, 0xd6, 0x85, 0x93, 0x1d, 0xa1, 0x91, 0x86, 0x17, 0x01, 0x53,
    0xbb, 0x25, 0xc1, 0xe6, 0x46, 0x00, 0x01, 0xc2, 0x11, 0x4b, 0x8b, 0xad, 0xb6, 0x12, 0x7c, 0xa0,
    0x42, 0xc4, 0x02, 0x4f, 0x5c, 0xf1, 0xb0, 0xfb, 0x3a, 0x58, 0x6e, 0xc6, 0x1c, 0x70, 0xa1, 0xc6,
    0x5b, 0x1c, 0x9d, 0xf1, 0x71, 0xc0, 0x2f, 0x0e, 0x59, 0x24, 0xc9, 0xb7, 0xf9, 0x3a, 0x41, 0x08,
    0x2c, 0xec, 0xaa, 0xf2, 0xb6, 0x26, 0x23, 0xfc, 0x41, 0xc2, 0x95, 0xca, 0x6c, 0xae, 0x6e, 0x35,
    0xc3, 0x6a, 0x6e, 0xce, 0x6a, 0x04, 0xb6, 0x91, 0xcf, 0x20, 0x87, 0xa0, 0xaa, 0x10, 0x3e, 0x04,
    0x59, 0xa8, 0x69, 0x1b, 0xec, 0xc0, 0xc3, 0x0e, 0x82, 0xea, 0xca, 0x2b, 0xb6, 0xf1, 0xc6, 0xfb,
    0xeb, 0xc3, 0x30, 0x67, 0x99, 0xc4, 0x0e, 0xee, 0x4a, 0xa0, 0xd9, 0xc5, 0x85, 0x32, 0x6b, 0x1a,
    0xd6, 0x5a, 0x6b, 0xff, 0xd4, 0x06, 0x1b, 0x61, 0x94, 0x38, 0xf0, 0x83, 0x37, 0x6b, 0x00, 0x04,
    0x13, 0x49, 0x18, 0x11, 0xa8, 0xb5, 0x6c, 0xb7, 0x9d, 0x2d, 0xca, 0x31, 0xcf, 0x3d, 0xc1, 0xc9,
    0xb7, 0x65, 0x50, 0xf3, 0xd8, 0xa7, 0x79, 0xc1, 0x46, 0x1b, 0x1e, 0x81, 0x81, 0xa6, 0xe0, 0x42,
    0x30, 0x21, 0x44, 0x97, 0x21, 0x70, 0xa0, 0x01, 0x07, 0x3e, 0x20, 0x71, 0xe9, 0x0f, 0x8c, 0x33,
    0xed, 0x76, 0x04, 0x70, 0x47, 0x4e, 0x37, 0xe5, 0xb9, 0xb9, 0xe7, 0x65, 0x77, 0x34, 0x82, 0xb1,
    0xf5, 0x1a, 0x60, 0xa0, 0xc7, 0xa3, 0x8a, 0x55, 0x48, 0xa1, 0x82, 0x08, 0xc4, 0x8b, 0x80, 0x82,
    0xd9, 0x67, 0x5d, 0xba, 0xf8, 0xda, 0xae, 0xdb, 0x7d, 0xdb, 0xbe, 0x72, 0xcf, 0xfe, 0xee, 0xaf,
    0xf3, 0x56, 0xed, 0x5e, 0x0b, 0x2d, 0xe0, 0x00, 0x06, 0xc7, 0x16, 0x79, 0xec, 0x05, 0x82, 0xbb,
    0x01, 0x2f, 0x05, 0x0d, 0x2b, 0x94, 0xbf, 0xc2, 0x0c, 0x4a, 0x40, 0x81, 0x9d, 0xf2, 0xac, 0x33,
    0xaf, 0x2d, 0xb7, 0x9a, 0x41, 0x3f, 0xf1, 0x0e, 0x2b, 0x67, 0x0b, 0x3f, 0x06, 0x97, 0x37, 0x38,
    0x67, 0x0b, 0x5e, 0xa4, 0xc1, 0x73, 0x45, 0x5c, 0x0b, 0x99, 0xf8, 0x3c, 0xd0, 0x81, 0x02, 0x16,
    0x50, 0x07, 0x08, 0x0c, 0x02, 0xfb, 0xda, 0xf5, 0xb6, 0x09, 0x08, 0x0b, 0x51, 0xf2, 0x93, 0x5c,
    0xb0, 0xde, 0x36, 0xaf, 0x13, 0xbc, 0xe8, 0x82, 0x84, 0xa3, 0x41, 0xff, 0xfa, 0x36, 0x91, 0x00,
    0x9a, 0x48, 0x45, 0x56, 0x88, 0x82, 0x03, 0x46, 0x48, 0x42, 0x12, 0xea, 0xa0, 0x09, 0x0a, 0xc4,
    0x54, 0x83, 0x4a, 0x15, 0x02, 0xb3, 0xed, 0xe0, 0x37, 0x35, 0xb3, 0xd4, 0x0e, 0x66, 0x08, 0x1c,
    0xaa, 0xf1, 0x46, 0x50, 0x69, 0x3b, 0x92, 0x8c, 0x36, 0x88, 0x91, 0xbf, 0x05, 0xee, 0x83, 0xf3,
    0x09, 0x61, 0x09, 0xff, 0x87, 0xa8, 0x03, 0x28, 0xac, 0xae, 0x4b, 0xd6, 0x61, 0xc2, 0x10, 0x32,
    0x65, 0xa9, 0x24, 0x24, 0x61, 0x08, 0x49, 0x8b, 0x98, 0xa5, 0x5a, 0xa5, 0x43, 0x1a, 0x8c, 0xa9,
    0x4c, 0x13, 0xf1, 0x5c, 0x9a, 0x2c, 0x14, 0x21, 0x11, 0x0e, 0xd1, 0x84, 0x6a, 0xc9, 0x61, 0x83,
    0x22, 0xc5, 0x82, 0x64, 0xc5, 0xe9, 0x58, 0x3f, 0x60, 0x1f, 0x12, 0xd3, 0x78, 0x44, 0x9b, 0xd1,
    0x80, 0x0b, 0x62, 0xa8, 0x0a, 0x45, 0xa2, 0xd2, 0x3b, 0xec, 0xf9, 0x49, 0x08, 0x89, 0x43, 0x20,
    0x02, 0x77, 0x50, 0x03, 0x12, 0x62, 0x60, 0x03, 0x1b, 0xb0, 0x20, 0x8c, 0x54, 0xc5, 0x2a, 0x15,
    0x0a, 0x6c, 0x55, 0x3f, 0x08, 0x82, 0x22, 0xa9, 0x18, 0x35, 0x35, 0x56, 0xca, 0x08, 0x4d, 0xf8,
    0x4a, 0x58, 0x22, 0xe2, 0x3d, 0xf0, 0x49, 0x0c, 0x50, 0x4d, 0xc8, 0xe4, 0x56, 0x76, 0x40, 0xc2,
    0x0b, 0xdc, 0xe6, 0x03, 0xc4, 0xa3, 0x96, 0x23, 0x63, 0x56, 0x04, 0x23, 0x38, 0x01, 0x0a, 0x4e,
    0x60, 0x24, 0x29, 0xdb, 0x28, 0x30, 0x1f, 0x0c, 0x81, 0x09, 0xac, 0xf9, 0x9f, 0x43, 0x3c, 0xd8,
    0x26, 0x36, 0x2a, 0x32, 0x08, 0x3d, 0x48, 0x82, 0x0e, 0xfc, 0x08, 0x48, 0x41, 0x8a, 0x92, 0x95,
    0xa2, 0x0c, 0x82, 0x1e, 0x15, 0x38, 0xae, 0x12, 0x4c, 0xd1, 0x90, 0xa2, 0x6c, 0x02, 0x6b, 0x38,
    0xc8, 0x10, 0x5a, 0x5e, 0x52, 0x79, 0x80, 0x12, 0x26, 0x02, 0x79, 0xe0, 0x03, 0x1f, 0xa4, 0x2d,
    0x3f, 0x28, 0x60, 0xa3, 0x2a, 0xb1, 0xd4, 0x03, 0x28, 0xe8, 0xe0, 0x01, 0x0c, 0x78, 0x80, 0x0e,
    0x9c, 0xd0, 0x83, 0x35, 0x8e, 0x32, 0x99, 0xcb, 0x94, 0x08, 0x2d, 0xad, 0xf4, 0x4b, 0x68, 0x16,
    0x21, 0x93, 0x4d, 0x70, 0x62, 0x12, 0x90, 0x80, 0x97, 0x19, 0xa0, 0x60, 0x06, 0xda, 0x44, 0xa6,
    0x31, 0xbb, 0xa9, 0xff, 0x03, 0x06, 0x28, 0x80, 0x01, 0x45, 0x0c, 0x82, 0x39, 0x81, 0x69, 0xcc,
    0x34, 0x2a, 0x93, 0x4c, 0xea, 0xfc, 0xd9, 0x6e, 0x80, 0xd4, 0x4e, 0x68, 0xde, 0x12, 0x87, 0x69,
    0x33, 0xa0, 0x0f, 0xce, 0xb9, 0x4f, 0x6f, 0xfa, 0x93, 0x01, 0x37, 0xf8, 0xc1, 0x0e, 0x06, 0xaa,
    0x4a, 0x34, 0xbe, 0xd3, 0x0b, 0x4f, 0x49, 0x68, 0xd7, 0x22, 0x24, 0x05, 0x16, 0x88, 0xe0, 0x98,
    0xee, 0xfc, 0x01, 0x9c, 0xee, 0xd9, 0x01, 0x70, 0x8a, 0xd3, 0x09, 0x29, 0x2c, 0xa6, 0x0a, 0xf8,
    0x79, 0x51, 0x08, 0x38, 0xf0, 0x03, 0x71, 0xcb, 0x27, 0x97, 0x4e, 0x8a, 0xc8, 0x4b, 0x35, 0x01,
    0x09, 0x4d, 0x90, 0x88, 0x0f, 0x4b, 0x14, 0xc4, 0x92, 0x9e, 0x34, 0x9f, 0xca, 0x1b, 0xc2, 0x10,
    0x7c, 0x00, 0x43, 0x0f, 0x98, 0xa0, 0x03, 0x17, 0x1d, 0x67, 0x4c, 0x91, 0xe8, 0x03, 0x27, 0xf4,
    0xf3, 0x9f, 0xf6, 0x4b, 0x58, 0x08, 0xae, 0x74, 0xcc, 0x9d, 0xa2, 0x74, 0x08, 0x3f, 0x38, 0x82,
    0x44, 0xce, 0x94, 0x26, 0x92, 0x9a, 0x14, 0xa5, 0x97, 0x5a, 0xc2, 0x4f, 0x6d, 0xb0, 0x23, 0x1b,
    0x78, 0xc0, 0xa5, 0x52, 0xed, 0xa8, 0x0a, 0x5a, 0x60, 0x04, 0x6f, 0xba, 0x34, 0x58, 0x13, 0x48,
    0x81, 0x0d, 0x66, 0xe0, 0xd1, 0x23, 0x1e, 0xd5, 0x9d, 0x41, 0x10, 0x6b, 0x44, 0xf2, 0xd4, 0x82,
    0x13, 0x18, 0x33, 0x74, 0xa3, 0xfb, 0x2b, 0x34, 0xaf, 0x03, 0xc7, 0x1a, 0x79, 0x01, 0x0c, 0x5e,
    0xc8, 0x42, 0x16, 0xb0, 0x80, 0x84, 0x21, 0xf8, 0x95, 0x90, 0x48, 0x80, 0x63, 0x64, 0xb1, 0x90,
    0x85, 0x2d, 0x78, 0x36, 0x3c, 0x5b, 0xd8, 0x52, 0x0a, 0x2f, 0x8b, 0xd4, 0x22, 0x04, 0x56, 0x22,
    0x8d, 0x7a, 0x4f, 0x36, 0x47, 0xa6, 0xd8, 0x4b, 0x0d, 0x01, 0x08, 0x4d, 0x40, 0xc3, 0x1b, 0xdc,
    0xb0, 0x06, 0x35, 0xff, 0x00, 0x45, 0x0d, 0x6c, 0x80, 0x03, 0x1c, 0xde, 0xd0, 0x04, 0xcb, 0x52,
    0xf1, 0xaf, 0x50, 0x68, 0xc3, 0x1b, 0xde, 0xa0, 0x5b, 0x38, 0xb0, 0xe1, 0xb8, 0xc3, 0x6d, 0x43,
    0x6f, 0x8b, 0xa0, 0x54, 0xdf, 0x7a, 0xb5, 0xb4, 0xa7, 0x8d, 0x88, 0xba, 0x4e, 0x90, 0x9e, 0x1a,
    0x98, 0xf1, 0xa4, 0x75, 0xa1, 0x27, 0x12, 0x92, 0xb0, 0x04, 0x26, 0x40, 0x21, 0x0b, 0x5a, 0xd0,
    0x02, 0x19, 0x8e, 0x72, 0x14, 0x32, 0x5c, 0xe1, 0xbc, 0x95, 0x5d, 0x5d, 0x0b, 0x50, 0x80, 0xac,
    0x22, 0x20, 0xe1, 0xbc, 0xf0, 0xbd, 0x02, 0x6b, 0xc8, 0xa0, 0x85, 0xc9, 0x42, 0x81, 0x09, 0x6a,
    0x6d, 0xc2, 0x12, 0x7e, 0x8b, 0xd6, 0xe8, 0x42, 0xc4, 0x04, 0x1e, 0x98, 0xd1, 0x18, 0xb8, 0x80,
    0x9d, 0x9d, 0x46, 0x48, 0x35, 0xaa, 0xe1, 0x42, 0x19, 0xb2, 0xd0, 0x80, 0x06, 0x6b, 0xc1, 0x0d,
    0x49, 0x71, 0xc3, 0x15, 0x10, 0x30, 0x00, 0x04, 0x04, 0xf4, 0x52, 0x3d, 0xf0, 0x41, 0x0f, 0x82,
    0xe0, 0x4d, 0x0a, 0x0f, 0xe0, 0xc3, 0x08, 0xb8, 0x02, 0x1c, 0xb2, 0xe0, 0x52, 0x2c, 0x98, 0x01,
    0xa4, 0x62, 0xf0, 0x42, 0x81, 0x87, 0xd7, 0x5f, 0xc1, 0x42, 0xa4, 0x51, 0x2d, 0x08, 0x83, 0x1b,
    0xc4, 0xb0, 0x62, 0x11, 0x1c, 0x18, 0xc1, 0xb9, 0xdd, 0x42, 0x83, 0x1b, 0xa0, 0x85, 0x37, 0x94,
    0xa1, 0x0c, 0x6f, 0xb8, 0xc2, 0x00, 0x00, 0x30, 0x80, 0x1b, 0x38, 0x41, 0x9b, 0x50, 0x48, 0xf2,
    0x0f, 0x9c, 0x70, 0x83, 0x00, 0x00, 0xe0, 0xc9, 0x44, 0xbe, 0x42, 0x1c, 0xb0, 0x70, 0xd1, 0x2d,
    0xc0, 0x81, 0xb6, 0x69, 0xa0, 0x31, 0xa6, 0x5a, 0x0b, 0x28, 0xb0, 0xba, 0xf8, 0x21, 0x35, 0x48,
    0xc1, 0x0d, 0x34, 0xa7, 0x65, 0x03, 0x13, 0x07, 0xc1, 0x58, 0xd0, 0xc2, 0x14, 0x76, 0x7c, 0x85,
    0x34, 0x78, 0x2e, 0xff, 0x0d, 0x13, 0xae, 0x70, 0x11, 0x55, 0x67, 0x5a, 0x3d, 0xd6, 0x55, 0x07,
    0x1e, 0x06, 0xf1, 0x15, 0x82, 0x7c, 0xd1, 0x29, 0xd4, 0x97, 0x0c, 0x69, 0x18, 0x43, 0x8d, 0x51,
    0xfa, 0xd3, 0xa0, 0x46, 0x64, 0x39, 0x6d, 0x09, 0xf4, 0xa0, 0x83, 0x00, 0x49, 0xcd, 0x61, 0x01,
    0x9c, 0x0c, 0x18, 0x40, 0x00, 0x06, 0x50, 0x01, 0x0b, 0x58, 0xda, 0xd2, 0x15, 0xc8, 0xf4, 0x16,
    0xca, 0xc0, 0x85, 0x24, 0x30, 0xe1, 0x9b, 0xe1, 0xc4, 0x42, 0x1b, 0xb6, 0x90, 0xe9, 0x52, 0x57,
    0xda, 0xd2, 0x3b, 0x66, 0x40, 0x38, 0x1f, 0x1c, 0x86, 0x41, 0x6b, 0xf3, 0x3a, 0x20, 0x95, 0x23,
    0x44, 0x08, 0x64, 0x06, 0x45, 0x6f, 0x59, 0x05, 0x47, 0x38, 0xa5, 0x18, 0xdc, 0x90, 0x05, 0x7f,
    0x2a, 0xc0, 0xc9, 0x94, 0xbe, 0xb4, 0xb0, 0x2d, 0x20, 0x06, 0x36, 0x88, 0x21, 0x09, 0x4a, 0xb8,
    0x2a, 0x03, 0xb2, 0xf0, 0x06, 0x31, 0x0c, 0x5b, 0xd8, 0x3b, 0x56, 0xc0, 0x3f, 0xb3, 0xe0, 0x86,
    0x56, 0xdf, 0xfa, 0xd5, 0x07, 0xc5, 0x62, 0x33, 0x7d, 0x52, 0x6b, 0x41, 0x07, 0x6a, 0xbd, 0x2c,
    0xd0, 0xa3, 0x17, 0x78, 0xad, 0x6a, 0x06, 0x00, 0xfb, 0xd4, 0xcf, 0x16, 0x03, 0x1a, 0xc4, 0x90,
    0x64, 0x50, 0x3f, 0xa0, 0xc7, 0x60, 0x78, 0xf6, 0xa5, 0x53, 0x3d, 0xed, 0x6a, 0x6f, 0xc9, 0x48,
    0xad, 0xbd, 0x4e, 0x3a, 0xe7, 0x38, 0x97, 0xe5, 0xe6, 0xd2, 0xdd, 0x59, 0x18, 0xf1, 0x8e, 0xcf,
    0x6d, 0x69, 0x0a, 0x18, 0xfc, 0xd2, 0x60, 0x28, 0x03, 0x19, 0xc2, 0xb0, 0x9c, 0xc9, 0x66, 0x41,
    0x0c, 0x65, 0x88, 0x77, 0xc1, 0x0f, 0x6e, 0x81, 0x0a, 0x48, 0x7a, 0x00, 0x3b, 0xee, 0xb1, 0x17,
    0x6c, 0x60, 0xc1, 0x76, 0xea, 0x7b, 0x2f, 0x15, 0xf9, 0x5b, 0x19, 0x9e, 0x60, 0xd9, 0x20, 0x58,
    0xf5, 0xa2, 0x5a, 0xff, 0x88, 0x83, 0x16, 0x06, 0x4e, 0xe4, 0x53, 0x1b, 0x9c, 0x02, 0x97, 0x4e,
    0xc3, 0x70, 0x67, 0x5e, 0xdc, 0xe1, 0xa6, 0xe1, 0xd2, 0x2f, 0xc7, 0xf4, 0x90, 0x03, 0x90, 0xf1,
    0x37, 0x44, 0x89, 0x41, 0x05, 0x75, 0xad, 0x32, 0xdd, 0x52, 0x91, 0x2e, 0x70, 0x21, 0xb4, 0xd6,
    0x24, 0x82, 0x45, 0xff, 0x39, 0x85, 0x2d, 0xac, 0xb9, 0xc1, 0x04, 0xaf, 0xc0, 0xcb, 0x4b, 0x1d,
    0xdf, 0xaa, 0xc3, 0xb7, 0xd4, 0x53, 0xaf, 0xf8, 0xce, 0x77, 0x9c, 0x05, 0x34, 0x70, 0x81, 0xe3,
    0x17, 0x6c, 0x6f, 0x97, 0x95, 0x39, 0x49, 0x88, 0x18, 0xc7, 0x0b, 0x1d, 0xe0, 0x00, 0x07, 0x2c,
    0x48, 0x03, 0x29, 0x58, 0x61, 0x09, 0x0b, 0x28, 0xc0, 0x01, 0x54, 0xfd, 0x80, 0x29, 0x70, 0x21,
    0x0a, 0x3b, 0x2f, 0x77, 0x02, 0x0e, 0x70, 0x80, 0x04, 0xf8, 0xfd, 0xc3, 0x03, 0xf0, 0xbb, 0xe0,
    0x13, 0x00, 0x78, 0xc1, 0xeb, 0xdd, 0xef, 0xc0, 0x6e, 0x7a, 0x16, 0xee, 0xbb, 0x84, 0x20, 0x40,
    0x34, 0x9f, 0xfe, 0x55, 0xa7, 0x19, 0xb6, 0xb0, 0x01, 0x4f, 0x2e, 0xd4, 0xed, 0x51, 0x48, 0x80,
    0x00, 0x0a, 0x20, 0x6d, 0x06, 0xa4, 0x3c, 0x0b, 0x3b, 0x97, 0xb6, 0x02, 0x08, 0x20, 0x80, 0xd2,
    0x97, 0x1e, 0xca, 0x02, 0x20, 0x80, 0xea, 0x49, 0x8f, 0xfa, 0xd4, 0x8b, 0x9e, 0xf4, 0x02, 0x00,
    0xb6, 0x16, 0xe0, 0x50, 0x06, 0x26, 0x00, 0xc1, 0xb7, 0xee, 0x64, 0x6e, 0x58, 0x2b, 0x72, 0xf6,
    0xb4, 0x73, 0x80, 0x04, 0x25, 0x08, 0x62, 0x14, 0x16, 0x90, 0x80, 0x05, 0xd0, 0x7d, 0xcf, 0x13,
    0x9e, 0x74, 0xb9, 0x89, 0x3f, 0xf8, 0x00, 0x38, 0xbf, 0x00, 0x06, 0x88, 0xbe, 0x01, 0x0a, 0xe0,
    0xfc, 0x00, 0xf8, 0xdd, 0xf8, 0xaa, 0x66, 0x3e, 0xb0, 0xaf, 0xe0, 0x06, 0x02, 0xe3, 0x3e, 0xf7,
    0x85, 0xc6, 0x88, 0xff, 0xd1, 0xcb, 0x4a, 0x9c, 0x28, 0x98, 0xff, 0xfc, 0x55, 0x08, 0x61, 0x9f,
    0xb5, 0x50, 0x75, 0x2d, 0x64, 0x7e, 0xf3, 0x05, 0x88, 0xbf, 0xfc, 0x0b, 0x20, 0x80, 0x04, 0x44,
    0x81, 0xfd, 0x58, 0xc8, 0xff, 0x15, 0xdc, 0xaf, 0x79, 0xfb, 0x63, 0xa1, 0x0a, 0x74, 0x96, 0x7b,
    0xb0, 0x16, 0x52, 0x17, 0xe1, 0x06, 0x6c, 0x30, 0x06, 0x34, 0xe0, 0x01, 0x07, 0x66, 0x05, 0x0c,
    0xd8, 0x80, 0xe9, 0x17, 0x05, 0x55, 0x16, 0x07, 0xc5, 0xa5, 0x5b, 0x71, 0xb0, 0x05, 0x09, 0x40,
    0x00, 0xd3, 0x37, 0x7f, 0xd0, 0x47, 0x00, 0x09, 0xb0, 0x05, 0x12, 0x38, 0x81, 0x15, 0xd8, 0x7f,
    0x51, 0x60, 0x05, 0x52, 0x10, 0x80, 0x8b, 0x75, 0x38, 0xb1, 0x24, 0x7e, 0x47, 0x47, 0x03, 0x25,
    0x30, 0x03, 0x2b, 0xb2, 0x22, 0x08, 0xf6, 0x80, 0x2e, 0x75, 0x7f, 0xed, 0x97, 0x79, 0x18, 0xa8,
    0x81, 0x1b, 0x68, 0x7f, 0xec, 0x17, 0x5f, 0xee, 0x47, 0x7c, 0x0b, 0x30, 0x82, 0x25, 0x08, 0x28,
    0xda, 0xe5, 0x53, 0xde, 0x05, 0x16, 0xcc, 0x34, 0x4b, 0x6b, 0x80, 0x76, 0x1b, 0xc0, 0x01, 0x3c,
    0x30, 0x04, 0x3c, 0x40, 0x03, 0x2a, 0x40, 0x03, 0x43, 0x80, 0x04, 0x4c, 0x10, 0x83, 0xc1, 0x53,
    0x40, 0x1a, 0xe0, 0x83, 0x83, 0xe7, 0x77, 0x19, 0x28, 0x7d, 0xd2, 0x17, 0x7f, 0x06, 0xb0, 0x85,
    0xc5, 0x57, 0x7c, 0x3a, 0x10, 0x05, 0x4b, 0xb0, 0x5d, 0x74, 0x86, 0x04, 0xf4, 0x91, 0x04, 0x41,
    0xd0, 0x04, 0xb1, 0x86, 0x11, 0x68, 0xa0, 0x06, 0xb5, 0x31, 0x2c, 0x3d, 0x20, 0x3a, 0xb6, 0x92,
    0x4d, 0xee, 0x65, 0x85, 0x52, 0x30, 0x03, 0x36, 0xd0, 0x01, 0x07, 0x60, 0x7a, 0x80, 0x98, 0x7a,
    0x05, 0xb0, 0x7a, 0x84, 0x48, 0x00, 0x83, 0x18, 0x88, 0xa6, 0x77, 0x00, 0x51, 0xf0, 0x7f, 0x47,
    0xa0, 0x48, 0x4a, 0xff, 0x75, 0x04, 0x55, 0x40, 0x05, 0x55, 0xc0, 0x86, 0x43, 0x27, 0x4b, 0x1d,
    0x24, 0x87, 0x99, 0x51, 0x36, 0x4e, 0xc8, 0x62, 0x69, 0x84, 0x04, 0x31, 0x48, 0x82, 0x26, 0xf0,
    0x54, 0xcc, 0x27, 0x86, 0x07, 0x60, 0x00, 0x7d, 0xb7, 0x85, 0xa5, 0x78, 0x8a, 0x62, 0xf8, 0x83,
    0x24, 0xf8, 0x04, 0xf0, 0x94, 0x49, 0x2b, 0x82, 0x1d, 0x92, 0x74, 0x84, 0x71, 0x81, 0x89, 0xc3,
    0xe2, 0x4b, 0x41, 0xd7, 0x04, 0x70, 0x24, 0x06, 0xbc, 0xc8, 0x05, 0x39, 0x20, 0x03, 0x32, 0x10,
    0x03, 0xc2, 0x38, 0x8c, 0xc3, 0xb8, 0x63, 0xc4, 0x28, 0x8c, 0xc6, 0x78, 0x8c, 0xc3, 0x48, 0x1c,
    0x5c, 0xc0, 0x70, 0x8f, 0xe1, 0x8b, 0x39, 0x90, 0x03, 0xc4, 0xb1, 0x11, 0x7f, 0xe3, 0x05, 0xd1,
    0x01, 0x4a, 0x40, 0xa7, 0x02, 0xae, 0xd4, 0x04, 0xc2, 0x35, 0x73, 0x68, 0xf0, 0x8b, 0xd1, 0x18,
    0x8e, 0xe2, 0x28, 0x03, 0x3b, 0x26, 0x03, 0xe3, 0x58, 0x8e, 0xe2, 0x28, 0x8e, 0x0d, 0xe8, 0x06,
    0x34, 0xf7, 0x8d, 0xe6, 0x38, 0x8d, 0x1a, 0xc1, 0x1c, 0xd0, 0xf1, 0x47, 0x82, 0x74, 0x2c, 0x48,
    0x70, 0x4a, 0xf1, 0x95, 0x05, 0x56, 0x00, 0x8c, 0xfc, 0xd8, 0x8f, 0xc2, 0x08, 0x02, 0xc9, 0x48,
    0x8c, 0x3b, 0x06, 0x02, 0xc2, 0xd8, 0x8f, 0xc0, 0xb8, 0x04, 0xe6, 0x97, 0x8f, 0x56, 0x10, 0x8e,
    0xaa, 0x61, 0x05, 0x1b, 0xc1, 0x01, 0x4b, 0x98, 0x20, 0x27, 0x80, 0x48, 0x41, 0x00, 0x04, 0x49,
    0xc0, 0x05, 0x6c, 0x70, 0x05, 0xa3, 0x58, 0x7c, 0x27, 0x23, 0x01, 0xe6, 0x28, 0x03, 0x2e, 0xf0,
    0x02, 0x2e, 0xe0, 0x61, 0xce, 0x87, 0x71, 0x3b, 0xd6, 0x60, 0x92, 0x36, 0x69, 0x15, 0x16, 0x92,
    0x2e, 0x60, 0x8e, 0x31, 0xb0, 0x91, 0x82, 0xb7, 0x00, 0x57, 0x80, 0x06, 0x20, 0x95, 0x14, 0x1b,
    0xd1, 0x2d, 0x41, 0xff, 0x57, 0x04, 0xf6, 0xc1, 0x04, 0x62, 0x00, 0x07, 0x57, 0xa0, 0x79, 0xaa,
    0x27, 0x00, 0x07, 0xf0, 0x72, 0x1f, 0xc9, 0x92, 0x4e, 0x06, 0x65, 0x3c, 0x77, 0x92, 0x0d, 0x70,
    0x94, 0x4f, 0x16, 0x00, 0x2c, 0xe9, 0x92, 0x7f, 0x58, 0x88, 0xf5, 0xc7, 0x6c, 0xe3, 0x45, 0x74,
    0x1a, 0xb1, 0x29, 0x1a, 0x50, 0x1d, 0x6c, 0x74, 0x04, 0x47, 0x00, 0x05, 0x61, 0x10, 0x64, 0x0b,
    0x60, 0x8a, 0xd3, 0x97, 0x00, 0x10, 0x40, 0x01, 0x1e, 0x09, 0x8c, 0x2c, 0x99, 0x67, 0x1f, 0xa6,
    0x94, 0x0d, 0x00, 0x78, 0x20, 0xf6, 0x94, 0x39, 0x10, 0x03, 0x09, 0x20, 0x96, 0xd1, 0x57, 0x8a,
    0x32, 0x09, 0x61, 0xae, 0x71, 0x95, 0x34, 0x63, 0x4c, 0x41, 0x20, 0x04, 0x2e, 0x66, 0x06, 0xe4,
    0x26, 0x6d, 0x07, 0xc0, 0x81, 0x1c, 0x90, 0x02, 0x1e, 0x00, 0x03, 0x2e, 0x90, 0x98, 0x8a, 0x99,
    0x98, 0xff, 0x98, 0x92, 0x25, 0x49, 0x90, 0x31, 0xb0, 0x98, 0x8a, 0x29, 0x92, 0xbe, 0x36, 0x7d,
    0x06, 0xd0, 0x79, 0xd4, 0x66, 0x06, 0x1e, 0x81, 0x1b, 0x12, 0x09, 0x04, 0xbb, 0x27, 0x10, 0x68,
    0xe0, 0x06, 0x54, 0x26, 0x6d, 0xf4, 0x77, 0x00, 0x1d, 0x30, 0x03, 0x1e, 0x20, 0x99, 0x89, 0xf9,
    0x02, 0x2f, 0xe0, 0x92, 0x4c, 0x09, 0x00, 0x01, 0x10, 0x03, 0xbf, 0xc8, 0x9a, 0xaa, 0xe9, 0x02,
    0xbe, 0x46, 0x7f, 0x9c, 0xf7, 0x4f, 0x58, 0xe0, 0x06, 0x96, 0x88, 0x11, 0x10, 0xc9, 0x01, 0xe9,
    0x61, 0x03, 0x9e, 0x66, 0x68, 0x72, 0x00, 0x98, 0x24, 0x96, 0x7d, 0xc5, 0xd7, 0x01, 0x6e, 0x55,
    0x9b, 0x89, 0xe9, 0x92, 0x3b, 0x07, 0x6c, 0xb2, 0x09, 0x92, 0xcc, 0xb9, 0x7c, 0xc5, 0x47, 0x77,
    0x99, 0xe9, 0x11, 0x5e, 0xc0, 0x05, 0xe1, 0xc1, 0x1c, 0x54, 0x61, 0x10, 0x92, 0x95, 0x05, 0xf0,
    0x45, 0x12, 0xf0, 0x29, 0xf5, 0x9d, 0x21, 0xf1, 0x37, 0x6c, 0x00, 0x14, 0x04, 0x82, 0x45, 0x6e,
    0xb0, 0x9e, 0xeb, 0xf9, 0x06, 0x24, 0x31, 0x5b, 0xec, 0xe9, 0x06, 0xff, 0x42, 0x5e, 0xf4, 0xc9,
    0x41, 0x49, 0x71, 0x9f, 0x64, 0x40, 0x12, 0xf8, 0x69, 0x93, 0x17, 0x11, 0x10, 0x00, 0x21, 0xf9,
    0x04, 0x09, 0x08, 0x00, 0x76, 0x00, 0x2c, 0x00, 0x00, 0x00, 0x00, 0x60, 0x00, 0x60, 0x00, 0x86,
    0xff, 0xfe, 0xf5, 0xfe, 0xf9, 0xed, 0xfc, 0xf1, 0xe3, 0xff, 0xec, 0xd5, 0xff, 0xe9, 0xd2, 0xf6,
    0xea, 0xe0, 0xfe, 0xe5, 0xd0, 0xfc, 0xe2, 0xcd, 0xf4, 0xda, 0xc7, 0xf5, 0xc7, 0xb5, 0xef, 0xe0,
    0xd0, 0xf0, 0xd8, 0xc5, 0xef, 0xd7, 0xc3, 0xed, 0xcf, 0xae, 0xe8, 0xba, 0x9d, 0xe2, 0xbd, 0xa1,
    0xdd, 0xb1, 0x87, 0xcd, 0xb8, 0xa7, 0xa8, 0xb2, 0xae, 0x98, 0x69, 0x5c, 0x94, 0x67, 0x5a, 0x8f,
    0x69, 0x58, 0x91, 0x64, 0x58, 0x83, 0x5a, 0x4f, 0x7c, 0x50, 0x45, 0x46, 0x76, 0x74, 0x4a, 0x54,
    0x50, 0x77, 0x50, 0x47, 0x75, 0x4f, 0x45, 0x88, 0x4a, 0x48, 0x72, 0x4d, 0x45, 0x6a, 0x48, 0x42,
    0x63, 0x42, 0x3e, 0x63, 0x41, 0x3e, 0x62, 0x40, 0x3d, 0x61, 0x41, 0x3d, 0x61, 0x40, 0x3d, 0x61,
    0x40, 0x3c, 0x60, 0x40, 0x3d, 0x67, 0x3f, 0x3d, 0x60, 0x3f, 0x3c, 0x60, 0x3e, 0x3b, 0x5f, 0x3f,
    0x3d, 0x5f, 0x3e, 0x3b, 0x5e, 0x3e, 0x3c, 0x5e, 0x3e, 0x3b, 0x5e, 0x3d, 0x3c, 0x5d, 0x3d, 0x3b,
    0x5c, 0x3d, 0x3b, 0xaf, 0x35, 0x44, 0xaf, 0x30, 0x40, 0x9e, 0x36, 0x44, 0x7c, 0x2f, 0x3e, 0x77,
    0x25, 0x35, 0x5c, 0x3c, 0x3a, 0x5b, 0x3c, 0x3a, 0x5b, 0x3c, 0x39, 0x5b, 0x3b, 0x39, 0x59, 0x3b,
    0x3b, 0x58, 0x36, 0x38, 0x6f, 0x1f, 0x30, 0x4e, 0x37, 0x37, 0x4a, 0x32, 0x34, 0x48, 0x30, 0x34,
    0x48, 0x2f, 0x33, 0x47, 0x2f, 0x33, 0x47, 0x2f, 0x32, 0x46, 0x2f, 0x33, 0x46, 0x2e, 0x33, 0x46,
    0x2e, 0x32, 0x45, 0x2e, 0x33, 0x45, 0x2e, 0x32, 0x44, 0x2e, 0x32, 0x45, 0x2d, 0x32, 0x44, 0x2d,
    0x32, 0x44, 0x2d, 0x31, 0x44, 0x2c, 0x31, 0x42, 0x2e, 0x31, 0x43, 0x2c, 0x31, 0x42, 0x2c, 0x31,
    0x42, 0x2c, 0x30, 0x41, 0x2c, 0x31, 0x41, 0x2b, 0x30, 0x3a, 0x2c, 0x31, 0x32, 0x29, 0x2e, 0x32,
    0x24, 0x2c, 0x2b, 0x24, 0x2a, 0x2f, 0x22, 0x2a, 0x2b, 0x21, 0x29, 0x27, 0x23, 0x28, 0x26, 0x22,
    0x27, 0x26, 0x21, 0x26, 0x25, 0x20, 0x26, 0x21, 0x20, 0x25, 0x1e, 0x1b, 0x21, 0x1e, 0x19, 0x1f,
    0x1c, 0x19, 0x1f, 0x1c, 0x18, 0x1f, 0x1c, 0x18, 0x1e, 0x1c, 0x18, 0x1d, 0x1b, 0x17, 0x1e, 0x1a,
    0x17, 0x1d, 0x1a, 0x16, 0x1d, 0x19, 0x13, 0x1b, 0x18, 0x16, 0x1d, 0x18, 0x15, 0x1c, 0x17, 0x15,
    0x1c, 0x17, 0x15, 0x1b, 0x17, 0x14, 0x1b, 0x16, 0x15, 0x1c, 0x16, 0x14, 0x1c, 0x16, 0x15, 0x1b,
    0x15, 0x14, 0x1b, 0x15, 0x13, 0x1b, 0x15, 0x13, 0x1a, 0x13, 0x11, 0x19, 0x11, 0x0f, 0x18, 0x0c,
    0x0b, 0x13, 0x00, 0x00, 0x00, 0x00, 0x00, 0x00, 0x00, 0x00, 0x00, 0x00, 0x00, 0x00, 0x00, 0x00,
    0x00, 0x00, 0x00, 0x00, 0x00, 0x00, 0x00, 0x00, 0x00, 0x00, 0x00, 0x00, 0x00, 0x00, 0x00, 0x00,
    0x08, 0xff, 0x00, 0xed, 0x08, 0x1c, 0x48, 0xb0, 0xa0, 0xc1, 0x83, 0x08, 0x13, 0x2a, 0x5c, 0xc8,
    0xb0, 0xa1, 0xc3, 0x87, 0x10, 0x23, 0x4a, 0x9c, 0x48, 0xb1, 0xa2, 0xc5, 0x8b, 0x18, 0x33, 0x6a,
    0xdc, 0xc8, 0xb1, 0xa3, 0xc7, 0x8f, 0x20, 0x43, 0x8a, 0x1c, 0x49, 0xb2, 0xa4, 0xc9, 0x93, 0x28,
    0x53, 0xaa, 0x5c, 0xc9, 0xb2, 0xa5, 0xcb, 0x97, 0x30, 0x63, 0xca, 0x9c, 0x49, 0xb3, 0xa6, 0xcd,
    0x9b, 0x38, 0x73, 0xea, 0xdc, 0x99, 0x70, 0x8d, 0xcf, 0x37, 0x40, 0x7d, 0xae, 0xe1, 0xb9, 0x91,
    0x8d, 0x1a, 0x35, 0x68, 0x92, 0x1e, 0x65, 0x43, 0x54, 0xa3, 0x99, 0x32, 0x66, 0xd6, 0xbc, 0x59,
    0xf3, 0xd4, 0x4c, 0x53, 0x8b, 0x3e, 0xcd, 0x48, 0x59, 0x22, 0x65, 0xe0, 0x56, 0x29, 0x51, 0x87,
    0x5e, 0x8d, 0x68, 0x94, 0xcc, 0x92, 0x1f, 0x47, 0x06, 0x1e, 0xf9, 0xb1, 0x84, 0x8c, 0x1a, 0xa6,
    0x63, 0x21, 0xae, 0x51, 0xa3, 0x95, 0x88, 0x92, 0x81, 0x4a, 0x88, 0x80, 0x55, 0x23, 0x36, 0xae,
    0xc3, 0x37, 0x68, 0xfa, 0x1a, 0x04, 0xfc, 0xc6, 0xef, 0x43, 0x38, 0x68, 0xe0, 0x24, 0x24, 0x6c,
    0xd8, 0x61, 0x19, 0x32, 0x65, 0x16, 0xa3, 0x29, 0xdc, 0x54, 0xa8, 0x65, 0x39, 0x60, 0x3c, 0x6c,
    0xd8, 0xbc, 0x81, 0x43, 0x89, 0x14, 0x2f, 0xb8, 0x2e, 0x79, 0x91, 0xa2, 0x04, 0x87, 0x0d, 0x1e,
    0xaa, 0x5c, 0xb9, 0x62, 0xe6, 0xa8, 0x50, 0x9e, 0x6f, 0xda, 0xc8, 0x9e, 0x0d, 0x27, 0x33, 0x06,
    0xce, 0x1b, 0x42, 0x88, 0x40, 0x81, 0xf6, 0x07, 0x0a, 0x11, 0x21, 0x36, 0x60, 0xe0, 0xa0, 0xfa,
    0x4a, 0x1a, 0xa0, 0xb2, 0x29, 0xeb, 0x24, 0x23, 0xa6, 0xb9, 0xf3, 0x32, 0x5e, 0x34, 0x73, 0x98,
    0xce, 0x81, 0x04, 0x8a, 0x16, 0x45, 0x9e, 0x1c, 0x81, 0xd1, 0x42, 0x85, 0x66, 0x0f, 0x54, 0xaa,
    0x54, 0xff, 0xf9, 0xe2, 0x5c, 0x0c, 0x19, 0x9b, 0x97, 0xc7, 0xec, 0x80, 0x71, 0xa3, 0xbd, 0x7b,
    0x18, 0x24, 0x44, 0x90, 0x98, 0x6f, 0xbd, 0xc4, 0x0b, 0xf1, 0x55, 0x88, 0x04, 0xf9, 0xa1, 0x62,
    0xfe, 0x8b, 0xff, 0x36, 0xbc, 0xb7, 0xc3, 0x18, 0x72, 0x58, 0x06, 0x53, 0x6c, 0xb2, 0xc1, 0x41,
    0x06, 0x0c, 0x21, 0xd0, 0x47, 0x5f, 0x09, 0x28, 0x44, 0x28, 0x21, 0x0a, 0xf6, 0xa9, 0x56, 0x85,
    0x13, 0x79, 0xb5, 0x10, 0x61, 0x09, 0x1c, 0x3a, 0x18, 0x02, 0x0c, 0x64, 0xc0, 0x31, 0x9b, 0x72,
    0x2d, 0x31, 0xd7, 0x1c, 0x19, 0x5e, 0xdc, 0x60, 0xdd, 0x84, 0x2c, 0x4e, 0x68, 0x5f, 0x78, 0xf9,
    0xed, 0xf7, 0x42, 0x0b, 0x1a, 0xb6, 0x48, 0xc2, 0x0d, 0x5e, 0x98, 0x68, 0x5e, 0x4b, 0x52, 0xa9,
    0xc7, 0x5e, 0x7b, 0x30, 0xb4, 0x28, 0x24, 0x8b, 0xff, 0xcd, 0xd8, 0xc2, 0x0b, 0x3f, 0x10, 0xf1,
    0x43, 0x8d, 0x2d, 0xfe, 0x78, 0x03, 0x0c, 0x3a, 0x8c, 0x31, 0x95, 0x4a, 0xb1, 0x2d, 0xd8, 0x20,
    0x7d, 0x43, 0x66, 0x49, 0x21, 0x87, 0x11, 0xb6, 0x10, 0x84, 0x12, 0x41, 0x30, 0xc9, 0xe2, 0x83,
    0x22, 0xd8, 0x40, 0x46, 0x1b, 0x24, 0x9a, 0x44, 0x06, 0x8a, 0x2a, 0x6a, 0xe9, 0x66, 0x8b, 0x5e,
    0x82, 0xc9, 0x9d, 0x98, 0x2c, 0x96, 0x20, 0x02, 0x0c, 0x39, 0x9e, 0x97, 0x12, 0x0e, 0x2f, 0x04,
    0xf9, 0xe6, 0x9f, 0x12, 0x7a, 0x79, 0xc4, 0x11, 0x41, 0xec, 0x47, 0x67, 0x84, 0x24, 0x9c, 0xe6,
    0x41, 0x9f, 0x38, 0xa8, 0x54, 0x42, 0x83, 0x10, 0x4e, 0xb8, 0xc2, 0xa4, 0x94, 0x02, 0x1a, 0x68,
    0x10, 0x83, 0x0e, 0x1a, 0xa6, 0x90, 0x24, 0x70, 0x26, 0x82, 0x08, 0x29, 0xa8, 0xb4, 0xc2, 0x6e,
    0x34, 0x32, 0x19, 0x02, 0x08, 0xa8, 0x82, 0xa0, 0xdb, 0x7c, 0x80, 0xb6, 0xf0, 0x43, 0xa1, 0x9a,
    0x1e, 0xff, 0x8a, 0x42, 0xa2, 0x9d, 0x7d, 0x5a, 0xc2, 0x49, 0xa3, 0xa6, 0xd0, 0x65, 0x92, 0x3f,
    0xac, 0x80, 0x42, 0x08, 0x16, 0x04, 0x2b, 0x6c, 0x67, 0xd5, 0xb5, 0xda, 0x02, 0x0c, 0x5f, 0x6e,
    0xca, 0x29, 0x70, 0xd4, 0x71, 0x46, 0xd2, 0x0a, 0xba, 0x75, 0x99, 0xac, 0xaf, 0xc0, 0x4e, 0x40,
    0xc1, 0xb5, 0x14, 0x70, 0xb6, 0x22, 0xa5, 0x95, 0x0a, 0x19, 0xa7, 0xb2, 0x43, 0xd2, 0xba, 0xd9,
    0x6d, 0x24, 0xa5, 0xb0, 0x9b, 0xb4, 0x60, 0x52, 0x6b, 0x01, 0x05, 0xeb, 0xb2, 0x4b, 0xec, 0x8a,
    0xa7, 0xa6, 0x1a, 0xc2, 0x90, 0xdf, 0xaa, 0x20, 0x5f, 0xb8, 0xa7, 0xe1, 0x16, 0x52, 0x8f, 0x6d,
    0xa2, 0xbb, 0x69, 0xa7, 0xc2, 0xad, 0x6b, 0x01, 0x08, 0xb3, 0xa2, 0xb0, 0x02, 0x08, 0xc2, 0x0a,
    0x0b, 0x82, 0xaf, 0x2c, 0x7a, 0x79, 0x96, 0x74, 0x2b, 0x8e, 0x99, 0xef, 0x66, 0x1e, 0x7c, 0x31,
    0x65, 0x47, 0x6c, 0xb4, 0x21, 0x46, 0xbf, 0xd7, 0x25, 0xab, 0xa1, 0xb8, 0x14, 0x4c, 0x30, 0x30,
    0xc3, 0x07, 0x5b, 0x60, 0x6d, 0xc8, 0x16, 0x84, 0xd0, 0x02, 0xc3, 0x97, 0x9e, 0x75, 0x5a, 0xb1,
    0x36, 0x4e, 0x8c, 0xda, 0x17, 0x6e, 0xc0, 0xc5, 0xd1, 0x1a, 0x1a, 0xb7, 0x49, 0x23, 0x92, 0x4a,
    0x7e, 0x9c, 0xaf, 0xb0, 0x23, 0xbc, 0xe0, 0x6b, 0xc9, 0xd8, 0xb2, 0x0b, 0x02, 0x70, 0x0d, 0x07,
    0x71, 0x16, 0x67, 0x57, 0x4a, 0x3c, 0x1d, 0xc5, 0x34, 0x0b, 0xa6, 0x11, 0xce, 0x1b, 0x8b, 0xe0,
    0xaa, 0x92, 0x46, 0x22, 0xfa, 0xb2, 0x0f, 0x5c, 0x17, 0xda, 0xeb, 0xaf, 0xed, 0x62, 0xab, 0x30,
    0xcb, 0x0e, 0xfb, 0x20, 0xf0, 0xbb, 0x63, 0x92, 0x10, 0x82, 0xa2, 0x51, 0x7b, 0x24, 0x87, 0x82,
    0x37, 0x58, 0xed, 0xf1, 0x84, 0x00, 0x73, 0x20, 0x84, 0x13, 0x4b, 0x20, 0x41, 0xa8, 0xba, 0x45,
    0x5f, 0xff, 0x2b, 0xf2, 0xc2, 0x2d, 0x9b, 0x2d, 0xf2, 0x66, 0x30, 0x4b, 0x8c, 0x5a, 0x18, 0x71,
    0xc8, 0xe1, 0xd1, 0x18, 0x6c, 0x5a, 0x4d, 0x84, 0x13, 0x44, 0x88, 0x49, 0x82, 0x07, 0x1c, 0x78,
    0xf0, 0x83, 0x12, 0x99, 0x06, 0xc1, 0x77, 0xd1, 0x02, 0x03, 0x2e, 0xed, 0x12, 0x82, 0x5b, 0x70,
    0x5b, 0x6e, 0xac, 0xd2, 0xad, 0x68, 0x8e, 0x63, 0x6c, 0xd4, 0xe3, 0x7a, 0x41, 0x56, 0x78, 0x45,
    0x15, 0x2d, 0x88, 0xc0, 0x61, 0x09, 0x2b, 0x70, 0xed, 0x43, 0xa6, 0x9a, 0x6e, 0x7e, 0xad, 0xe8,
    0x9b, 0x45, 0xdc, 0x31, 0xe8, 0xed, 0x0e, 0x3b, 0x9d, 0xef, 0xb3, 0xca, 0x07, 0x03, 0x0c, 0x03,
    0x5e, 0x6c, 0x51, 0xc6, 0x62, 0x30, 0x58, 0xdf, 0x7d, 0xaf, 0xdf, 0xe0, 0xc2, 0xf4, 0x2e, 0xd8,
    0xc0, 0x84, 0x14, 0xda, 0xe1, 0xae, 0x39, 0xd8, 0x27, 0x5f, 0x4b, 0xb8, 0xef, 0x65, 0x9b, 0x5c,
    0xb4, 0xb6, 0x43, 0x3e, 0x0a, 0x83, 0x18, 0x6d, 0xd8, 0x5c, 0x11, 0xd5, 0xfd, 0xba, 0x5e, 0x05,
    0x08, 0x1f, 0xc4, 0xff, 0x01, 0x08, 0x3d, 0xd4, 0x3f, 0x84, 0xf6, 0xea, 0x26, 0x6c, 0x01, 0xda,
    0x81, 0xeb, 0xbf, 0xff, 0x74, 0x2a, 0x28, 0x15, 0x8d, 0xe8, 0x76, 0x03, 0xf4, 0x49, 0x6d, 0x22,
    0xec, 0x5b, 0x51, 0x85, 0xb0, 0x30, 0x05, 0x08, 0x38, 0xf0, 0x81, 0x0f, 0xec, 0xc1, 0x13, 0xee,
    0x47, 0xa8, 0x1a, 0x9d, 0x6a, 0x04, 0xb6, 0x9b, 0x15, 0xf1, 0x04, 0x75, 0x04, 0xdb, 0x8d, 0x40,
    0x55, 0xf7, 0x7a, 0x55, 0xa1, 0x0c, 0x25, 0xa1, 0x1b, 0x19, 0x10, 0x23, 0x6f, 0x23, 0x43, 0xfb,
    0xee, 0xc3, 0x40, 0x08, 0xba, 0xb0, 0x07, 0x52, 0xc8, 0x9c, 0x98, 0xb0, 0xe3, 0x84, 0x22, 0xc8,
    0x8a, 0x83, 0x4b, 0x58, 0x42, 0x11, 0x84, 0xc6, 0x30, 0x0e, 0xc6, 0xaa, 0x84, 0x37, 0x38, 0x53,
    0x9a, 0xff, 0x26, 0xc2, 0xb8, 0x14, 0x29, 0x10, 0x7a, 0x0d, 0x74, 0x61, 0x04, 0x3b, 0xe8, 0xb5,
    0x1a, 0x4d, 0xea, 0x05, 0x73, 0x9b, 0x10, 0x8d, 0x90, 0xa5, 0xbd, 0x19, 0x62, 0x4a, 0x86, 0x40,
    0xfc, 0x42, 0x19, 0x22, 0x43, 0x91, 0xd5, 0x1d, 0xaf, 0x61, 0x44, 0xc8, 0x5b, 0xfd, 0xea, 0xe7,
    0x03, 0x1c, 0x3c, 0x10, 0x03, 0x1e, 0xf0, 0x40, 0x00, 0x6b, 0xe4, 0x2a, 0x58, 0x55, 0x50, 0x8a,
    0x22, 0x1c, 0x82, 0x1c, 0x7f, 0x78, 0xa9, 0x2a, 0x4a, 0x11, 0x09, 0x4f, 0x00, 0x8b, 0x4f, 0x24,
    0xc2, 0x3c, 0xe7, 0x25, 0x6d, 0x50, 0x4f, 0x08, 0x24, 0x57, 0x7c, 0xf0, 0xc0, 0x0b, 0x6c, 0x46,
    0x76, 0x91, 0xf2, 0xe1, 0x1b, 0xeb, 0x88, 0x04, 0x28, 0x48, 0x01, 0x0a, 0x74, 0x94, 0x96, 0x1d,
    0x03, 0x05, 0x84, 0x22, 0x38, 0xa1, 0x35, 0xea, 0x73, 0x48, 0x02, 0xe1, 0x74, 0x45, 0x39, 0x0e,
    0x41, 0x08, 0x4b, 0xe8, 0xc1, 0x19, 0xd3, 0xb8, 0x46, 0x49, 0x62, 0xb1, 0x8e, 0x43, 0x18, 0xe3,
    0xfd, 0xc0, 0xd5, 0xb1, 0x49, 0x4a, 0xf2, 0x09, 0xad, 0x39, 0x20, 0x43, 0x36, 0xf9, 0x47, 0xdc,
    0x0d, 0x2a, 0x95, 0x64, 0xfc, 0x81, 0x08, 0xf9, 0x23, 0x82, 0x15, 0x5c, 0x31, 0x92, 0x1d, 0x93,
    0x42, 0x0f, 0x1e, 0x40, 0xcc, 0x1e, 0x40, 0x81, 0x95, 0x8a, 0x44, 0x26, 0xa6, 0x60, 0xc9, 0x17,
    0x89, 0x6c, 0x72, 0x76, 0xa6, 0xb4, 0xe5, 0x11, 0x02, 0xf9, 0x84, 0x1c, 0x2e, 0x41, 0x09, 0x79,
    0xb1, 0xc1, 0x0a, 0x6c, 0xf0, 0xcb, 0x45, 0x4a, 0x4b, 0x98, 0x0f, 0x48, 0xc0, 0x03, 0x60, 0x38,
    0x04, 0x2b, 0xba, 0xb2, 0x95, 0xb0, 0x44, 0x93, 0x33, 0x73, 0x66, 0x9d, 0x22, 0x45, 0xd3, 0x96,
    0x9e, 0x1c, 0x61, 0xa1, 0x7c, 0x20, 0x3f, 0xb4, 0x9c, 0xf2, 0x9b, 0xc3, 0x14, 0xa7, 0x0e, 0x82,
    0xe0, 0xff, 0x03, 0x73, 0x9e, 0x72, 0x8a, 0xcb, 0x14, 0x03, 0x54, 0xd6, 0x59, 0xb5, 0x17, 0x84,
    0x87, 0x0a, 0x2f, 0x28, 0x81, 0x22, 0xa5, 0x19, 0x84, 0x39, 0x6d, 0xf3, 0x03, 0xc4, 0x1c, 0x27,
    0x14, 0x28, 0xa8, 0x4c, 0x70, 0x8a, 0x93, 0x5d, 0x23, 0xab, 0xa3, 0x0c, 0x15, 0x2a, 0xc2, 0x4c,
    0x3d, 0x41, 0x09, 0x4f, 0x90, 0x48, 0x0a, 0xe3, 0xc6, 0xc2, 0x2a, 0x24, 0x74, 0xa1, 0x99, 0x2a,
    0x42, 0x11, 0x80, 0xf0, 0x1b, 0xe0, 0xa4, 0x00, 0xa2, 0xe2, 0x34, 0x26, 0x45, 0x67, 0xf8, 0x03,
    0x28, 0xe4, 0xd3, 0x01, 0x13, 0xb0, 0x16, 0xc1, 0x48, 0x00, 0xa1, 0x64, 0xb6, 0x40, 0xa1, 0xdd,
    0x3c, 0x42, 0x11, 0x82, 0x90, 0x04, 0x89, 0xac, 0x29, 0x45, 0x22, 0x80, 0x9e, 0x49, 0x81, 0x2a,
    0xcd, 0x41, 0x35, 0xe1, 0xa3, 0x3a, 0x00, 0x52, 0x0e, 0x40, 0x10, 0x81, 0x07, 0x44, 0x40, 0xa6,
    0x74, 0x9c, 0x22, 0x12, 0x84, 0x59, 0xd5, 0x07, 0x60, 0x94, 0x05, 0x39, 0xb0, 0x01, 0x40, 0xab,
    0xc8, 0x54, 0x78, 0x16, 0x35, 0x22, 0x7c, 0x82, 0x81, 0x0a, 0xae, 0xf3, 0xb8, 0xc8, 0x95, 0x15,
    0x77, 0xd9, 0xd1, 0x22, 0x19, 0xc2, 0xf0, 0x85, 0xba, 0xd2, 0x95, 0x0b, 0x5c, 0xd0, 0x82, 0x12,
    0x8a, 0xb0, 0xd1, 0x36, 0x2a, 0x41, 0x8b, 0x61, 0xe0, 0xc2, 0x16, 0xb8, 0xe0, 0x85, 0xc2, 0x7e,
    0x21, 0x0c, 0x5e, 0x00, 0x13, 0x05, 0xfb, 0x1a, 0xd4, 0x23, 0x0c, 0xe1, 0xac, 0x10, 0x79, 0x14,
    0x7d, 0x7c, 0x09, 0xa6, 0x9f, 0x2e, 0xb4, 0x08, 0x42, 0x78, 0x82, 0x1c, 0xe6, 0xc0, 0xd9, 0xce,
    0x72, 0x96, 0x0e, 0x74, 0x98, 0xc3, 0x13, 0xf8, 0x1a, 0x2b, 0xa6, 0x4a, 0x61, 0xb3, 0x73, 0x00,
    0xad, 0x6a, 0x43, 0x4b, 0x07, 0x39, 0x8c, 0x56, 0xa8, 0x2a, 0x2d, 0x2d, 0x4a, 0x1f, 0x2b, 0x11,
    0x73, 0xff, 0xa9, 0x80, 0x3d, 0x38, 0xf0, 0x98, 0x42, 0xed, 0x82, 0x4d, 0x25, 0x2c, 0xa1, 0x09,
    0x4e, 0x90, 0x42, 0x16, 0xb4, 0x40, 0xdc, 0xe2, 0x12, 0x37, 0x0b, 0xc8, 0xdd, 0x6b, 0xe6, 0x60,
    0xb0, 0x02, 0x2a, 0x2a, 0x61, 0xb8, 0x5a, 0x40, 0x2e, 0x72, 0x8d, 0x9b, 0x05, 0x29, 0x38, 0xe1,
    0xa9, 0x4f, 0x68, 0x82, 0x6c, 0x1b, 0x4b, 0xdb, 0x88, 0xa4, 0x20, 0x04, 0x38, 0x2a, 0xc3, 0x17,
    0xb4, 0x13, 0xa6, 0x0a, 0xe1, 0x47, 0x35, 0x5f, 0x60, 0x43, 0x16, 0x1a, 0xb0, 0x00, 0x06, 0xb8,
    0xf7, 0xbd, 0xee, 0x5d, 0x40, 0x03, 0xc8, 0x99, 0xb9, 0x57, 0x0d, 0x41, 0x98, 0xec, 0x85, 0x2f,
    0x7c, 0xe5, 0x9b, 0x85, 0x35, 0x84, 0x61, 0x8b, 0x62, 0x20, 0xaf, 0x65, 0xb9, 0x0b, 0xd9, 0x87,
    0x94, 0x00, 0x04, 0x20, 0x92, 0x83, 0x19, 0x04, 0xec, 0xba, 0xd5, 0xac, 0xe6, 0x0d, 0x75, 0xe8,
    0x02, 0x02, 0x06, 0x40, 0xe1, 0x0a, 0x5b, 0xf8, 0x00, 0x3a, 0x38, 0x66, 0xa6, 0xa4, 0xc0, 0xe1,
    0x20, 0x40, 0x41, 0x07, 0x07, 0xb0, 0xb0, 0x88, 0x07, 0x80, 0x80, 0x2e, 0xb4, 0x36, 0x36, 0x65,
    0x60, 0xf0, 0x65, 0x89, 0x2a, 0x11, 0x1c, 0xb0, 0x40, 0x07, 0x62, 0x80, 0x43, 0x8a, 0x2b, 0x68,
    0xde, 0xe2, 0x5c, 0x61, 0x0b, 0x5d, 0xa0, 0x42, 0x7e, 0xf5, 0x1b, 0xdf, 0xf9, 0x4a, 0x01, 0x73,
    0x8e, 0x1d, 0xe3, 0x56, 0x7b, 0xb0, 0x63, 0x1e, 0xcb, 0x97, 0x0a, 0x5d, 0xe0, 0x02, 0x1a, 0xda,
    0x30, 0xe3, 0xf2, 0x2e, 0xf4, 0xa3, 0x21, 0x8d, 0x08, 0x73, 0xdc, 0xc2, 0x64, 0x15, 0x0f, 0x01,
    0x8f, 0x61, 0x90, 0xc3, 0x16, 0xaa, 0x1a, 0x01, 0x2a, 0x70, 0x01, 0xba, 0xd1, 0x9d, 0xee, 0x70,
    0xc9, 0x60, 0x86, 0x2f, 0x2c, 0xc1, 0x09, 0x3d, 0xe0, 0xf2, 0x16, 0xde, 0x10, 0x86, 0xe8, 0x86,
    0x19, 0xff, 0xcc, 0x59, 0xe0, 0x02, 0x15, 0xb8, 0xcc, 0x85, 0x39, 0x90, 0x41, 0xc5, 0xbf, 0xcc,
    0x8e, 0x40, 0xad, 0x12, 0x11, 0x04, 0xa9, 0xa1, 0xca, 0x15, 0xb4, 0x5a, 0x12, 0x1c, 0x59, 0x86,
    0x39, 0x70, 0x21, 0x9c, 0x0f, 0xf8, 0x42, 0x1d, 0x42, 0xfb, 0x59, 0xd0, 0x76, 0x16, 0xc5, 0x4b,
    0x60, 0x42, 0x3e, 0x1f, 0x50, 0x67, 0x35, 0x74, 0x56, 0xb5, 0x97, 0xae, 0xc3, 0x17, 0x10, 0x5d,
    0xe7, 0x3b, 0xd3, 0xd8, 0x87, 0xd9, 0x31, 0x83, 0x3a, 0x23, 0x22, 0x94, 0x3f, 0x37, 0x99, 0xb9,
    0x2f, 0x18, 0x63, 0x18, 0x0c, 0x8d, 0x68, 0x2a, 0x44, 0x17, 0x0c, 0xb0, 0xee, 0x82, 0xac, 0x61,
    0x0d, 0x06, 0x53, 0x73, 0x38, 0xcd, 0x56, 0xad, 0x33, 0x1a, 0x68, 0x2d, 0xeb, 0x2e, 0xd0, 0x7a,
    0xb8, 0x54, 0xe0, 0xb4, 0x9d, 0xc1, 0xb4, 0xa4, 0xb7, 0x86, 0xba, 0x99, 0x5d, 0xa4, 0xcb, 0x6b,
    0x95, 0x86, 0xeb, 0x08, 0x70, 0x81, 0x0e, 0x5c, 0x90, 0x40, 0x04, 0x22, 0x50, 0x80, 0x02, 0x28,
    0x40, 0x03, 0xd8, 0xce, 0x80, 0xb6, 0xb1, 0xad, 0x01, 0x30, 0xa4, 0x01, 0x0d, 0x6b, 0x0a, 0xec,
    0x60, 0xcb, 0x90, 0x06, 0x30, 0x70, 0x5b, 0xdb, 0x19, 0xe0, 0xb6, 0x02, 0xaa, 0x3d, 0x6d, 0x09,
    0x74, 0x61, 0x0e, 0x61, 0xd0, 0x41, 0x00, 0xa3, 0x79, 0x6c, 0x59, 0x3a, 0xe4, 0x6d, 0x69, 0x88,
    0x02, 0x5f, 0x87, 0x60, 0x53, 0x44, 0x77, 0x21, 0xc2, 0xd2, 0x8e, 0x40, 0x00, 0x00, 0x20, 0x80,
    0x74, 0x6b, 0x00, 0xdd, 0xdc, 0x6e, 0x83, 0x67, 0x53, 0xeb, 0xe8, 0x39, 0xb4, 0xe1, 0xdc, 0xdb,
    0x3e, 0xb8, 0x00, 0x00, 0x10, 0x80, 0x76, 0xbf, 0x3b, 0x0c, 0x30, 0x90, 0x1d, 0xbd, 0x99, 0x99,
    0x49, 0x88, 0xd4, 0x35, 0xb1, 0x40, 0x08, 0x82, 0x11, 0x2c, 0xfa, 0x00, 0x2a, 0x78, 0x81, 0x0a,
    0x12, 0xff, 0x90, 0xb6, 0x00, 0x02, 0x50, 0x80, 0x74, 0xa3, 0x3b, 0xe2, 0x56, 0x70, 0xf3, 0x71,
    0xa5, 0xab, 0x05, 0x2b, 0x64, 0xfb, 0xe5, 0x07, 0x2f, 0x40, 0x00, 0x04, 0x10, 0x81, 0x94, 0x73,
    0x21, 0x0e, 0x5f, 0xc8, 0xc1, 0x1a, 0x8f, 0x95, 0x67, 0x58, 0xee, 0x31, 0x22, 0xc7, 0x09, 0xc3,
    0x07, 0x48, 0xd9, 0x82, 0x1b, 0x50, 0x01, 0x0b, 0x4d, 0x60, 0x80, 0x01, 0x0e, 0x40, 0xcc, 0x2e,
    0x83, 0x81, 0x0a, 0x05, 0x20, 0x78, 0x44, 0x11, 0xa0, 0x00, 0x05, 0x20, 0x60, 0x01, 0x08, 0xa8,
    0x76, 0x01, 0x16, 0x40, 0xf6, 0xb2, 0x8b, 0xfd, 0xeb, 0x0b, 0x88, 0x28, 0xd9, 0x11, 0xb0, 0xf2,
    0x02, 0x98, 0x5c, 0x0b, 0xd6, 0x6d, 0xc2, 0x10, 0xe4, 0xd9, 0xcd, 0xee, 0x22, 0x50, 0x0d, 0x5e,
    0xe0, 0xc0, 0x6d, 0x76, 0xc3, 0xc2, 0x29, 0x4c, 0xd8, 0x00, 0x09, 0x10, 0xe7, 0xbf, 0xb9, 0x90,
    0x75, 0x01, 0x04, 0x3e, 0x01, 0x04, 0x48, 0x7c, 0x85, 0x07, 0x1e, 0x80, 0xc4, 0x3b, 0x9e, 0x00,
    0x8c, 0xa7, 0x30, 0x01, 0x0e, 0x4f, 0x00, 0x0a, 0x07, 0x80, 0xe5, 0xcf, 0x4e, 0x83, 0x13, 0x84,
    0x40, 0xda, 0xa6, 0x0e, 0xb5, 0xc0, 0x48, 0x67, 0xf3, 0xd2, 0x3d, 0x60, 0x02, 0x14, 0xf4, 0xbd,
    0x01, 0x08, 0x60, 0x40, 0xd5, 0xb5, 0x40, 0x07, 0x2b, 0xe8, 0x5c, 0x00, 0x11, 0x65, 0x40, 0x7b,
    0xe3, 0xbb, 0x72, 0x01, 0x18, 0xe0, 0xf6, 0xb8, 0xaf, 0xfd, 0xec, 0x63, 0x2f, 0xfb, 0xb6, 0x67,
    0x41, 0x0e, 0xe3, 0xed, 0x7c, 0x53, 0xa1, 0x8c, 0x91, 0x8f, 0x93, 0xd4, 0x42, 0x53, 0x48, 0xbe,
    0xf2, 0xab, 0xc0, 0xc0, 0x56, 0x77, 0xe1, 0xcd, 0x59, 0xe8, 0xc2, 0x14, 0x16, 0x40, 0x00, 0xdc,
    0x5b, 0xdf, 0x00, 0x04, 0x58, 0xc0, 0x14, 0xba, 0x90, 0x85, 0x2d, 0x78, 0x3f, 0xfa, 0xd3, 0x1f,
    0x80, 0xff, 0xf6, 0xb1, 0x50, 0x05, 0x20, 0x7b, 0xfe, 0x09, 0x7b, 0x46, 0x61, 0x1c, 0xcc, 0x70,
    0xfc, 0xd5, 0x60, 0xe1, 0xfd, 0xf0, 0x67, 0xfe, 0x14, 0x10, 0xed, 0x85, 0x45, 0xaf, 0xb6, 0x0e,
    0x5e, 0x60, 0x40, 0xf5, 0xaf, 0x7f, 0x7b, 0x02, 0x30, 0xa0, 0xfe, 0xab, 0x45, 0x07, 0xf8, 0xb7,
    0x00, 0x24, 0xd6, 0x04, 0xe4, 0x97, 0x04, 0xb1, 0x65, 0x4b, 0x98, 0x75, 0x49, 0x6f, 0x51, 0x7c,
    0x5f, 0xe0, 0x05, 0x3a, 0x80, 0x02, 0x36, 0x00, 0x23, 0xe7, 0x85, 0x1f, 0xcd, 0x47, 0x4c, 0x5e,
    0x26, 0x5d, 0xc8, 0x25, 0x7d, 0xd4, 0xc7, 0x7f, 0xfd, 0xa7, 0x7d, 0xdc, 0xa7, 0x81, 0xd2, 0x87,
    0x7a, 0x0d, 0x30, 0x05, 0xe4, 0x87, 0x3d, 0xd5, 0x84, 0x4d, 0x1e, 0x15, 0x5c, 0x61, 0xb1, 0x3e,
    0x6f, 0x20, 0x06, 0xa3, 0xe7, 0x03, 0x45, 0xf0, 0x03, 0x37, 0xd0, 0x74, 0x45, 0xa0, 0x04, 0x4e,
    0x60, 0x63, 0xaf, 0x13, 0x3f, 0x1b, 0x50, 0x64, 0xef, 0xb5, 0x00, 0x1e, 0x78, 0x7d, 0xb3, 0xb7,
    0x5f, 0xf3, 0x95, 0x7c, 0xff, 0xf5, 0x18, 0x73, 0x85, 0x1f, 0x4b, 0x30, 0x04, 0xe8, 0x67, 0x06,
    0x7c, 0xb6, 0x3c, 0x6e, 0xf0, 0x05, 0x1e, 0x30, 0x1c, 0x41, 0x00, 0x39, 0xa3, 0xe2, 0x4b, 0x47,
    0xa0, 0x04, 0x3a, 0x58, 0x05, 0x36, 0x90, 0x03, 0x1f, 0x10, 0x62, 0x23, 0x36, 0x00, 0xb8, 0xf7,
    0x78, 0x89, 0x87, 0x7b, 0x61, 0x38, 0x00, 0x07, 0x30, 0x05, 0x78, 0x85, 0x5a, 0x9c, 0x25, 0x07,
    0xab, 0x51, 0x05, 0x4b, 0xc8, 0x71, 0x18, 0xb1, 0x06, 0x51, 0xf8, 0x1d, 0x32, 0x58, 0x6c, 0x82,
    0xa2, 0x04, 0x0e, 0xf6, 0x86, 0x29, 0xf0, 0x52, 0x0c, 0xf0, 0x75, 0x08, 0x10, 0x88, 0x82, 0x78,
    0x00, 0x84, 0x28, 0x88, 0x83, 0x58, 0x88, 0x86, 0x08, 0x88, 0x0c, 0xd0, 0x03, 0xc9, 0x07, 0x66,
    0xd1, 0xff, 0x85, 0x1f, 0xda, 0xa1, 0x47, 0xf6, 0x26, 0x17, 0x75, 0xd8, 0x19, 0xa5, 0x84, 0x4e,
    0x60, 0xb0, 0x45, 0x65, 0x80, 0x06, 0x5f, 0xc0, 0x03, 0x35, 0x50, 0x03, 0x34, 0x10, 0x8a, 0xa2,
    0x28, 0x8a, 0xd3, 0x16, 0x01, 0xa3, 0x18, 0x8a, 0xa5, 0x78, 0x8a, 0xa3, 0xf8, 0x87, 0x65, 0xd7,
    0x5e, 0xf2, 0x45, 0x03, 0x3c, 0xc0, 0x03, 0xf8, 0xb1, 0x11, 0x72, 0x10, 0x07, 0x62, 0x20, 0x1d,
    0x88, 0xd4, 0x25, 0x95, 0xa4, 0x59, 0x9e, 0x75, 0x06, 0x9e, 0x18, 0x8b, 0xc0, 0x18, 0x8c, 0x35,
    0x50, 0x8a, 0x35, 0x20, 0x8c, 0xc4, 0x18, 0x8c, 0xc0, 0x48, 0x03, 0x13, 0x46, 0x86, 0x24, 0x06,
    0x8b, 0x35, 0x20, 0x1e, 0x57, 0xb0, 0x11, 0x62, 0x80, 0x58, 0xd2, 0x31, 0x74, 0xc7, 0xa2, 0x04,
    0x8e, 0xe4, 0x88, 0x58, 0xf0, 0x89, 0xdc, 0xd8, 0x8d, 0xa4, 0x38, 0x6d, 0xaa, 0x98, 0x8a, 0xa1,
    0xd8, 0x8d, 0x3c, 0x40, 0x03, 0x52, 0x77, 0x00, 0xb8, 0x87, 0x8e, 0x0c, 0x00, 0x8b, 0xb2, 0xb8,
    0x1a, 0x1b, 0x91, 0x46, 0x1e, 0xf0, 0x29, 0x2a, 0x10, 0x47, 0xa0, 0xf4, 0x05, 0x71, 0xb0, 0x5e,
    0xae, 0xd8, 0x5e, 0x15, 0xb0, 0x8f, 0xc5, 0x58, 0x03, 0x31, 0x20, 0x03, 0x31, 0xb0, 0x6e, 0x05,
    0x20, 0x00, 0x04, 0x59, 0x8a, 0xa5, 0x48, 0x90, 0x02, 0x50, 0x6d, 0x0a, 0xf0, 0x8f, 0x31, 0x50,
    0x8c, 0x34, 0x10, 0x4e, 0x09, 0x80, 0x8e, 0x07, 0x10, 0x78, 0x0f, 0x80, 0x05, 0x67, 0x20, 0x06,
    0x66, 0x90, 0x14, 0x1b, 0x21, 0x1c, 0x1b, 0x60, 0x1d, 0x1c, 0xa4, 0x1f, 0x4e, 0x50, 0x06, 0x74,
    0xa0, 0x05, 0xcb, 0x58, 0x79, 0x07, 0x30, 0x01, 0xfc, 0xe8, 0x89, 0x0c, 0x39, 0x71, 0x14, 0x47,
    0x71, 0x06, 0x39, 0x6d, 0x8c, 0x07, 0x00, 0x04, 0xc7, 0x90, 0x0e, 0xe9, 0x00, 0x81, 0x87, 0x7d,
    0x80, 0xec, 0x27, 0x4e, 0xba, 0xb6, 0x14, 0x1b, 0xd9, 0x19, 0x1e, 0x79, 0x45, 0x49, 0x90, 0x04,
    0x52, 0x40, 0x06, 0x73, 0xa0, 0x05, 0xe7, 0x88, 0x8e, 0x08, 0xb0, 0x8f, 0x15, 0xc0, 0x8d, 0x0c,
    0xa9, 0x00, 0x09, 0x29, 0x76, 0x2f, 0x49, 0x6d, 0x62, 0x27, 0x00, 0x0b, 0x09, 0x90, 0x35, 0x19,
    0x78, 0xb2, 0xa7, 0x7a, 0xb9, 0x26, 0x07, 0x81, 0x71, 0x74, 0x19, 0xf1, 0x3d, 0xd7, 0x31, 0x04,
    0x44, 0x00, 0x59, 0x6a, 0x20, 0x07, 0x87, 0x16, 0x78, 0x48, 0xf9, 0x01, 0x2c, 0x70, 0x02, 0x33,
    0x10, 0x03, 0x6e, 0xf9, 0x96, 0x6e, 0x19, 0x8a, 0x1d, 0xf0, 0x7a, 0x6d, 0xd7, 0x01, 0xa1, 0x08,
    0x97, 0x78, 0x39, 0x10, 0xd0, 0x85, 0x57, 0x4a, 0x86, 0x6c, 0x1c, 0xc1, 0x91, 0x0d, 0xa2, 0x02,
    0x42, 0xc0, 0x62, 0x02, 0xc1, 0x06, 0x5a, 0x06, 0x91, 0x06, 0x40, 0x62, 0x1f, 0x60, 0x03, 0x27,
    0x80, 0x97, 0x6f, 0x29, 0x03, 0x0e, 0x39, 0x71, 0x97, 0x47, 0x70, 0xce, 0x08, 0x90, 0x8e, 0x19,
    0x03, 0x03, 0xd1, 0x86, 0x72, 0xb0, 0x99, 0x3c, 0xd9, 0x11, 0xf0, 0xc8, 0x1e, 0x39, 0x70, 0x66,
    0x51, 0x66, 0x07, 0x65, 0xc9, 0x05, 0x5d, 0x25, 0x7b, 0x0d, 0xf0, 0x01, 0x39, 0xd0, 0x98, 0x97,
    0xd9, 0x90, 0xe5, 0xa8, 0x73, 0x97, 0xc7, 0x72, 0xce, 0xd8, 0x9a, 0x98, 0x29, 0x10, 0x19, 0x89,
    0x06, 0x47, 0xc1, 0x17, 0x5e, 0x29, 0x8d, 0x75, 0xf5, 0x1c, 0x03, 0x55, 0x10, 0x7c, 0x59, 0x5c,
    0x8d, 0x71, 0x10, 0x6f, 0x03, 0x07, 0x40, 0x81, 0x20, 0x43, 0xb4, 0x70, 0x73, 0x30, 0x9c, 0x06,
    0x31, 0x17, 0xb9, 0x99, 0x9b, 0x07, 0x94, 0x14, 0xd2, 0x89, 0x06, 0x7e, 0x11, 0x10, 0x00, 0x21,
    0xf9, 0x04, 0x09, 0x10, 0x00, 0x74, 0x00, 0x2c, 0x00, 0x00, 0x00, 0x00, 0x60, 0x00, 0x60, 0x00,
    0x86, 0xff, 0xfd, 0xf4, 0xfc, 0xf4, 0xe9, 0xfd, 0xec, 0xd9, 0xff, 0xe8, 0xd2, 0xff, 0xe7, 0xd1,
    0xf8, 0xe7, 0xd9, 0xfe, 0xe4, 0xce, 0xfd, 0xe5, 0xcf, 0xf9, 0xe0, 0xcc, 0xf3, 0xd9, 0xc6, 0xf0,
    0xda, 0xc6, 0xf0, 0xd8, 0xc4, 0xef, 0xd9, 0xc5, 0xef, 0xd7, 0xc3, 0xf3, 0xc5, 0xaf, 0xdf, 0xcc,
    0xbe, 0xe7, 0xb8, 0xa6, 0xd5, 0xb7, 0x96, 0xcf, 0xb3, 0x8f, 0xcc, 0xa8, 0x88, 0x97, 0x68, 0x5c,
    0x94, 0x67, 0x5a, 0x8c, 0x68, 0x61, 0x90, 0x63, 0x57, 0x7d, 0x55, 0x4b, 0x7a, 0x50, 0x46, 0x77,
    0x50, 0x47, 0x76, 0x4f, 0x46, 0x74, 0x4e, 0x45, 0x88, 0x48, 0x48, 0x6c, 0x49, 0x42, 0x63, 0x42,
    0x3e, 0x62, 0x41, 0x3e, 0x62, 0x40, 0x3d, 0x61, 0x41, 0x3d, 0x61, 0x40, 0x3d, 0x61, 0x40, 0x3c,
    0x60, 0x40, 0x3d, 0x6b, 0x3e, 0x3f, 0x60, 0x3f, 0x3c, 0x60, 0x3e, 0x3b, 0x5f, 0x3f, 0x3d, 0x5f,
    0x3e, 0x3b, 0x5e, 0x3e, 0x3c, 0x5e, 0x3e, 0x3b, 0x5e, 0x3d, 0x3c, 0x5d, 0x3e, 0x3b, 0x5d, 0x3d,
    0x3b, 0x5c, 0x3d, 0x3a, 0x5c, 0x3c, 0x3a, 0x5b, 0x3c, 0x3a, 0x5b, 0x3c, 0x39, 0x5b, 0x3b, 0x3a,
    0x56, 0x3b, 0x3a, 0xb0, 0x32, 0x42, 0xa5, 0x33, 0x42, 0x79, 0x2d, 0x3c, 0x75, 0x23, 0x34, 0x50,
    0x37, 0x38, 0x4c, 0x34, 0x36, 0x49, 0x30, 0x34, 0x70, 0x20, 0x31, 0x47, 0x30, 0x33, 0x47, 0x2f,
    0x33, 0x47, 0x2f, 0x32, 0x46, 0x2f, 0x33, 0x47, 0x2e, 0x33, 0x46, 0x2e, 0x32, 0x46, 0x2d, 0x32,
    0x45, 0x2f, 0x33, 0x45, 0x2e, 0x33, 0x45, 0x2e, 0x32, 0x41, 0x2f, 0x30, 0x45, 0x2d, 0x32, 0x44,
    0x2d, 0x32, 0x44, 0x2d, 0x31, 0x44, 0x2c, 0x31, 0x43, 0x2d, 0x31, 0x42, 0x2d, 0x31, 0x42, 0x2c,
    0x31, 0x42, 0x2c, 0x30, 0x41, 0x2c, 0x31, 0x41, 0x2b, 0x30, 0x39, 0x2d, 0x32, 0x35, 0x27, 0x2d,
    0x30, 0x24, 0x2b, 0x2d, 0x23, 0x2a, 0x27, 0x23, 0x28, 0x26, 0x23, 0x28, 0x2d, 0x21, 0x29, 0x26,
    0x22, 0x27, 0x25, 0x20, 0x26, 0x22, 0x1f, 0x25, 0x20, 0x1a, 0x21, 0x1d, 0x18, 0x1e, 0x1c, 0x19,
    0x1f, 0x1c, 0x18, 0x1f, 0x1c, 0x18, 0x1e, 0x1c, 0x18, 0x1d, 0x1b, 0x17, 0x1e, 0x19, 0x17, 0x1e,
    0x1a, 0x16, 0x1d, 0x18, 0x16, 0x1d, 0x17, 0x15, 0x1c, 0x16, 0x15, 0x1c, 0x15, 0x15, 0x1c, 0x18,
    0x15, 0x1b, 0x17, 0x15, 0x1b, 0x16, 0x15, 0x1b, 0x18, 0x14, 0x1b, 0x16, 0x14, 0x1b, 0x15, 0x14,
    0x1b, 0x13, 0x12, 0x19, 0x12, 0x11, 0x19, 0x12, 0x11, 0x18, 0x0f, 0x0f, 0x1b, 0x00, 0x00, 0x00,
    0x00, 0x00, 0x00, 0x00, 0x00, 0x00, 0x00, 0x00, 0x00, 0x00, 0x00, 0x00, 0x00, 0x00, 0x00, 0x00,
    0x00, 0x00, 0x00, 0x00, 0x00, 0x00, 0x00, 0x00, 0x00, 0x00, 0x00, 0x00, 0x00, 0x00, 0x00, 0x00,
    0x00, 0x08, 0xff, 0x00, 0xe9, 0x08, 0x1c, 0x48, 0xb0, 0xa0, 0xc1, 0x83, 0x08, 0x13, 0x2a, 0x5c,
    0xc8, 0xb0, 0xa1, 0xc3, 0x87, 0x10, 0x23, 0x4a, 0x9c, 0x48, 0xb1, 0xa2, 0xc5, 0x8b, 0x18, 0x33,
    0x6a, 0xdc, 0xc8, 0xb1, 0xa3, 0xc7, 0x8f, 0x20, 0x43, 0x8a, 0x1c, 0x49, 0xb2, 0xa4, 0xc9, 0x93,
    0x28, 0x53, 0xaa, 0x5c, 0xc9, 0xb2, 0xa5, 0xcb, 0x97, 0x30, 0x63, 0xca, 0x9c, 0x49, 0xb3, 0xa6,
    0xcd, 0x9b, 0x38, 0x73, 0xea, 0xdc, 0xc9, 0xb3, 0xa7, 0xcf, 0x9f, 0x33, 0xd7, 0x08, 0x65, 0x43,
    0x54, 0xe8, 0x1a, 0xa0, 0x17, 0xdb, 0x9c, 0x39, 0x63, 0xa6, 0xe9, 0xd2, 0x36, 0x48, 0x2d, 0x96,
    0x99, 0xba, 0x86, 0xcd, 0x9a, 0xa9, 0x65, 0xa2, 0x4a, 0x14, 0x5a, 0x46, 0xca, 0x12, 0x29, 0x03,
    0xbd, 0x4a, 0x29, 0x23, 0x54, 0xab, 0x43, 0xa5, 0x63, 0x96, 0xf0, 0x38, 0x32, 0xf0, 0x08, 0x8f,
    0x25, 0x63, 0xce, 0x40, 0x35, 0xcb, 0x70, 0xcd, 0x99, 0xae, 0x43, 0x94, 0x0c, 0x54, 0x32, 0x64,
    0xec, 0x99, 0xa3, 0x74, 0x17, 0xb2, 0x31, 0x03, 0xf8, 0xe0, 0x60, 0x36, 0x81, 0x05, 0x9b, 0x41,
    0x8c, 0xf0, 0x70, 0x62, 0x85, 0x64, 0xc6, 0x90, 0x49, 0xe8, 0xd8, 0xa7, 0xd1, 0xcb, 0x6f, 0xbe,
    0x70, 0xd0, 0xb0, 0xa1, 0x33, 0x07, 0x12, 0x28, 0x5e, 0x7c, 0x5d, 0xf2, 0x02, 0x05, 0x89, 0xcd,
    0x1c, 0xa8, 0x58, 0xb1, 0x52, 0x66, 0xa9, 0x51, 0x9e, 0x6e, 0xd0, 0xc8, 0x9e, 0x9d, 0x99, 0x03,
    0x86, 0x0c, 0xb8, 0x35, 0x7c, 0x08, 0x71, 0x62, 0x2d, 0x8f, 0x13, 0x21, 0x3e, 0x68, 0xc0, 0x90,
    0xba, 0x8a, 0x15, 0x33, 0x6e, 0x62, 0xa3, 0x71, 0xc3, 0x73, 0x4c, 0x98, 0xe7, 0xd0, 0xcb, 0x74,
    0xf1, 0xc0, 0xd9, 0xf3, 0x88, 0x13, 0x2c, 0x86, 0x3c, 0x39, 0x02, 0x83, 0x45, 0x0a, 0xd4, 0x54,
    0xaa, 0x54, 0xff, 0xf9, 0x02, 0x3d, 0xcc, 0x18, 0x9b, 0x97, 0xdd, 0x88, 0xa9, 0x01, 0x43, 0x86,
    0xfb, 0xf7, 0x30, 0x46, 0x84, 0x18, 0x41, 0xff, 0x3a, 0x89, 0x17, 0xe1, 0xa9, 0x0c, 0xf9, 0xc1,
    0x23, 0x05, 0xfd, 0x17, 0x00, 0xc6, 0x00, 0x5f, 0x0d, 0x62, 0xb8, 0x71, 0x19, 0x4c, 0xca, 0xa1,
    0xf1, 0xc6, 0x18, 0x30, 0x80, 0x50, 0x5f, 0x7d, 0x24, 0x9c, 0x20, 0xe1, 0x84, 0x27, 0xdc, 0x57,
    0x45, 0x16, 0x55, 0x34, 0xc1, 0x17, 0x0b, 0x12, 0x92, 0xe0, 0xe1, 0x83, 0x20, 0xc0, 0x30, 0xc6,
    0x1b, 0xb3, 0x31, 0xf7, 0x92, 0x73, 0xcf, 0x8d, 0xd1, 0x85, 0x0c, 0xd7, 0x51, 0xe8, 0x22, 0x85,
    0xf7, 0xe5, 0xb7, 0x1f, 0x0f, 0x2f, 0xb0, 0xc0, 0xe1, 0x8b, 0x23, 0xc8, 0xd0, 0x05, 0x8a, 0xe6,
    0xb5, 0x54, 0xd5, 0x7a, 0xed, 0xb9, 0x07, 0xc3, 0x8b, 0x44, 0xba, 0x08, 0x60, 0x8d, 0x2c, 0xbc,
    0xc0, 0xc3, 0x10, 0x3c, 0xdc, 0xf8, 0x62, 0x90, 0x32, 0xc0, 0x40, 0xa0, 0x55, 0x2a, 0xb9, 0x91,
    0x06, 0x83, 0x0e, 0xd6, 0x57, 0xe4, 0x96, 0x15, 0x7a, 0x28, 0x21, 0x0b, 0x3f, 0x28, 0xf1, 0x83,
    0x93, 0x2e, 0x42, 0x18, 0x42, 0x0c, 0x63, 0xa4, 0x61, 0x22, 0x4a, 0x63, 0xa8, 0xc8, 0x22, 0x97,
    0x70, 0xbe, 0x08, 0xa6, 0x98, 0xdd, 0x91, 0xe9, 0x22, 0x09, 0x21, 0xee, 0x78, 0x5e, 0x4a, 0x33,
    0xbc, 0x30, 0x64, 0x9c, 0x80, 0x4e, 0x08, 0xe6, 0x11, 0x47, 0xfc, 0xc0, 0x9f, 0x9d, 0x12, 0x8e,
    0xc0, 0xc1, 0x06, 0x1c, 0xb8, 0x00, 0xc3, 0x0c, 0x2a, 0x91, 0xf0, 0xc1, 0x08, 0x11, 0x52, 0xa8,
    0xc2, 0xa5, 0x98, 0x06, 0x2a, 0xe8, 0x0f, 0x84, 0x12, 0x3a, 0x26, 0x91, 0x23, 0x6c, 0x90, 0xc1,
    0x06, 0x21, 0x84, 0x80, 0x82, 0x4a, 0x2a, 0xf0, 0x66, 0xa3, 0x93, 0x1f, 0xb4, 0xea, 0xea, 0x7c,
    0x2d, 0xc6, 0xff, 0xc9, 0x02, 0x0f, 0x86, 0x7a, 0x8a, 0xe8, 0x09, 0x8a, 0x32, 0x0a, 0x02, 0x08,
    0x24, 0x9c, 0x94, 0x2a, 0x0a, 0x5f, 0x2e, 0xc9, 0x83, 0x0a, 0x27, 0x7c, 0x70, 0x41, 0x05, 0x17,
    0x24, 0x7b, 0x01, 0x67, 0x1c, 0xc4, 0x0a, 0xa7, 0x8d, 0x30, 0x84, 0xf9, 0x29, 0xa8, 0x21, 0x80,
    0xb0, 0xe8, 0x06, 0x1a, 0x70, 0x46, 0x92, 0x0a, 0xbb, 0x7d, 0x29, 0x2d, 0xb1, 0x1f, 0x54, 0x40,
    0x41, 0x05, 0xe4, 0x56, 0x90, 0x41, 0xb6, 0x2d, 0x62, 0x9a, 0x29, 0x91, 0x73, 0x4e, 0x5b, 0x64,
    0xa8, 0xd9, 0x6a, 0x30, 0x2a, 0x49, 0x28, 0xf0, 0xe6, 0xad, 0x98, 0xe0, 0x1e, 0x5b, 0x6e, 0x05,
    0xcc, 0xb6, 0xe8, 0xaa, 0xab, 0x45, 0xb6, 0x9b, 0xc2, 0x7c, 0xef, 0x62, 0x1b, 0xaf, 0x06, 0x21,
    0xfd, 0xf8, 0xe6, 0xbd, 0x9f, 0x8e, 0x20, 0x6f, 0x06, 0xe4, 0x5e, 0xf0, 0x01, 0xae, 0x27, 0x70,
    0x7b, 0x6c, 0xb2, 0xc8, 0x7e, 0x40, 0xac, 0x8b, 0x60, 0x2e, 0xe1, 0x03, 0x6a, 0xce, 0x4e, 0x08,
    0x6f, 0xb6, 0x19, 0x70, 0xe0, 0x85, 0x81, 0x1e, 0xb5, 0x81, 0x46, 0x18, 0x0b, 0x63, 0x27, 0x2d,
    0x87, 0xf0, 0x42, 0x3c, 0xae, 0xc6, 0x12, 0x5a, 0x3c, 0xae, 0xb8, 0x17, 0x80, 0xc0, 0xc2, 0xc6,
    0x9b, 0x7a, 0xbc, 0xd9, 0x06, 0x21, 0x27, 0x6a, 0xb0, 0xbc, 0x1c, 0x7c, 0xe1, 0xc6, 0x5c, 0x1c,
    0xad, 0xb1, 0xf2, 0x9b, 0x36, 0x2a, 0xc9, 0x24, 0xcc, 0xd8, 0x66, 0xa0, 0xac, 0x08, 0x2f, 0x10,
    0x6b, 0xf1, 0xbe, 0x12, 0x83, 0x30, 0x31, 0x85, 0x1d, 0xfb, 0x20, 0xaa, 0x6e, 0xf4, 0x95, 0x79,
    0x2d, 0xd1, 0x46, 0x17, 0xb6, 0x91, 0xd2, 0x2c, 0x87, 0x30, 0xeb, 0x10, 0x3e, 0x20, 0x29, 0xb4,
    0x06, 0x1c, 0xec, 0xc0, 0x03, 0xad, 0xfc, 0xe5, 0xbb, 0x2f, 0xb2, 0xc9, 0xd2, 0xec, 0x6d, 0x13,
    0x3c, 0x5c, 0xff, 0xdc, 0x6f, 0x99, 0x23, 0x80, 0x20, 0x6a, 0xd1, 0x28, 0x77, 0xe4, 0xc6, 0x82,
    0x32, 0xa8, 0xfd, 0x32, 0x85, 0xa1, 0x96, 0x0c, 0x44, 0x13, 0x4b, 0x28, 0x51, 0xa8, 0xdd, 0x77,
    0xcf, 0xcc, 0x33, 0x98, 0x7c, 0x5f, 0x30, 0xee, 0xb9, 0x40, 0x83, 0x3a, 0x38, 0x18, 0x6f, 0xac,
    0xb9, 0x91, 0x18, 0x6e, 0xaa, 0x3d, 0x44, 0x13, 0x43, 0x90, 0x99, 0x2b, 0x07, 0x3e, 0x48, 0xee,
    0x29, 0xe5, 0x77, 0x4b, 0x7c, 0xf9, 0x0f, 0x99, 0x6f, 0x7e, 0xee, 0xa4, 0x21, 0x2b, 0xaa, 0x81,
    0x07, 0x3b, 0x8a, 0x71, 0x36, 0x1b, 0x40, 0x0e, 0x19, 0x63, 0x15, 0x54, 0xb0, 0x10, 0x82, 0x87,
    0x24, 0xa8, 0x30, 0xf7, 0x5a, 0x9d, 0x4e, 0x5e, 0xac, 0xbe, 0xe5, 0xe6, 0xe6, 0x2c, 0xe6, 0x7d,
    0x63, 0xfd, 0x37, 0xe3, 0xf3, 0xc1, 0x20, 0xa5, 0x18, 0x54, 0x26, 0xb5, 0x72, 0x83, 0xf6, 0xe1,
    0x67, 0x05, 0x15, 0x34, 0xb4, 0x60, 0x7e, 0x0b, 0x31, 0x30, 0x21, 0xc5, 0x76, 0xcd, 0xff, 0x90,
    0xef, 0xcd, 0xe4, 0x72, 0x3e, 0x3d, 0xed, 0x7d, 0xc3, 0x6f, 0x2e, 0xba, 0x45, 0xe2, 0x09, 0x43,
    0x18, 0x68, 0x20, 0x5d, 0x11, 0xda, 0x0b, 0x8b, 0xd1, 0xf8, 0x3e, 0xe0, 0x81, 0x02, 0x7a, 0xe0,
    0x03, 0x3a, 0x48, 0x60, 0x10, 0xda, 0x67, 0x37, 0x65, 0x2d, 0x8b, 0x51, 0xf3, 0xcb, 0x9c, 0x03,
    0x1f, 0xc8, 0x81, 0x14, 0xac, 0xca, 0x46, 0x8c, 0x93, 0x01, 0xff, 0xcc, 0x46, 0x11, 0x00, 0xb6,
    0x28, 0x46, 0x59, 0x98, 0xc2, 0x04, 0x46, 0x48, 0x42, 0x12, 0xea, 0xe0, 0x09, 0x0b, 0x2c, 0xd4,
    0x8d, 0x5a, 0x25, 0x02, 0xb9, 0xed, 0x00, 0x57, 0x21, 0x1b, 0x94, 0x5b, 0x78, 0xb0, 0x03, 0x11,
    0xb4, 0x8a, 0x60, 0x74, 0x33, 0x54, 0x93, 0x44, 0xa6, 0x41, 0x34, 0x70, 0x70, 0x22, 0x87, 0x1b,
    0x43, 0x00, 0xff, 0xf1, 0x13, 0xc2, 0x12, 0x1a, 0x71, 0x07, 0x52, 0xe8, 0x94, 0xbb, 0xb0, 0x73,
    0xba, 0xd4, 0xb1, 0x8b, 0x53, 0x47, 0x58, 0xc2, 0x12, 0x86, 0x50, 0xb5, 0x8d, 0xc9, 0xd0, 0x56,
    0x3c, 0x4c, 0x13, 0x63, 0x2c, 0x42, 0xba, 0x15, 0x7d, 0x90, 0x88, 0x48, 0x30, 0x62, 0x09, 0x75,
    0xe0, 0x16, 0x1d, 0xde, 0xe8, 0x52, 0x2f, 0x58, 0x1c, 0xd7, 0x58, 0x10, 0xad, 0xf6, 0x91, 0xe9,
    0x8a, 0x2a, 0xe4, 0x61, 0x17, 0xc8, 0x90, 0x95, 0x0e, 0x02, 0x8f, 0x3d, 0x7f, 0x12, 0xd4, 0xe9,
    0x94, 0xb0, 0x83, 0x04, 0xea, 0x60, 0x07, 0x33, 0x20, 0x21, 0x71, 0x2a, 0x88, 0x41, 0xec, 0xd0,
    0x0d, 0x8b, 0x82, 0xa2, 0x5b, 0x10, 0x16, 0x89, 0x48, 0x6f, 0xb9, 0x91, 0x6b, 0x4a, 0x78, 0xc2,
    0x58, 0xca, 0x12, 0x11, 0x95, 0x85, 0x01, 0x7c, 0x1c, 0x83, 0xe2, 0x13, 0x36, 0xd9, 0x04, 0x29,
    0xec, 0x40, 0x90, 0xd9, 0xe2, 0x55, 0xa5, 0xe0, 0xb8, 0xc4, 0x41, 0x29, 0x01, 0x0a, 0x52, 0x80,
    0x42, 0x23, 0x5d, 0xf6, 0xc8, 0x4d, 0x9d, 0xae, 0x35, 0xfe, 0x73, 0x88, 0x07, 0xe5, 0x04, 0xc5,
    0x45, 0x06, 0xc1, 0x07, 0x4d, 0xd0, 0x01, 0x09, 0x4b, 0x46, 0xc8, 0x1b, 0x91, 0xf2, 0x8d, 0x9c,
    0x0a, 0x82, 0x1f, 0x17, 0x58, 0x4a, 0x28, 0xae, 0x72, 0x50, 0x4f, 0x68, 0xcd, 0x0f, 0xeb, 0xb2,
    0xb4, 0xa0, 0xc1, 0xb1, 0x53, 0x41, 0xe8, 0xa3, 0x0e, 0x78, 0xe0, 0x03, 0x1f, 0xe8, 0x70, 0x60,
    0x2a, 0x30, 0x66, 0x1c, 0x05, 0xe5, 0x03, 0x29, 0xe8, 0x20, 0x02, 0x10, 0x88, 0x80, 0x0e, 0xa0,
    0xe0, 0x03, 0x60, 0xb6, 0xd2, 0x91, 0xc9, 0xfc, 0xcb, 0x56, 0x9a, 0xd9, 0xa5, 0x51, 0x6a, 0xb3,
    0x79, 0x9b, 0x7c, 0x82, 0x14, 0x23, 0xc7, 0x97, 0x18, 0xa8, 0x20, 0x06, 0xda, 0x2c, 0x65, 0x37,
    0x75, 0x00, 0xff, 0x01, 0x07, 0x40, 0x40, 0x07, 0x52, 0x08, 0x82, 0x39, 0x95, 0x68, 0xce, 0x64,
    0xa2, 0x61, 0x8b, 0x0f, 0x99, 0xe5, 0x91, 0x1c, 0xd9, 0x3c, 0x68, 0x2e, 0xd2, 0x50, 0x10, 0xe5,
    0x41, 0x01, 0x3f, 0xe0, 0x83, 0x73, 0x62, 0x67, 0x9f, 0xfd, 0x84, 0x40, 0x0d, 0x7e, 0xb0, 0x83,
    0x81, 0x22, 0x12, 0x5a, 0x9c, 0x7a, 0x82, 0x17, 0xa6, 0xb2, 0xce, 0xb4, 0xe1, 0x87, 0x78, 0x2f,
    0x20, 0xc1, 0x33, 0x1b, 0xfa, 0x83, 0x3a, 0xdd, 0xd3, 0x03, 0xe0, 0x14, 0x27, 0x14, 0x52, 0xa8,
    0x4f, 0x6f, 0x66, 0x94, 0x02, 0xc9, 0x02, 0xc1, 0xec, 0xdc, 0xa8, 0xd2, 0x43, 0x12, 0xea, 0x09,
    0x4d, 0x78, 0x82, 0x44, 0x82, 0x98, 0xb8, 0x17, 0x5c, 0xa8, 0x0a, 0x29, 0x5d, 0x29, 0xa1, 0x86,
    0xb0, 0x1f, 0xe0, 0x04, 0x07, 0x05, 0x1e, 0xc8, 0xe8, 0x38, 0x69, 0xfa, 0x46, 0x1f, 0x40, 0x81,
    0x9f, 0xfe, 0xa4, 0xc0, 0xcc, 0x70, 0x15, 0xa1, 0x5f, 0xaa, 0xf4, 0x9d, 0xfb, 0x21, 0x82, 0x44,
    0xda, 0xb4, 0xa2, 0x10, 0x9c, 0x94, 0x0a, 0x49, 0x7d, 0x67, 0xa7, 0x9c, 0xf0, 0x04, 0x25, 0xd0,
    0x40, 0x48, 0x34, 0xf8, 0x40, 0x4c, 0xa7, 0xfa, 0x51, 0x36, 0x2a, 0xc1, 0x93, 0x31, 0xc5, 0xdb,
    0x0a, 0x68, 0x10, 0x03, 0x90, 0xf2, 0x74, 0xa5, 0x41, 0x48, 0x82, 0x44, 0xfa, 0x04, 0x83, 0x14,
    0x30, 0x11, 0x75, 0x2c, 0xf8, 0x6a, 0x43, 0x8f, 0xa0, 0x1d, 0x2f, 0x44, 0x06, 0x0c, 0x5f, 0x88,
    0x2c, 0x64, 0xb7, 0xb0, 0x05, 0x2d, 0xa0, 0x8e, 0xa0, 0x3d, 0x0d, 0x93, 0x63, 0xc1, 0x50, 0xd9,
    0x2d, 0x74, 0xe1, 0xb3, 0x5f, 0x00, 0x43, 0x17, 0xc4, 0x94, 0x42, 0xcc, 0x02, 0x56, 0xb0, 0x11,
    0x91, 0x54, 0x7d, 0xb2, 0x29, 0xa6, 0xc4, 0x3e, 0x73, 0x08, 0x42, 0x78, 0x82, 0x1b, 0xe2, 0x10,
    0x07, 0x39, 0xff, 0xd8, 0xf6, 0xb6, 0xb7, 0x7d, 0xc2, 0x10, 0x4c, 0xcb, 0x29, 0x29, 0xcc, 0xb6,
    0xb6, 0xb8, 0xbd, 0xed, 0x1b, 0x74, 0xcb, 0x58, 0xa6, 0xda, 0x4a, 0xb1, 0x0d, 0x0d, 0xac, 0x44,
    0xea, 0x95, 0x82, 0xf6, 0xcc, 0xe0, 0x65, 0x2a, 0xcd, 0x8b, 0x12, 0xa6, 0xbb, 0x04, 0x27, 0xa0,
    0xf2, 0x0a, 0x5a, 0xc8, 0xae, 0x76, 0xb3, 0x8b, 0x05, 0x2c, 0x5c, 0xe1, 0xb2, 0x9e, 0x82, 0x81,
    0x0a, 0xda, 0xd8, 0x04, 0xec, 0x6a, 0xe1, 0x0a, 0xe8, 0xc5, 0x82, 0x76, 0xbd, 0x9b, 0x4a, 0xb6,
    0x3e, 0xc1, 0x09, 0xc7, 0x3d, 0xed, 0x72, 0x3f, 0xa0, 0xa3, 0x32, 0x7c, 0x61, 0x3b, 0x63, 0x1a,
    0x9e, 0x78, 0xc4, 0xf3, 0x85, 0x36, 0x5c, 0xe1, 0x01, 0x0a, 0x68, 0xc0, 0x02, 0x06, 0x4c, 0xe0,
    0x06, 0x28, 0xe0, 0x01, 0x00, 0x2d, 0x6d, 0x35, 0x7d, 0x10, 0x04, 0x6f, 0x02, 0x58, 0xc0, 0x04,
    0x1e, 0xb0, 0x81, 0x1f, 0x70, 0x85, 0x35, 0x80, 0xa1, 0x0c, 0x64, 0xf0, 0x02, 0x7e, 0x5d, 0xab,
    0x56, 0xe5, 0xa6, 0xf6, 0x03, 0x22, 0x82, 0x03, 0x19, 0x36, 0x6c, 0x21, 0x2b, 0xec, 0xd7, 0x0a,
    0x6e, 0x98, 0x03, 0x17, 0x12, 0x20, 0x00, 0x02, 0x0c, 0xe0, 0xc5, 0x30, 0x26, 0x80, 0x00, 0x12,
    0x50, 0x03, 0x28, 0x18, 0x53, 0x0a, 0x38, 0xfe, 0x01, 0x14, 0x6a, 0xc0, 0x62, 0x17, 0xc3, 0xf8,
    0xc5, 0x32, 0x4e, 0x00, 0x17, 0xe4, 0x00, 0x07, 0x2b, 0x8d, 0x58, 0x85, 0xc8, 0xed, 0x54, 0x58,
    0x07, 0xbb, 0x82, 0x1a, 0x84, 0xe1, 0x0d, 0x47, 0xce, 0xef, 0x49, 0x8d, 0xb3, 0x1a, 0x2d, 0x74,
    0x81, 0x0a, 0x0b, 0x20, 0x80, 0x01, 0xb6, 0xcc, 0xe5, 0x2d, 0x13, 0x60, 0x01, 0x00, 0x6d, 0x02,
    0xa1, 0x84, 0x99, 0xc0, 0xbb, 0xea, 0x20, 0xcb, 0x5d, 0xee, 0xf2, 0x97, 0xa9, 0xc0, 0x85, 0x2d,
    0x98, 0x01, 0xff, 0x0d, 0x65, 0x20, 0xf1, 0x33, 0x81, 0x2a, 0xd4, 0x88, 0x38, 0x27, 0x2e, 0x70,
    0x96, 0x73, 0x10, 0x22, 0x09, 0xba, 0x2d, 0x80, 0x13, 0x02, 0x08, 0x38, 0x40, 0x9a, 0xb9, 0x4c,
    0x80, 0x06, 0x5c, 0xe1, 0x0d, 0x5e, 0x68, 0xc2, 0x55, 0x63, 0x7a, 0x85, 0x38, 0x58, 0xa1, 0x01,
    0x5a, 0x1e, 0xb4, 0x01, 0x0e, 0x80, 0x00, 0x08, 0x84, 0x93, 0x0b, 0x70, 0x18, 0x83, 0x9c, 0x8d,
    0xd9, 0x58, 0x92, 0x46, 0x44, 0x39, 0x67, 0xc8, 0xb3, 0x0a, 0xd5, 0x96, 0x04, 0x54, 0x92, 0x01,
    0x0e, 0x5b, 0xe8, 0xa7, 0x03, 0x7c, 0xfc, 0x63, 0x20, 0xcf, 0x58, 0x0b, 0x71, 0x20, 0xc3, 0x12,
    0x98, 0x80, 0x55, 0x08, 0x68, 0x61, 0x0e, 0x57, 0xe8, 0x71, 0xab, 0x63, 0xec, 0x00, 0x7f, 0x6e,
    0x21, 0xd3, 0x9b, 0x56, 0xb2, 0x41, 0x11, 0x2a, 0x4b, 0xa1, 0x84, 0x3a, 0xce, 0x85, 0x12, 0xaf,
    0x0b, 0x12, 0xb8, 0x03, 0x30, 0xa0, 0x5a, 0xd5, 0x10, 0x8e, 0xb0, 0x84, 0x0f, 0xbc, 0x85, 0x38,
    0x8c, 0x01, 0xc7, 0x3b, 0x88, 0xe9, 0x16, 0xe4, 0xa0, 0x85, 0x07, 0x4b, 0xbb, 0xc0, 0xbd, 0x86,
    0xc0, 0xaf, 0xc7, 0x20, 0xa6, 0x26, 0x25, 0x59, 0x3b, 0xca, 0xfc, 0xdf, 0x5d, 0x88, 0xeb, 0x83,
    0x25, 0x7c, 0x33, 0x9c, 0xdb, 0xf6, 0xf3, 0x03, 0x22, 0x30, 0x85, 0x2d, 0xa0, 0xf7, 0xde, 0xf8,
    0xd6, 0x02, 0x19, 0x9a, 0xd2, 0x26, 0xce, 0x6a, 0x61, 0x0b, 0xfb, 0x26, 0xc3, 0x79, 0xf1, 0x8d,
    0x6f, 0x2e, 0x50, 0x21, 0x02, 0xf3, 0xe6, 0x42, 0x1c, 0xc0, 0x40, 0x03, 0x0b, 0x32, 0x94, 0xb1,
    0xe9, 0x5c, 0xa6, 0x43, 0xde, 0xf0, 0x86, 0x33, 0x44, 0x61, 0xb7, 0x41, 0xb8, 0x6a, 0x46, 0xb9,
    0xa0, 0x62, 0x84, 0x47, 0xe0, 0x0b, 0x73, 0x08, 0xae, 0xc8, 0x69, 0x4b, 0xdb, 0xe0, 0x02, 0x57,
    0xe4, 0xb6, 0xff, 0x85, 0x83, 0x1c, 0xba, 0xe0, 0x71, 0x85, 0x83, 0xa1, 0x41, 0xee, 0x14, 0x36,
    0x2c, 0x2b, 0xe2, 0x85, 0x2f, 0x8c, 0xd6, 0x50, 0x46, 0xb0, 0xa9, 0x3f, 0xa9, 0xd0, 0x85, 0x2a,
    0x48, 0x20, 0x02, 0x12, 0xa0, 0x82, 0xbd, 0x09, 0x8e, 0xef, 0xee, 0xaa, 0x37, 0xbb, 0xf7, 0x36,
    0x3a, 0xd1, 0xd1, 0xab, 0x05, 0x30, 0xb4, 0x61, 0x0b, 0x12, 0x78, 0x80, 0x04, 0x5c, 0xde, 0xf0,
    0x55, 0xb5, 0x71, 0xa9, 0xc9, 0xa4, 0x24, 0x44, 0xd4, 0xe0, 0x06, 0x30, 0x78, 0x80, 0x03, 0x1e,
    0xb0, 0xa0, 0x0c, 0xa8, 0x90, 0x85, 0x28, 0x34, 0x80, 0xd2, 0x96, 0x8e, 0x00, 0x15, 0xbe, 0x40,
    0x85, 0x07, 0x37, 0xe0, 0xed, 0x70, 0x7f, 0x3b, 0x03, 0x0a, 0x40, 0x77, 0x05, 0x44, 0x58, 0x01,
    0x74, 0x2f, 0x00, 0x03, 0xe2, 0xfe, 0xf6, 0x03, 0x4f, 0x01, 0x43, 0x94, 0xe5, 0xc2, 0xbe, 0xc9,
    0x0d, 0xd1, 0x5a, 0x41, 0x13, 0xb5, 0x13, 0xb1, 0x4b, 0x17, 0x6c, 0xa3, 0x01, 0xde, 0x10, 0x71,
    0x0a, 0x3d, 0x0e, 0x37, 0xc7, 0xb7, 0xc0, 0xe2, 0x01, 0x08, 0xe0, 0xf2, 0x98, 0xc7, 0x3c, 0x00,
    0x36, 0xbf, 0xeb, 0xcd, 0x03, 0x20, 0xf3, 0x97, 0xb7, 0x3c, 0x02, 0xea, 0x9d, 0x85, 0xdb, 0xc6,
    0xa1, 0xc8, 0x52, 0xd8, 0xed, 0x62, 0x97, 0x4c, 0x11, 0xae, 0x7b, 0x1d, 0xec, 0x25, 0x38, 0xc1,
    0xe3, 0x1f, 0x9c, 0x76, 0x58, 0x5f, 0xe1, 0xec, 0x08, 0x58, 0x00, 0xdf, 0xe5, 0x1e, 0x80, 0xde,
    0x0b, 0x9a, 0xcb, 0x07, 0xe8, 0x7d, 0x00, 0xf6, 0xce, 0xf7, 0x03, 0xeb, 0x60, 0x0a, 0x53, 0xb8,
    0x42, 0x77, 0x91, 0x0e, 0xde, 0x86, 0xd2, 0x19, 0x23, 0x35, 0x2f, 0xeb, 0x94, 0x91, 0x4f, 0xfd,
    0x29, 0x5c, 0x68, 0x0a, 0x19, 0x65, 0xb3, 0x79, 0xcf, 0xcb, 0x85, 0x29, 0x28, 0x60, 0x00, 0xbf,
    0xef, 0xf2, 0xff, 0x01, 0x06, 0xa0, 0x80, 0x29, 0x70, 0x61, 0xfb, 0x57, 0xe8, 0xfe, 0x03, 0x12,
    0x10, 0xe1, 0x09, 0x27, 0xb8, 0x79, 0x9d, 0xae, 0xa3, 0x45, 0xe0, 0x00, 0x87, 0x32, 0x14, 0xd5,
    0x38, 0x17, 0xca, 0x82, 0xfe, 0xf5, 0x7f, 0xfd, 0x8c, 0x76, 0x61, 0x0e, 0x70, 0x40, 0x72, 0x70,
    0xa0, 0x62, 0x0b, 0x30, 0x00, 0x06, 0xb0, 0x6b, 0x07, 0xb8, 0x00, 0x1c, 0x17, 0x80, 0xb4, 0x35,
    0x80, 0x2b, 0x26, 0x00, 0xad, 0x26, 0x00, 0x08, 0x00, 0x50, 0x45, 0xa0, 0x64, 0x42, 0xd0, 0x04,
    0x33, 0x77, 0x11, 0xd1, 0x57, 0x54, 0xf9, 0xb1, 0x5f, 0x1e, 0x18, 0x42, 0x31, 0x95, 0x05, 0x6d,
    0xe0, 0x05, 0x24, 0x48, 0x82, 0x6d, 0xf0, 0x68, 0x94, 0x96, 0x00, 0x2a, 0xb8, 0x82, 0x81, 0xd6,
    0x00, 0x56, 0x30, 0x82, 0x25, 0xe8, 0x05, 0x27, 0x88, 0x7b, 0x5c, 0xd6, 0x82, 0x35, 0xc0, 0x04,
    0x42, 0x40, 0x5d, 0x40, 0x35, 0x49, 0x12, 0xd7, 0x10, 0x67, 0xe0, 0x06, 0x5e, 0xf0, 0x75, 0x1e,
    0xd0, 0x22, 0x00, 0x22, 0x03, 0x47, 0xd0, 0x49, 0x5f, 0x40, 0x06, 0x4a, 0x48, 0x06, 0x5d, 0x80,
    0x03, 0x4e, 0xd8, 0x03, 0x50, 0x18, 0x85, 0x50, 0x88, 0x03, 0x1e, 0xd7, 0x01, 0x4e, 0xe8, 0x84,
    0x1d, 0xe0, 0x71, 0x38, 0x20, 0x85, 0x51, 0x88, 0x03, 0xaa, 0x36, 0x69, 0x06, 0x10, 0x6e, 0x5b,
    0xd8, 0x03, 0xe1, 0x51, 0x05, 0x63, 0xe0, 0x69, 0x16, 0x71, 0x38, 0x60, 0xc0, 0x01, 0xe7, 0xc2,
    0x1b, 0xc8, 0xa3, 0x02, 0x0c, 0xd6, 0x04, 0xbf, 0x45, 0x5b, 0x6d, 0x10, 0x85, 0x39, 0x70, 0x87,
    0x78, 0x38, 0x85, 0x1e, 0x97, 0x03, 0x52, 0x98, 0x03, 0x5a, 0x08, 0x85, 0x78, 0xc8, 0x87, 0x5e,
    0xd8, 0x6b, 0xe3, 0x77, 0x00, 0x62, 0xd8, 0x03, 0x39, 0x20, 0x1e, 0xc7, 0x21, 0x17, 0xd0, 0x27,
    0x5a, 0xd4, 0xff, 0xd1, 0x4b, 0xd0, 0x72, 0x4a, 0x52, 0xb0, 0x7d, 0x5a, 0x60, 0x05, 0x39, 0x80,
    0x03, 0x81, 0x88, 0x87, 0x58, 0xf8, 0x00, 0x9c, 0x78, 0x85, 0x57, 0xc8, 0x89, 0x0f, 0x60, 0x85,
    0x98, 0x98, 0x87, 0x83, 0xe8, 0x00, 0x0d, 0xb0, 0x77, 0x69, 0x37, 0x86, 0xc6, 0x91, 0x05, 0x84,
    0xd1, 0x83, 0x0f, 0xc1, 0x01, 0x60, 0x07, 0x02, 0x21, 0x90, 0x02, 0x8a, 0xf4, 0x38, 0x5e, 0xf0,
    0x06, 0xff, 0x15, 0x60, 0x0b, 0x10, 0x60, 0x16, 0xd0, 0x8b, 0x7c, 0x98, 0x03, 0x37, 0x70, 0x03,
    0x36, 0x90, 0x77, 0xc2, 0x37, 0x6f, 0x11, 0x70, 0x8c, 0x0f, 0x20, 0x7c, 0x79, 0x67, 0x03, 0xc1,
    0x88, 0x87, 0x03, 0x61, 0x5e, 0x94, 0xb5, 0x05, 0x25, 0x58, 0x06, 0x4d, 0xb1, 0x11, 0xc3, 0xa1,
    0x01, 0xd7, 0x21, 0x43, 0xb0, 0xd5, 0x04, 0x64, 0x10, 0x07, 0x5a, 0x50, 0x79, 0x2f, 0x86, 0x00,
    0xbd, 0x68, 0x01, 0xbf, 0x68, 0x03, 0xe6, 0x18, 0x00, 0x9e, 0x07, 0x00, 0x01, 0x00, 0x8a, 0xa0,
    0x88, 0x8e, 0x9e, 0x17, 0x00, 0xe6, 0x68, 0x03, 0xce, 0x28, 0x10, 0x44, 0x46, 0x7f, 0xf4, 0x97,
    0x06, 0x69, 0x80, 0x06, 0x4f, 0xb1, 0x11, 0xa2, 0xd2, 0x39, 0x32, 0x94, 0x04, 0x44, 0x20, 0x05,
    0x63, 0xe0, 0x8d, 0x34, 0x78, 0x00, 0x09, 0x30, 0x8e, 0xa3, 0x18, 0x8f, 0x05, 0x10, 0x00, 0x79,
    0x57, 0x00, 0xec, 0xc8, 0x89, 0x0d, 0xc9, 0x90, 0xf1, 0x38, 0x8f, 0x74, 0x40, 0x8d, 0x66, 0xb0,
    0x14, 0x18, 0xf9, 0x17, 0x5a, 0x87, 0x11, 0xfd, 0x98, 0x8d, 0x41, 0x30, 0x04, 0x88, 0x77, 0x06,
    0xcf, 0xd6, 0x6b, 0x08, 0x40, 0x00, 0x09, 0xe0, 0x01, 0x2b, 0xf0, 0x01, 0xc1, 0x28, 0x8c, 0xf1,
    0x68, 0x8e, 0x58, 0xb8, 0x90, 0xca, 0x28, 0x8a, 0x2d, 0x69, 0x8e, 0xc2, 0x78, 0x03, 0x94, 0xb1,
    0x18, 0x1e, 0x7c, 0x71, 0x8d, 0x0e, 0x92, 0x02, 0x40, 0x20, 0x04, 0x62, 0x25, 0x10, 0x22, 0x99,
    0x6a, 0xbd, 0x66, 0x00, 0x12, 0xe8, 0x01, 0x31, 0x60, 0x02, 0x33, 0xd9, 0x92, 0x82, 0xe8, 0x8e,
    0x9b, 0x17, 0x00, 0x5b, 0x98, 0x03, 0x49, 0x19, 0x8f, 0x37, 0x49, 0x6c, 0x19, 0x01, 0x8b, 0x1e,
    0xd0, 0x1e, 0x34, 0xd0, 0x04, 0x41, 0x35, 0x10, 0x41, 0xf9, 0x67, 0x13, 0xe6, 0x01, 0x34, 0x10,
    0x02, 0x2c, 0x39, 0x93, 0x37, 0x20, 0x88, 0x05, 0xa0, 0x8e, 0xe8, 0x58, 0x00, 0x4f, 0x39, 0x96,
    0x33, 0x49, 0x19, 0x67, 0x40, 0x95, 0xd0, 0x17, 0x59, 0xd1, 0x81, 0x86, 0x03, 0x11, 0x8d, 0xdc,
    0xf5, 0x18, 0x03, 0x71, 0x38, 0xa1, 0x93, 0x1c, 0xb2, 0x41, 0x95, 0xf6, 0x68, 0x8f, 0x78, 0x29,
    0x10, 0x76, 0x91, 0x91, 0xae, 0x61, 0x10, 0x4d, 0x71, 0x98, 0x66, 0x10, 0x15, 0x01, 0x01, 0x00,
    0x21, 0xf9, 0x04, 0x09, 0x08, 0x00, 0x74, 0x00, 0x2c, 0x00, 0x00, 0x00, 0x00, 0x60, 0x00, 0x60,
    0x00, 0x86, 0xff, 0xfc, 0xf2, 0xfb, 0xf1, 0xe5, 0xff, 0xeb, 0xd5, 0xff, 0xe8, 0xd2, 0xf3, 0xe9,
    0xe0, 0xfe, 0xe5, 0xcf, 0xfb, 0xe0, 0xcb, 0xf1, 0xdf, 0xcf, 0xf1, 0xd9, 0xc5, 0xef, 0xd8, 0xc4,
    0xee, 0xd5, 0xc1, 0xf5, 0xc7, 0xb1, 0xed, 0xbe, 0x9c, 0xc9, 0xc1, 0xbe, 0xe0, 0xc1, 0xa6, 0xda,
    0xb6, 0xa0, 0xd3, 0xb3, 0x8d, 0xd5, 0xa9, 0x90, 0x65, 0x8e, 0x80, 0x92, 0x68, 0x5c, 0x94, 0x67,
    0x5a, 0x92, 0x65, 0x59, 0x90, 0x64, 0x58, 0x8a, 0x5f, 0x54, 0x79, 0x52, 0x48, 0x77, 0x50, 0x47,
    0x76, 0x50, 0x46, 0x88, 0x4b, 0x47, 0x75, 0x4f, 0x46, 0x73, 0x4e, 0x44, 0x70, 0x4c, 0x44, 0x66,
    0x44, 0x40, 0x63, 0x41, 0x3e, 0x62, 0x40, 0x3d, 0x61, 0x40, 0x3d, 0x61, 0x40, 0x3c, 0x2c, 0x5b,
    0x5b, 0x60, 0x3f, 0x3c, 0x60, 0x3e, 0x3b, 0x5f, 0x3f, 0x3d, 0x5f, 0x3e, 0x3b, 0x5e, 0x3e, 0x3c,
    0x5e, 0x3e, 0x3b, 0x5e, 0x3d, 0x3c, 0x5d, 0x3e, 0x3b, 0x5d, 0x3d, 0x3b, 0x5c, 0x3d, 0x3a, 0x5c,
    0x3c, 0x3a, 0x5b, 0x3c, 0x3a, 0x5b, 0x3c, 0x39, 0x5b, 0x3b, 0x3a, 0x56, 0x3a, 0x3a, 0x50, 0x37,
    0x38, 0xae, 0x35, 0x44, 0xae, 0x31, 0x41, 0x82, 0x2e, 0x3d, 0x77, 0x28, 0x37, 0x49, 0x30, 0x34,
    0x71, 0x23, 0x33, 0x6f, 0x1e, 0x2f, 0x48, 0x30, 0x33, 0x48, 0x2f, 0x33, 0x47, 0x2f, 0x33, 0x47,
    0x2f, 0x32, 0x47, 0x2e, 0x32, 0x46, 0x2f, 0x33, 0x46, 0x2e, 0x33, 0x46, 0x2e, 0x32, 0x45, 0x2e,
    0x33, 0x45, 0x2e, 0x32, 0x45, 0x2d, 0x32, 0x44, 0x2e, 0x32, 0x44, 0x2d, 0x32, 0x44, 0x2d, 0x31,
    0x43, 0x2d, 0x31, 0x43, 0x2c, 0x31, 0x42, 0x2c, 0x31, 0x42, 0x2c, 0x30, 0x3d, 0x2e, 0x32, 0x40,
    0x2b, 0x30, 0x33, 0x29, 0x2e, 0x30, 0x24, 0x2b, 0x2d, 0x23, 0x2a, 0x26, 0x23, 0x28, 0x2e, 0x22,
    0x2a, 0x26, 0x22, 0x27, 0x25, 0x22, 0x28, 0x2c, 0x20, 0x28, 0x25, 0x20, 0x25, 0x21, 0x1f, 0x24,
    0x1f, 0x19, 0x20, 0x1d, 0x19, 0x1f, 0x1c, 0x19, 0x1f, 0x1c, 0x18, 0x1f, 0x1c, 0x18, 0x1e, 0x1c,
    0x18, 0x1d, 0x1b, 0x18, 0x1e, 0x1b, 0x17, 0x1e, 0x1b, 0x16, 0x1e, 0x19, 0x1a, 0x21, 0x19, 0x17,
    0x1d, 0x1a, 0x16, 0x1d, 0x18, 0x16, 0x1d, 0x17, 0x15, 0x1c, 0x16, 0x15, 0x1c, 0x15, 0x15, 0x1c,
    0x18, 0x15, 0x1b, 0x17, 0x15, 0x1b, 0x16, 0x15, 0x1b, 0x17, 0x14, 0x1b, 0x16, 0x14, 0x1b, 0x15,
    0x14, 0x1b, 0x13, 0x12, 0x1a, 0x12, 0x11, 0x18, 0x12, 0x10, 0x19, 0x0e, 0x0f, 0x16, 0x00, 0x00,
    0x00, 0x00, 0x00, 0x00, 0x00, 0x00, 0x00, 0x00, 0x00, 0x00, 0x00, 0x00, 0x00, 0x00, 0x00, 0x00,
    0x00, 0x00, 0x00, 0x00, 0x00, 0x00, 0x00, 0x00, 0x00, 0x00, 0x00, 0x00, 0x00, 0x00, 0x00, 0x00,
    0x00, 0x00, 0x08, 0xff, 0x00, 0xe9, 0x08, 0x1c, 0x48, 0xb0, 0xa0, 0xc1, 0x83, 0x08, 0x13, 0x2a,
    0x5c, 0xc8, 0xb0, 0xa1, 0xc3, 0x87, 0x10, 0x23, 0x4a, 0x9c, 0x48, 0xb1, 0xa2, 0xc5, 0x8b, 0x18,
    0x33, 0x6a, 0xdc, 0xc8, 0xb1, 0xa3, 0xc7, 0x8f, 0x20, 0x43, 0x8a, 0x1c, 0x49, 0xb2, 0xa4, 0xc9,
    0x93, 0x28, 0x53, 0xaa, 0x5c, 0xc9, 0xb2, 0xa5, 0xcb, 0x97, 0x30, 0x63, 0xca, 0x9c, 0x49, 0xb3,
    0xa6, 0xcd, 0x9b, 0x38, 0x73, 0xea, 0xdc, 0xc9, 0xb3, 0xa7, 0xcf, 0x9f, 0x33, 0xd7, 0x08, 0x65,
    0x43, 0x54, 0xe8, 0x1a, 0xa0, 0x17, 0xdb, 0x9c, 0x39, 0x63, 0xa6, 0xe9, 0xd2, 0x36, 0x48, 0x2d,
    0x96, 0x21, 0x53, 0x66, 0x0d, 0x9b, 0x35, 0x53, 0xcb, 0x44, 0x95, 0x28, 0xb4, 0xcc, 0x93, 0x24,
    0x4f, 0x06, 0x7e, 0x7d, 0x52, 0xf5, 0xe8, 0xd6, 0x86, 0x4a, 0xc5, 0x24, 0xc9, 0x51, 0x64, 0x60,
    0x91, 0x1c, 0x49, 0xc4, 0x9c, 0x81, 0x7a, 0x96, 0xe1, 0x9a, 0x33, 0x65, 0x9a, 0x08, 0x41, 0x32,
    0x10, 0x89, 0x90, 0x26, 0x65, 0xce, 0x98, 0xad, 0xab, 0x90, 0x8d, 0x99, 0xc1, 0x06, 0x0d, 0xb3,
    0x21, 0xbc, 0x50, 0x71, 0x42, 0xc7, 0x8c, 0x13, 0x92, 0x09, 0x43, 0xe6, 0xb1, 0x99, 0xc5, 0x3e,
    0x8d, 0x6a, 0x7e, 0xc3, 0xc5, 0x43, 0x06, 0x0d, 0xa0, 0x39, 0x8c, 0x30, 0xd1, 0x02, 0x6c, 0x92,
    0x16, 0x26, 0x46, 0x70, 0xc8, 0xe0, 0x01, 0x0a, 0x15, 0x2a, 0x81, 0x05, 0x0b, 0xe5, 0xe9, 0x06,
    0x8d, 0xed, 0xdb, 0x9c, 0x3b, 0x60, 0xd8, 0x8d, 0x21, 0x03, 0x88, 0x10, 0x25, 0x78, 0x14, 0xe1,
    0x51, 0x22, 0x04, 0x88, 0x0c, 0x18, 0x38, 0xb8, 0xa6, 0x62, 0xc6, 0x4d, 0x6d, 0x34, 0x6e, 0x78,
    0x86, 0xf1, 0x42, 0xbd, 0x3a, 0x19, 0x2d, 0x9e, 0x39, 0x68, 0xef, 0x20, 0xa2, 0x84, 0x8a, 0x21,
    0x4c, 0x8a, 0xb8, 0xff, 0x50, 0x71, 0xa2, 0x03, 0x6b, 0x28, 0x51, 0xa2, 0x6c, 0xa9, 0xee, 0x25,
    0x8c, 0x4d, 0xcd, 0x6e, 0xbe, 0xcc, 0x70, 0x01, 0xa3, 0xbe, 0x7d, 0x17, 0x22, 0x42, 0x88, 0xd8,
    0xdf, 0x7d, 0x44, 0x0b, 0xf4, 0x50, 0x08, 0xe1, 0x43, 0x0e, 0x27, 0xec, 0xd7, 0xc2, 0x81, 0x2f,
    0xdc, 0x37, 0xc3, 0x17, 0x6e, 0x68, 0x06, 0xd3, 0x73, 0x68, 0xbc, 0x01, 0x86, 0x0b, 0x20, 0xf0,
    0xc7, 0xdf, 0x08, 0x25, 0x64, 0xa8, 0x61, 0x09, 0xfe, 0x45, 0x41, 0x45, 0x14, 0x4b, 0xf8, 0xa5,
    0x42, 0x86, 0x23, 0x94, 0x68, 0x21, 0x08, 0x2e, 0x80, 0xf1, 0xc6, 0x6d, 0xd1, 0xbd, 0x34, 0x1d,
    0x75, 0x61, 0x68, 0x01, 0x43, 0x77, 0x1b, 0xd6, 0xb8, 0xa1, 0x7f, 0x00, 0x0a, 0x98, 0x43, 0x0b,
    0x2a, 0x8c, 0x68, 0xa3, 0x08, 0x30, 0x68, 0xf1, 0x62, 0x7b, 0x2d, 0x59, 0x25, 0x1f, 0x7d, 0xf5,
    0xb9, 0x60, 0xe3, 0x92, 0x35, 0x1e, 0xc8, 0xa3, 0x0a, 0x2d, 0xf0, 0x20, 0x44, 0x0e, 0x3e, 0xda,
    0x88, 0x24, 0x0c, 0x2e, 0x2c, 0x78, 0x95, 0x4a, 0x6e, 0xa4, 0x31, 0x61, 0x85, 0xfc, 0x31, 0x29,
    0x26, 0x87, 0x25, 0x66, 0xa8, 0x82, 0x0f, 0x48, 0xf8, 0x50, 0x65, 0x8d, 0x17, 0x86, 0xf0, 0x02,
    0x18, 0x69, 0xb4, 0x88, 0x52, 0x18, 0x60, 0xc8, 0x48, 0xe3, 0x98, 0x78, 0x6e, 0x78, 0x66, 0x9a,
    0xe3, 0xad, 0x59, 0xe3, 0x08, 0x21, 0xb8, 0xa0, 0x05, 0x18, 0xee, 0xa5, 0x14, 0x43, 0x0b, 0x4a,
    0xe6, 0xa9, 0xa8, 0x86, 0x67, 0x16, 0x51, 0x84, 0x0f, 0x03, 0xfa, 0x99, 0xa1, 0x08, 0x1d, 0x68,
    0xd0, 0x01, 0x0b, 0x2e, 0xc4, 0xa0, 0xd2, 0x08, 0x15, 0x62, 0xb8, 0x21, 0x0a, 0xa0, 0x86, 0xba,
    0x28, 0xa3, 0x3e, 0x38, 0xea, 0xa8, 0x9a, 0x4b, 0x8a, 0xa0, 0x01, 0x06, 0x1a, 0x84, 0x10, 0x82,
    0x09, 0x2a, 0xa1, 0xff, 0x00, 0x5c, 0x8f, 0x55, 0x82, 0x60, 0xeb, 0xad, 0xfa, 0xdd, 0x89, 0xa7,
    0x0a, 0x39, 0x40, 0x7a, 0xaa, 0xa4, 0x25, 0x50, 0x6a, 0xa9, 0xab, 0x23, 0x9c, 0x24, 0xab, 0x09,
    0x66, 0xe6, 0x30, 0x25, 0x0a, 0x25, 0x80, 0x60, 0x41, 0x05, 0x16, 0x44, 0x6b, 0x41, 0x06, 0xda,
    0xe9, 0x3a, 0x66, 0x8f, 0x2e, 0xa0, 0x89, 0x6a, 0xaa, 0xc6, 0x71, 0xa0, 0x81, 0xb7, 0x19, 0x64,
    0x40, 0x12, 0x0a, 0xbf, 0x99, 0xa9, 0x2d, 0xb3, 0x20, 0x54, 0x40, 0xc1, 0xba, 0xeb, 0xf6, 0x96,
    0x01, 0x8d, 0xa1, 0x8a, 0xba, 0xe4, 0x9e, 0xdb, 0x32, 0xa9, 0x6a, 0xb8, 0xbb, 0x89, 0x3b, 0x92,
    0x09, 0xc0, 0x99, 0x9b, 0x26, 0xba, 0x16, 0x50, 0xa0, 0xae, 0xc0, 0xd4, 0x72, 0x40, 0xe3, 0xad,
    0xb7, 0x32, 0x49, 0xef, 0x09, 0xfa, 0xd9, 0xab, 0x41, 0xb8, 0xab, 0x6a, 0x10, 0x92, 0x91, 0x33,
    0x92, 0x9a, 0xe6, 0x88, 0x22, 0x20, 0x87, 0x81, 0xba, 0x16, 0x7c, 0x10, 0x6c, 0x09, 0xe4, 0x3e,
    0x1b, 0x2d, 0xb4, 0x20, 0x30, 0x5b, 0xe3, 0x99, 0x49, 0xf0, 0x60, 0x1e, 0x77, 0xa9, 0x3e, 0x8c,
    0xaf, 0x07, 0x5b, 0x34, 0xe8, 0x51, 0x1b, 0x68, 0x78, 0x51, 0xb1, 0xbf, 0xa8, 0xaa, 0xba, 0xea,
    0xba, 0x15, 0x94, 0x9c, 0x21, 0xb9, 0x03, 0xf3, 0x0c, 0x82, 0x0a, 0x26, 0x93, 0x9a, 0x32, 0x07,
    0xc9, 0x59, 0x3b, 0xa9, 0xcb, 0xc8, 0xc1, 0xec, 0x06, 0x5d, 0x1c, 0xad, 0x51, 0x73, 0xc5, 0x3d,
    0x46, 0x39, 0x25, 0xc6, 0x0f, 0x63, 0x10, 0xed, 0x05, 0x22, 0xb4, 0xc0, 0x6c, 0xc8, 0xec, 0x52,
    0xd0, 0xb1, 0x71, 0x27, 0xfb, 0x90, 0x32, 0x72, 0xbe, 0xed, 0xc7, 0xa6, 0xb7, 0x59, 0x3b, 0x8d,
    0x98, 0x46, 0x52, 0xdb, 0x1c, 0x82, 0x0a, 0x52, 0xf2, 0xf0, 0xe4, 0xa4, 0x48, 0x73, 0x90, 0xc3,
    0xde, 0x90, 0xe6, 0xff, 0x00, 0x70, 0xd8, 0x02, 0x93, 0x5c, 0xf4, 0x99, 0x4a, 0xe4, 0x10, 0xf0,
    0xb4, 0xdf, 0x5a, 0xbb, 0x1f, 0x08, 0x48, 0xbb, 0xed, 0x91, 0x1b, 0x6f, 0x84, 0x01, 0xc3, 0xdc,
    0xda, 0xae, 0xa9, 0x6a, 0x72, 0x3f, 0x2c, 0x91, 0xc4, 0x11, 0x8f, 0xfe, 0x0d, 0xb8, 0xc0, 0x3e,
    0x9b, 0x5b, 0x78, 0xc0, 0x15, 0xf4, 0xa6, 0x81, 0xd2, 0xc1, 0x36, 0xde, 0xc5, 0x1b, 0x72, 0x6e,
    0x04, 0x46, 0x9d, 0x93, 0xab, 0x20, 0xc4, 0x12, 0x42, 0x58, 0xde, 0x01, 0x07, 0x1e, 0xf0, 0x80,
    0x84, 0xa9, 0x3e, 0x78, 0xce, 0x2e, 0xc7, 0xa1, 0x7b, 0xe7, 0xc3, 0xe8, 0x02, 0xe7, 0x0b, 0x26,
    0x9b, 0xe6, 0x79, 0x20, 0x24, 0x18, 0x1b, 0x59, 0x05, 0xc6, 0x7c, 0x4a, 0xe2, 0x18, 0x05, 0x14,
    0x2a, 0x84, 0x50, 0xe2, 0x08, 0x28, 0xec, 0xcd, 0x96, 0xa9, 0x9d, 0x37, 0x1b, 0xf0, 0xef, 0xf9,
    0xea, 0x4a, 0xb8, 0xe1, 0x3c, 0x43, 0x5b, 0xb0, 0xe2, 0xfa, 0xb9, 0x90, 0x25, 0x18, 0x5b, 0x26,
    0x55, 0x33, 0x85, 0xfd, 0xb5, 0xe0, 0x61, 0x14, 0x32, 0xac, 0x60, 0xff, 0x0a, 0x2f, 0x20, 0xf1,
    0x44, 0x78, 0xdc, 0xf7, 0xde, 0x6c, 0xd0, 0xed, 0xfa, 0x8c, 0xf8, 0x86, 0x47, 0xbe, 0xb0, 0xb9,
    0x0b, 0x75, 0x1c, 0x42, 0x91, 0x17, 0xd0, 0x00, 0xb5, 0x8a, 0xc4, 0xed, 0x66, 0x1d, 0xa2, 0x02,
    0x14, 0x3e, 0x40, 0xc1, 0x0a, 0xd2, 0xe0, 0x82, 0x41, 0xe8, 0x1f, 0xc0, 0xa0, 0x25, 0xad, 0xcf,
    0x18, 0x4c, 0x4f, 0x04, 0xbc, 0x80, 0xb4, 0xa2, 0x45, 0xad, 0x0e, 0x9c, 0x80, 0x56, 0x3d, 0xda,
    0x10, 0x90, 0x16, 0xf8, 0xb6, 0x89, 0x3c, 0x90, 0x46, 0x1d, 0xba, 0x82, 0x13, 0x20, 0x40, 0xc3,
    0x1a, 0xd6, 0x90, 0x06, 0x4c, 0xc8, 0xe0, 0xa3, 0x7c, 0x64, 0x2b, 0x11, 0x68, 0x2f, 0x58, 0xd6,
    0x6a, 0xd4, 0x5b, 0xff, 0xf6, 0x26, 0x02, 0x5b, 0x35, 0xac, 0x57, 0x90, 0x8a, 0x94, 0x86, 0x56,
    0x88, 0x86, 0x16, 0x4a, 0x04, 0x72, 0x92, 0x83, 0xa1, 0xfc, 0x64, 0x68, 0xc3, 0x2a, 0xd2, 0xe0,
    0x09, 0xbc, 0x5b, 0xd3, 0x77, 0x96, 0x30, 0x04, 0x60, 0x09, 0x31, 0x09, 0x49, 0x18, 0x82, 0xd7,
    0x4c, 0x26, 0xc4, 0x5f, 0x2d, 0x11, 0x06, 0x70, 0xc2, 0x8c, 0x45, 0x5e, 0x67, 0x27, 0x12, 0xfd,
    0x87, 0x0a, 0x33, 0xac, 0xe2, 0x0d, 0xdf, 0xd2, 0x37, 0x1f, 0x81, 0xaa, 0x05, 0x95, 0x3b, 0x99,
    0x0a, 0xb2, 0xd5, 0x3f, 0x2d, 0x96, 0x2a, 0x8b, 0x67, 0xd4, 0x02, 0x19, 0x2a, 0x43, 0x11, 0xe7,
    0x41, 0xef, 0x64, 0x42, 0x50, 0xc2, 0x11, 0x2e, 0x78, 0xc1, 0x1c, 0xc4, 0xa0, 0x86, 0x18, 0xe8,
    0x80, 0x09, 0x53, 0xe8, 0x1d, 0x24, 0x9a, 0x91, 0x51, 0x48, 0x0c, 0x82, 0x26, 0x2f, 0x69, 0xae,
    0x3e, 0xea, 0xe9, 0x08, 0x4c, 0x20, 0xcb, 0x6c, 0x22, 0x42, 0x33, 0x2f, 0xc0, 0xaf, 0x6c, 0x8e,
    0x62, 0x82, 0x2a, 0x95, 0xf0, 0x04, 0x1a, 0x40, 0x32, 0x5c, 0xd6, 0xf3, 0x54, 0x19, 0x77, 0x08,
    0xc2, 0x22, 0x1c, 0xa1, 0x09, 0xb8, 0xe4, 0xa4, 0xf0, 0x3c, 0xc9, 0xa8, 0x1e, 0x0c, 0x61, 0x09,
    0x81, 0x69, 0xa0, 0x43, 0x5e, 0x68, 0x23, 0x21, 0x6a, 0x32, 0x08, 0x3f, 0x50, 0x82, 0x2b, 0x69,
    0x18, 0xc9, 0x49, 0xfa, 0x68, 0x96, 0xf5, 0xda, 0x65, 0x10, 0x18, 0x99, 0xc1, 0x68, 0x42, 0xd3,
    0x8f, 0x45, 0x60, 0x42, 0x60, 0x9c, 0xb8, 0x10, 0x62, 0xa2, 0x92, 0x7b, 0x8e, 0x9a, 0x66, 0x23,
    0x79, 0xc0, 0x83, 0xbe, 0x31, 0x0c, 0x05, 0x7f, 0xd4, 0x25, 0xdd, 0x9a, 0x40, 0x83, 0x07, 0x38,
    0xe0, 0x01, 0x34, 0x68, 0x02, 0x0f, 0xb0, 0x09, 0x48, 0x52, 0x65, 0x73, 0x9b, 0x5c, 0x99, 0x5a,
    0x7f, 0xca, 0xb4, 0xff, 0x4b, 0x70, 0xa6, 0x52, 0x95, 0x60, 0x4c, 0x02, 0x12, 0xfc, 0xf2, 0x02,
    0x14, 0xbc, 0x20, 0x9d, 0xb4, 0x64, 0x14, 0x0f, 0xd8, 0xe9, 0x80, 0x05, 0x38, 0xe0, 0x8a, 0x41,
    0xa0, 0xa7, 0x3a, 0x4b, 0xa5, 0x4d, 0x34, 0xa8, 0xf1, 0x21, 0xc4, 0x74, 0x52, 0x27, 0xfd, 0x59,
    0x84, 0x63, 0x26, 0xb1, 0x6f, 0x15, 0x14, 0x4e, 0x3d, 0xcd, 0xb4, 0xd0, 0x76, 0x2e, 0xe0, 0x01,
    0x33, 0x50, 0xa2, 0x3d, 0xeb, 0x89, 0x2d, 0x8a, 0x7a, 0x81, 0x2a, 0xf9, 0x94, 0xdb, 0x7f, 0xa6,
    0xd7, 0x82, 0x11, 0xcc, 0xd2, 0x9f, 0x3e, 0xe8, 0x93, 0x41, 0x3f, 0xe0, 0x4e, 0x78, 0x36, 0x41,
    0x87, 0xd6, 0x2c, 0xe9, 0x03, 0x1c, 0x2a, 0xb6, 0x0b, 0x04, 0xef, 0x9a, 0x36, 0xb5, 0x64, 0x2a,
    0x95, 0xc0, 0x84, 0x27, 0x46, 0x6e, 0x72, 0xf2, 0xfb, 0x50, 0x4d, 0x6f, 0x6a, 0xaa, 0x21, 0x0c,
    0xa1, 0x07, 0xc5, 0x31, 0x8e, 0x09, 0x3c, 0xd0, 0xd0, 0x87, 0xfe, 0x54, 0x9d, 0x25, 0x6d, 0x28,
    0x03, 0xd8, 0xe5, 0x31, 0x11, 0x60, 0x08, 0xa9, 0x37, 0x1d, 0x82, 0x0f, 0x8c, 0x20, 0x11, 0x3a,
    0xc9, 0x28, 0x04, 0x33, 0x85, 0xc2, 0x54, 0x11, 0xca, 0x3d, 0xa6, 0x22, 0x41, 0x06, 0x49, 0x92,
    0x01, 0x4f, 0xdf, 0x19, 0x4f, 0xa0, 0x3e, 0x73, 0x8f, 0x47, 0x68, 0x65, 0x4f, 0x27, 0x70, 0x81,
    0x0b, 0xa4, 0x40, 0x06, 0x2f, 0x68, 0x69, 0x1f, 0x6d, 0x4a, 0xd7, 0x8e, 0xb2, 0x35, 0x22, 0x87,
    0x72, 0xc1, 0x09, 0xbc, 0x33, 0xbb, 0xda, 0x31, 0xd6, 0x9f, 0xe0, 0xd9, 0x02, 0x9d, 0xba, 0xb0,
    0x85, 0xce, 0x72, 0x16, 0x0b, 0x58, 0xa8, 0x82, 0x12, 0x86, 0x90, 0xc5, 0xa4, 0xa2, 0x49, 0xb3,
    0x5d, 0x08, 0x2d, 0x16, 0xb4, 0xc0, 0xda, 0x2d, 0x74, 0x41, 0x0b, 0x69, 0xd2, 0x61, 0x69, 0xa9,
    0x1a, 0x84, 0xc7, 0xff, 0x42, 0x84, 0x53, 0xfc, 0x41, 0xe7, 0xc5, 0x2e, 0xcb, 0xbd, 0x21, 0x00,
    0x81, 0x09, 0x6e, 0x90, 0x83, 0x1c, 0xe2, 0x40, 0xdc, 0xe2, 0xce, 0x61, 0x0e, 0x71, 0x60, 0x02,
    0x69, 0x7f, 0x75, 0xd9, 0x27, 0x04, 0x57, 0x0e, 0xc7, 0x9d, 0x83, 0x70, 0x87, 0x1b, 0x87, 0x37,
    0x28, 0xb7, 0x08, 0x56, 0x5d, 0xae, 0x9a, 0x78, 0xcb, 0xbd, 0xda, 0x4a, 0x84, 0x5f, 0x27, 0xa0,
    0x4f, 0x0c, 0x2a, 0x67, 0xd3, 0xbd, 0x0c, 0x14, 0x09, 0x49, 0x50, 0xc2, 0x12, 0x9e, 0x30, 0x05,
    0x2b, 0x54, 0xe1, 0xbd, 0xf0, 0xad, 0xc2, 0x14, 0xe6, 0x3b, 0x5a, 0xde, 0xb9, 0x00, 0x05, 0x7c,
    0x54, 0x42, 0x7b, 0xe5, 0x3b, 0xdf, 0x29, 0xc0, 0x77, 0xbe, 0x4f, 0x58, 0x02, 0x53, 0x99, 0xa0,
    0x04, 0xe6, 0xd2, 0xd6, 0xb6, 0x0f, 0x31, 0x01, 0x08, 0x82, 0x74, 0x9d, 0xf0, 0x6c, 0x77, 0xa6,
    0xe9, 0xf1, 0x90, 0x16, 0xda, 0x30, 0x05, 0x05, 0x20, 0x40, 0x01, 0x09, 0xc8, 0xb0, 0x86, 0x2d,
    0xac, 0x80, 0xbe, 0x9a, 0x8a, 0x9c, 0x3c, 0x08, 0x02, 0x3b, 0x39, 0xac, 0xe1, 0x0d, 0x5f, 0x78,
    0x0a, 0x6b, 0xe8, 0xc2, 0x20, 0xbd, 0xe0, 0x60, 0x15, 0x70, 0xd7, 0x54, 0xde, 0x8d, 0x08, 0xa7,
    0x5c, 0x10, 0x06, 0x38, 0x94, 0xa1, 0xc5, 0x1d, 0x92, 0x42, 0x84, 0xa9, 0xe0, 0x86, 0x39, 0x64,
    0xc1, 0x00, 0x02, 0x08, 0xb2, 0x90, 0x87, 0x6c, 0x80, 0x19, 0x34, 0x21, 0x9d, 0xb8, 0x3c, 0x72,
    0x13, 0x66, 0x00, 0xe4, 0x21, 0x3b, 0xd9, 0x00, 0x59, 0x98, 0x03, 0x1c, 0xba, 0x44, 0x06, 0x1c,
    0xa7, 0x75, 0xad, 0x12, 0x89, 0x41, 0x0a, 0x66, 0xe0, 0x85, 0xc8, 0xe1, 0x18, 0xc2, 0xaf, 0xa1,
    0x42, 0x15, 0xb2, 0x00, 0x05, 0x12, 0x97, 0x38, 0x01, 0x1c, 0xbe, 0x62, 0x81, 0x3b, 0xca, 0xc8,
    0xc0, 0xd2, 0xc0, 0xff, 0xcc, 0x25, 0xe6, 0x30, 0x14, 0xb2, 0x80, 0x05, 0x33, 0xa0, 0xa1, 0xca,
    0x3b, 0x7c, 0x71, 0x36, 0x99, 0xda, 0xd6, 0xf6, 0x9c, 0xe1, 0xce, 0x56, 0x0e, 0x02, 0x28, 0x57,
    0x87, 0x85, 0x08, 0x38, 0x20, 0x02, 0x50, 0xb0, 0x82, 0x7f, 0xdf, 0xdb, 0x5f, 0xf9, 0x5a, 0x21,
    0x0c, 0x65, 0xd8, 0x82, 0x7a, 0xdb, 0x79, 0xe8, 0x2a, 0xb8, 0xa1, 0x0b, 0x8a, 0xe6, 0xef, 0xa2,
    0x1d, 0x0d, 0x05, 0x43, 0x47, 0x00, 0x0b, 0x70, 0x08, 0x83, 0x95, 0xd3, 0x09, 0x9e, 0x97, 0x6a,
    0x25, 0x22, 0xcf, 0xf9, 0x33, 0x9e, 0xd5, 0x34, 0x37, 0x23, 0x34, 0xe1, 0x09, 0x35, 0xc6, 0x42,
    0x43, 0x1f, 0xb0, 0x05, 0xe9, 0x4e, 0xf7, 0xd6, 0xc3, 0xa5, 0x72, 0x12, 0x96, 0x40, 0x83, 0xae,
    0x82, 0xfa, 0x0c, 0x71, 0xc0, 0xf5, 0xad, 0xe7, 0xb0, 0x85, 0xa1, 0x3a, 0x00, 0xd4, 0xa2, 0xce,
    0x73, 0x19, 0xc1, 0x53, 0x06, 0x8b, 0x72, 0x45, 0x28, 0xaa, 0x76, 0xf0, 0x7d, 0x59, 0xc0, 0xc8,
    0x2e, 0xc0, 0x01, 0x0b, 0x43, 0x7d, 0x40, 0xa2, 0xa7, 0x30, 0x86, 0x6e, 0x67, 0xe1, 0xdb, 0xdd,
    0x1e, 0x83, 0xaa, 0x9f, 0xd0, 0x4a, 0x4f, 0x83, 0xda, 0x0c, 0xe1, 0xfe, 0x76, 0x16, 0xc2, 0xdd,
    0x5e, 0x28, 0x64, 0x1b, 0xd9, 0x69, 0xa2, 0x12, 0x77, 0x99, 0x2d, 0x18, 0x07, 0xe2, 0xe5, 0xba,
    0x3c, 0x48, 0x02, 0xa5, 0x1f, 0x80, 0x05, 0x39, 0x58, 0xa1, 0x01, 0x00, 0x27, 0x00, 0x01, 0x0e,
    0x40, 0x82, 0x82, 0x4b, 0xe0, 0xe0, 0x05, 0x27, 0x81, 0xb8, 0xcd, 0x10, 0x86, 0x30, 0xa4, 0xb6,
    0x0a, 0x58, 0x20, 0xc3, 0x19, 0xc6, 0x90, 0xf0, 0x83, 0x4b, 0x20, 0xe1, 0x07, 0x10, 0x38, 0xc0,
    0x1b, 0x90, 0x05, 0x38, 0x74, 0x41, 0x06, 0x27, 0xdc, 0x28, 0x76, 0xb5, 0x59, 0x6f, 0x8a, 0xbc,
    0xe1, 0x0d, 0x67, 0xff, 0xb8, 0xae, 0x88, 0x7b, 0x7d, 0xd2, 0x28, 0x67, 0x61, 0xe3, 0x00, 0x00,
    0x40, 0x00, 0x2a, 0x8e, 0xf0, 0x82, 0xa7, 0x21, 0x0e, 0x70, 0x10, 0x6e, 0x1c, 0xa2, 0x4b, 0xdc,
    0x34, 0xd0, 0xfc, 0xe2, 0x05, 0x0f, 0x40, 0xcc, 0x37, 0x9e, 0x05, 0x39, 0x4c, 0xc8, 0x7a, 0x22,
    0xa7, 0xb7, 0x30, 0x21, 0xd2, 0x59, 0xd8, 0xf6, 0xc0, 0x07, 0x44, 0x68, 0xe5, 0xac, 0xa1, 0xa0,
    0x05, 0x28, 0x6c, 0x5c, 0xe8, 0x04, 0xf8, 0x79, 0xc2, 0xfd, 0xbb, 0xe9, 0xfe, 0x72, 0x5d, 0xeb,
    0x05, 0x27, 0x80, 0xcc, 0x37, 0x6e, 0x05, 0x37, 0x68, 0x01, 0xe4, 0xb4, 0xe2, 0xa3, 0xa3, 0x98,
    0x3d, 0x4a, 0x88, 0xa8, 0xe1, 0xd2, 0x1f, 0xe8, 0x80, 0x07, 0x4e, 0x08, 0x03, 0x28, 0xc8, 0x50,
    0x01, 0x05, 0x30, 0xc0, 0x03, 0x1e, 0x80, 0x68, 0x2e, 0x40, 0x41, 0xec, 0x01, 0x78, 0xa7, 0x03,
    0x0e, 0x40, 0x78, 0x04, 0x18, 0x5e, 0xe0, 0x04, 0x40, 0x40, 0x89, 0x11, 0x80, 0x78, 0xc3, 0x23,
    0xc0, 0x01, 0x90, 0x77, 0x3c, 0xd6, 0xa9, 0x6e, 0x85, 0x00, 0x2b, 0x21, 0x08, 0x1f, 0x45, 0x68,
    0x8c, 0x5d, 0x78, 0x06, 0x2d, 0xe8, 0x26, 0x03, 0xc0, 0xf9, 0x8f, 0x0c, 0x11, 0x20, 0x80, 0x02,
    0x2c, 0xc0, 0xa1, 0x51, 0xb6, 0x02, 0xe0, 0x4f, 0xbf, 0x80, 0x01, 0x38, 0x39, 0xe6, 0x00, 0x10,
    0xc0, 0x00, 0x66, 0xef, 0x7a, 0xd8, 0x07, 0x79, 0x00, 0xac, 0x77, 0xbd, 0x00, 0x62, 0x4e, 0x00,
    0x2b, 0xcc, 0xe1, 0x0c, 0x4a, 0xe8, 0x81, 0x6c, 0x31, 0x8b, 0x65, 0x8a, 0xbc, 0xbd, 0x0b, 0x71,
    0xf7, 0x40, 0x77, 0x44, 0xef, 0x04, 0x0e, 0xbb, 0x33, 0x02, 0x55, 0x90, 0x83, 0x14, 0x00, 0xff,
    0xce, 0x07, 0x58, 0x58, 0xc3, 0x08, 0x08, 0x80, 0xf6, 0x0b, 0xc0, 0xfd, 0xee, 0x6b, 0x3f, 0x00,
    0x8a, 0x57, 0x80, 0xff, 0xe0, 0x31, 0xcc, 0xf8, 0x81, 0x4f, 0x01, 0x0e, 0x60, 0x08, 0x30, 0xff,
    0x38, 0x4a, 0xe0, 0xa6, 0x5e, 0xa4, 0xb3, 0x59, 0x80, 0x6a, 0x84, 0x9d, 0x40, 0xff, 0xfa, 0x47,
    0x41, 0x86, 0x5d, 0x9d, 0x73, 0x7c, 0xa7, 0x40, 0x66, 0x04, 0x0c, 0xa0, 0xfb, 0x00, 0x58, 0x00,
    0x03, 0x80, 0x00, 0x73, 0x36, 0x05, 0xa0, 0x15, 0x5a, 0xf2, 0x55, 0x7f, 0x60, 0xd0, 0x14, 0x0d,
    0xb7, 0x05, 0xd7, 0xd5, 0x5b, 0x4c, 0x60, 0x6a, 0x18, 0x01, 0x07, 0x36, 0x26, 0x7f, 0x52, 0x40,
    0x05, 0x57, 0x90, 0x81, 0x1a, 0xe8, 0x21, 0x4e, 0x90, 0x6d, 0x51, 0x96, 0x73, 0xc2, 0x05, 0x07,
    0x3e, 0xe6, 0x7f, 0x02, 0x48, 0x7b, 0xb3, 0x27, 0x80, 0x08, 0xf0, 0x81, 0x14, 0x08, 0x82, 0xd7,
    0x76, 0x05, 0xa0, 0x46, 0x81, 0xc2, 0xe5, 0x06, 0xe1, 0xc1, 0x39, 0x6b, 0x07, 0x04, 0xc0, 0x34,
    0x17, 0x18, 0x01, 0x7f, 0x50, 0x85, 0x1e, 0x11, 0xd6, 0x83, 0xf7, 0xd7, 0x81, 0x0c, 0xf0, 0x00,
    0x57, 0x50, 0x06, 0x5a, 0x50, 0x1d, 0x5a, 0xa0, 0x06, 0x52, 0x80, 0x77, 0x06, 0xe0, 0x78, 0x8e,
    0x67, 0x00, 0x05, 0xa0, 0x00, 0x52, 0xa0, 0x06, 0x45, 0xc8, 0x1e, 0x5a, 0x50, 0x7f, 0x9b, 0xa6,
    0x68, 0x46, 0x00, 0x04, 0x40, 0x30, 0x50, 0x49, 0xc0, 0x04, 0xeb, 0x55, 0x16, 0x15, 0x71, 0x06,
    0x6e, 0xb0, 0x05, 0xc9, 0x47, 0x23, 0x07, 0x02, 0x03, 0x45, 0xc0, 0x4a, 0x5c, 0x30, 0x19, 0x94,
    0xa1, 0x05, 0x38, 0x70, 0x03, 0x38, 0xa0, 0x03, 0x72, 0x38, 0x87, 0x3a, 0xb0, 0x03, 0x38, 0xb0,
    0x71, 0x37, 0x90, 0x87, 0x7a, 0xb8, 0x71, 0x38, 0xb0, 0x03, 0x74, 0x58, 0x87, 0x38, 0x60, 0x61,
    0x8a, 0x87, 0x7d, 0x0a, 0x10, 0x87, 0x3a, 0x10, 0x61, 0x90, 0x76, 0x6a, 0x16, 0x01, 0x39, 0x5d,
    0xf0, 0x79, 0xc0, 0xff, 0x71, 0x3d, 0x28, 0x10, 0x62, 0x4b, 0x10, 0x5c, 0x30, 0xd8, 0x06, 0x3b,
    0x70, 0x89, 0x7f, 0x28, 0x87, 0x76, 0xc8, 0x87, 0x97, 0x78, 0x89, 0x77, 0x08, 0x70, 0x7d, 0x48,
    0x87, 0x7d, 0x78, 0x03, 0x40, 0x66, 0x82, 0xae, 0x67, 0x00, 0x37, 0x20, 0x87, 0xe9, 0xc1, 0x1c,
    0x38, 0xf8, 0x7e, 0x5d, 0x90, 0x05, 0x9e, 0xe1, 0x4c, 0xd8, 0x82, 0x04, 0xaf, 0xb6, 0x5f, 0x55,
    0x60, 0x05, 0x52, 0xa0, 0x03, 0x38, 0x60, 0x88, 0xba, 0xb8, 0x8b, 0x7b, 0x08, 0x70, 0x70, 0xb8,
    0x8b, 0x6f, 0x88, 0x87, 0x79, 0x28, 0x8c, 0x75, 0x78, 0x03, 0x08, 0x90, 0x77, 0xdd, 0xe7, 0x84,
    0x08, 0x10, 0x8a, 0x1e, 0xc2, 0x1c, 0x6d, 0x57, 0x11, 0x1e, 0x20, 0x77, 0xae, 0x72, 0x02, 0x99,
    0x94, 0x4c, 0x5b, 0xf0, 0x06, 0x15, 0x36, 0x88, 0x17, 0x36, 0x01, 0xde, 0x18, 0x87, 0x38, 0x50,
    0x03, 0x36, 0x50, 0x03, 0x19, 0x47, 0x00, 0xdf, 0xb7, 0x71, 0x57, 0xa7, 0x7d, 0x02, 0x77, 0x00,
    0xe2, 0x58, 0x03, 0xa3, 0xd8, 0x50, 0x0b, 0xe0, 0x84, 0x06, 0x70, 0x7a, 0x42, 0xd8, 0x06, 0x5e,
    0x50, 0x06, 0x4d, 0xb1, 0x11, 0xc8, 0x71, 0x3a, 0xfd, 0x24, 0x04, 0x36, 0x18, 0x06, 0x72, 0x50,
    0x05, 0xa4, 0x37, 0x7b, 0x02, 0x60, 0x00, 0x16, 0x07, 0x8e, 0xed, 0x28, 0x74, 0xb0, 0x07, 0x00,
    0xe8, 0x08, 0x70, 0x0b, 0x29, 0x73, 0xed, 0xd8, 0x87, 0x38, 0xc0, 0x00, 0xa7, 0x57, 0x00, 0xa5,
    0x77, 0x7a, 0xc7, 0x06, 0x07, 0x66, 0xf0, 0x14, 0x1b, 0xb1, 0x2a, 0x1f, 0x24, 0x44, 0x46, 0x60,
    0x04, 0xb0, 0x16, 0x90, 0x4a, 0xc8, 0x7d, 0x08, 0x70, 0x70, 0x13, 0x80, 0x90, 0xe3, 0x78, 0x00,
    0x01, 0x80, 0x78, 0x04, 0xd0, 0x90, 0x0d, 0xe0, 0x92, 0x01, 0xc0, 0x8e, 0xe3, 0x18, 0x87, 0x37,
    0x30, 0x54, 0x0b, 0xc1, 0xe0, 0x7c, 0x87, 0x76, 0x6e, 0x46, 0xd1, 0x91, 0x49, 0xe3, 0x1d, 0x41,
    0x20, 0x04, 0xb6, 0x75, 0x06, 0xd7, 0x86, 0x93, 0x06, 0x30, 0x80, 0x1e, 0x90, 0x02, 0x1f, 0x50,
    0x03, 0x4c, 0xd9, 0x94, 0x4d, 0x09, 0x87, 0x1b, 0x60, 0x8e, 0xdf, 0x47, 0x00, 0x1b, 0xf0, 0x86,
    0x4e, 0x79, 0x95, 0x03, 0xb1, 0x68, 0x07, 0xb8, 0x91, 0xdc, 0x64, 0x11, 0x68, 0x53, 0x21, 0x27,
    0xf0, 0x03, 0x40, 0x60, 0x5b, 0x6d, 0x70, 0x6d, 0xf0, 0x68, 0x91, 0x06, 0xe0, 0x01, 0x2f, 0x00,
    0x02, 0x57, 0xc9, 0x94, 0x36, 0x60, 0x03, 0xc7, 0xa8, 0x90, 0x31, 0x17, 0x00, 0x37, 0xe0, 0x87,
    0x6f, 0xd9, 0x96, 0x35, 0x30, 0x10, 0x38, 0xb7, 0x82, 0x70, 0xc0, 0x91, 0x1d, 0x31, 0x8d, 0x1e,
    0x40, 0x1f, 0x32, 0xa0, 0x5e, 0xee, 0x47, 0x07, 0x44, 0x59, 0x68, 0xef, 0xc4, 0x61, 0x1f, 0x20,
    0x03, 0x21, 0x80, 0x97, 0x4c, 0x39, 0x8a, 0x80, 0x87, 0x75, 0x75, 0x19, 0x8e, 0x8e, 0x39, 0x10,
    0xf8, 0xb8, 0x91, 0x4b, 0xd1, 0x93, 0x1d, 0xe1, 0x05, 0x9d, 0x65, 0x1d, 0x30, 0x55, 0x10, 0x07,
    0xc8, 0x68, 0x91, 0x31, 0x10, 0x90, 0xc3, 0x3a, 0xce, 0x61, 0x1b, 0x17, 0x25, 0x10, 0x7c, 0x09,
    0x07, 0x71, 0x30, 0x9a, 0x02, 0x71, 0x17, 0x4b, 0x11, 0x9b, 0x25, 0x47, 0x10, 0x4d, 0x51, 0x9b,
    0x66, 0x10, 0x15, 0x01, 0x01, 0x00, 0x21, 0xf9, 0x04, 0x09, 0x08, 0x00, 0x73, 0x00, 0x2c, 0x00,
    0x00, 0x00, 0x00, 0x60, 0x00, 0x60, 0x00, 0x86, 0xff, 0xfe, 0xf5, 0xff, 0xfa, 0xee, 0xfb, 0xf2,
    0xe7, 0xff, 0xea, 0xd3, 0xf3, 0xeb, 0xe1, 0xfd, 0xe4, 0xce, 0xf0, 0xdf, 0xcf, 0xf1, 0xd9, 0xc5,
    0xef, 0xd1, 0xbe, 0xf1, 0xc2, 0xa1, 0xe0, 0xb3, 0xa4, 0xd8, 0xaf, 0x73, 0xc7, 0xbf, 0xbc, 0x9c,
    0xb0, 0xaa, 0x77, 0x79, 0x6c, 0x90, 0x68, 0x5c, 0x92, 0x65, 0x59, 0x8f, 0x63, 0x57, 0x81, 0x58,
    0x4d, 0x8c, 0x4b, 0x48, 0x78, 0x51, 0x47, 0x77, 0x50, 0x47, 0x76, 0x4f, 0x46, 0x75, 0x4e, 0x45,
    0x72, 0x4d, 0x44, 0x6b, 0x48, 0x41, 0x63, 0x42, 0x3e, 0x63, 0x41, 0x3e, 0x31, 0x62, 0x61, 0x27,
    0x5c, 0x5c, 0x22, 0x56, 0x56, 0x62, 0x40, 0x3d, 0x61, 0x40, 0x3d, 0x61, 0x40, 0x3c, 0x60, 0x40,
    0x3d, 0x71, 0x3f, 0x40, 0x60, 0x3f, 0x3c, 0x60, 0x3e, 0x3b, 0x5f, 0x3f, 0x3d, 0x5f, 0x3e, 0x3b,
    0x5e, 0x3e, 0x3c, 0x5e, 0x3e, 0x3b, 0x5e, 0x3d, 0x3c, 0x5d, 0x3e, 0x3b, 0x5d, 0x3d, 0x3b, 0x5c,
    0x3d, 0x3a, 0x5c, 0x3c, 0x3a, 0x5b, 0x3c, 0x3a, 0x5b, 0x3c, 0x39, 0x58, 0x3d, 0x3c, 0xa9, 0x36,
    0x44, 0xa6, 0x30, 0x3f, 0x79, 0x2d, 0x3b, 0x75, 0x23, 0x33, 0x55, 0x39, 0x39, 0x4d, 0x35, 0x36,
    0x6e, 0x20, 0x30, 0x48, 0x30, 0x33, 0x48, 0x2f, 0x33, 0x47, 0x2f, 0x33, 0x47, 0x2f, 0x32, 0x46,
    0x2f, 0x33, 0x47, 0x2e, 0x32, 0x46, 0x2e, 0x33, 0x46, 0x2e, 0x32, 0x46, 0x2d, 0x32, 0x41, 0x30,
    0x34, 0x45, 0x2e, 0x33, 0x45, 0x2e, 0x32, 0x44, 0x2e, 0x32, 0x45, 0x2d, 0x32, 0x44, 0x2d, 0x32,
    0x44, 0x2d, 0x31, 0x44, 0x2c, 0x31, 0x43, 0x2d, 0x31, 0x42, 0x2d, 0x31, 0x42, 0x2c, 0x31, 0x42,
    0x2c, 0x30, 0x41, 0x2c, 0x31, 0x42, 0x2b, 0x30, 0x3d, 0x2e, 0x32, 0x3e, 0x2b, 0x2f, 0x35, 0x26,
    0x2d, 0x2e, 0x28, 0x2d, 0x2e, 0x24, 0x2b, 0x2b, 0x23, 0x2a, 0x2d, 0x21, 0x29, 0x27, 0x21, 0x27,
    0x25, 0x20, 0x26, 0x23, 0x20, 0x25, 0x21, 0x1b, 0x22, 0x1e, 0x19, 0x20, 0x1d, 0x19, 0x1f, 0x1c,
    0x1a, 0x20, 0x1c, 0x18, 0x1f, 0x1c, 0x18, 0x1e, 0x1c, 0x18, 0x1d, 0x1b, 0x17, 0x1e, 0x18, 0x19,
    0x21, 0x19, 0x17, 0x1e, 0x1a, 0x16, 0x1d, 0x18, 0x16, 0x1d, 0x16, 0x16, 0x1d, 0x18, 0x15, 0x1c,
    0x17, 0x15, 0x1c, 0x16, 0x15, 0x1c, 0x18, 0x15, 0x1b, 0x17, 0x15, 0x1b, 0x16, 0x15, 0x1b, 0x18,
    0x14, 0x1b, 0x16, 0x14, 0x1b, 0x15, 0x14, 0x1b, 0x13, 0x12, 0x19, 0x12, 0x10, 0x1b, 0x0f, 0x0f,
    0x1b, 0x00, 0x00, 0x00, 0x00, 0x00, 0x00, 0x00, 0x00, 0x00, 0x00, 0x00, 0x00, 0x00, 0x00, 0x00,
    0x00, 0x00, 0x00, 0x00, 0x00, 0x00, 0x00, 0x00, 0x00, 0x00, 0x00, 0x00, 0x00, 0x00, 0x00, 0x00,
    0x00, 0x00, 0x00, 0x00, 0x00, 0x00, 0x00, 0x00, 0x08, 0xff, 0x00, 0xe7, 0x08, 0x1c, 0x48, 0xb0,
    0xa0, 0xc1, 0x83, 0x08, 0x13, 0x2a, 0x5c, 0xc8, 0xb0, 0xa1, 0xc3, 0x87, 0x10, 0x23, 0x4a, 0x9c,
    0x48, 0xb1, 0xa2, 0xc5, 0x8b, 0x18, 0x33, 0x6a, 0xdc, 0xc8, 0xb1, 0xa3, 0xc7, 0x8f, 0x20, 0x43,
    0x8a, 0x1c, 0x49, 0xb2, 0xa4, 0xc9, 0x93, 0x28, 0x53, 0xaa, 0x5c, 0xc9, 0xb2, 0xa5, 0xcb, 0x97,
    0x30, 0x63, 0xca, 0x9c, 0x49, 0xb3, 0xa6, 0xcd, 0x9b, 0x38, 0x73, 0xea, 0xdc, 0xc9, 0xb3, 0xa7,
    0xcf, 0x9f, 0x33, 0xd7, 0x08, 0x65, 0x43, 0x54, 0xe8, 0x1a, 0xa0, 0x17, 0xdb, 0xa0, 0x41, 0x53,
    0xa6, 0xe9, 0xd2, 0x36, 0x48, 0x2d, 0x92, 0x99, 0xba, 0x86, 0xcd, 0x9a, 0xa9, 0x64, 0xa2, 0x4a,
    0x14, 0x4a, 0x26, 0x0a, 0x12, 0x27, 0x03, 0x9d, 0x20, 0x89, 0x42, 0x46, 0xa8, 0x56, 0x87, 0x4a,
    0xc3, 0x20, 0xc9, 0x41, 0x64, 0x20, 0x91, 0x1c, 0x48, 0xc2, 0xa0, 0x81, 0x7a, 0x96, 0xe1, 0x1a,
    0x34, 0x64, 0x9e, 0xfc, 0x38, 0x32, 0xf0, 0xc8, 0x8f, 0x27, 0x64, 0xd0, 0x1c, 0xad, 0xbb, 0x90,
    0x4d, 0x99, 0xc1, 0x07, 0x0d, 0xb3, 0x21, 0x5c, 0xd8, 0xcc, 0x62, 0x84, 0x8a, 0x19, 0x2b, 0x1c,
    0x13, 0x66, 0x4c, 0xc2, 0xc8, 0x3e, 0x8d, 0x6a, 0x7e, 0xf3, 0x05, 0x03, 0x05, 0x0b, 0xa0, 0x2f,
    0x84, 0x28, 0xc1, 0xe2, 0x2b, 0x12, 0x16, 0x25, 0x42, 0x5c, 0xa0, 0x80, 0x41, 0x8a, 0x15, 0x2b,
    0x81, 0x05, 0x9b, 0xdd, 0xe9, 0x26, 0x8d, 0xed, 0xdb, 0x6f, 0xb8, 0x78, 0xa6, 0xc0, 0x9b, 0xc2,
    0x86, 0x0f, 0x24, 0xd8, 0xe6, 0x20, 0xf1, 0x61, 0x43, 0x05, 0x0a, 0x17, 0xa4, 0x50, 0xb1, 0x52,
    0xc6, 0x4d, 0xed, 0x34, 0x6e, 0x78, 0x86, 0xf9, 0x42, 0xbd, 0x3a, 0x19, 0x2d, 0x18, 0x2a, 0x80,
    0xb6, 0x70, 0x01, 0x04, 0x89, 0x14, 0x40, 0x98, 0x10, 0xff, 0x69, 0x91, 0xc2, 0x44, 0xf6, 0xd6,
    0xca, 0xb9, 0x54, 0xff, 0x12, 0xc6, 0xa6, 0x66, 0x37, 0x60, 0x6c, 0xb4, 0x78, 0x41, 0xbf, 0x7e,
    0x0b, 0x10, 0x1f, 0x40, 0xe8, 0xf7, 0x1e, 0x82, 0x85, 0x72, 0x29, 0x3f, 0xec, 0x90, 0x83, 0x09,
    0xfa, 0xb1, 0x60, 0xa0, 0x0b, 0xf6, 0xd9, 0x00, 0x86, 0x1b, 0x9a, 0xc1, 0xf4, 0x5c, 0x1a, 0x6f,
    0x84, 0xd1, 0xc2, 0x06, 0xfb, 0xed, 0x17, 0x02, 0x09, 0x18, 0x66, 0x48, 0x42, 0x7f, 0xae, 0x51,
    0xa1, 0x84, 0x5f, 0x29, 0x60, 0x18, 0xc2, 0x88, 0x15, 0x6e, 0xd0, 0x42, 0x18, 0x6f, 0xdc, 0x16,
    0xdd, 0x4b, 0xd3, 0x51, 0x17, 0xc6, 0x16, 0x2f, 0x78, 0xa7, 0xe1, 0x8c, 0x1a, 0x72, 0x28, 0x05,
    0x80, 0x02, 0xb2, 0x90, 0x42, 0x88, 0x34, 0x82, 0xf0, 0xc2, 0x16, 0x2d, 0xb2, 0xd7, 0x52, 0x55,
    0xf1, 0xcd, 0x47, 0x5f, 0x0b, 0x34, 0x26, 0x39, 0xa3, 0x81, 0x3a, 0xa6, 0xc0, 0x42, 0x0e, 0x3f,
    0xe4, 0xc0, 0x23, 0x8d, 0x46, 0xbe, 0xd0, 0x82, 0x82, 0x56, 0xa9, 0x54, 0x9b, 0x84, 0x14, 0xee,
    0xa7, 0xe4, 0x97, 0x1b, 0x8e, 0x88, 0x61, 0x0a, 0x3b, 0x1c, 0xb1, 0xc3, 0x94, 0x33, 0x5a, 0xf8,
    0x81, 0x0b, 0x61, 0x40, 0xa7, 0x52, 0x18, 0x2f, 0xc6, 0x08, 0xe6, 0x9c, 0x34, 0x92, 0x69, 0x26,
    0x79, 0x68, 0xce, 0x18, 0xc2, 0x07, 0x2d, 0x00, 0xd9, 0x5e, 0x4a, 0x30, 0xb0, 0x80, 0x24, 0x9d,
    0x84, 0x66, 0x48, 0x26, 0x11, 0x44, 0xec, 0x20, 0x60, 0x9e, 0x18, 0x82, 0x70, 0x81, 0x05, 0x18,
    0xac, 0xd0, 0x02, 0x0c, 0x2a, 0x85, 0x40, 0xe1, 0x85, 0x1a, 0x9e, 0xa0, 0xe9, 0xa6, 0x85, 0x1a,
    0xba, 0x03, 0xa2, 0x88, 0x9e, 0x99, 0x24, 0x08, 0x16, 0x7c, 0xf6, 0xc1, 0x07, 0x25, 0xa8, 0x74,
    0x02, 0x70, 0x3b, 0x4e, 0xb9, 0x81, 0x06, 0xb0, 0x6a, 0xff, 0xf0, 0x9b, 0x7e, 0x85, 0xa6, 0x90,
    0x83, 0xa2, 0xa1, 0x32, 0x4a, 0x82, 0xa3, 0xdc, 0x9d, 0x1a, 0xc2, 0x49, 0xab, 0x96, 0x30, 0x26,
    0x94, 0x39, 0x9c, 0x40, 0xc2, 0x06, 0x11, 0x40, 0xa0, 0x2c, 0x04, 0x11, 0x68, 0xd7, 0x5d, 0xad,
    0x29, 0xb4, 0x50, 0xa6, 0xa8, 0xa3, 0x16, 0xf7, 0xa8, 0x05, 0xc7, 0x59, 0x40, 0xd2, 0x09, 0xbf,
    0x8d, 0x39, 0xad, 0xb1, 0x1b, 0x40, 0xf0, 0xc0, 0xb2, 0x10, 0xf0, 0x56, 0x81, 0x8c, 0x9b, 0x72,
    0x9a, 0xa4, 0x9d, 0xd4, 0x2a, 0x49, 0x6a, 0x05, 0xc7, 0x7d, 0x46, 0x52, 0x09, 0xc0, 0x79, 0x6b,
    0x26, 0xb8, 0xc9, 0x92, 0xfb, 0xd9, 0xb3, 0xc7, 0xc6, 0x2a, 0xab, 0x92, 0xec, 0x9a, 0x90, 0x9f,
    0xbb, 0xd8, 0xc2, 0x4b, 0x41, 0x05, 0x21, 0x11, 0x29, 0xa7, 0xbd, 0xa2, 0x82, 0xd0, 0xdb, 0xb2,
    0x1a, 0xec, 0x4a, 0xc2, 0x09, 0x1a, 0xe4, 0xab, 0x6c, 0x04, 0x1a, 0x18, 0x3b, 0x23, 0x99, 0x6b,
    0x65, 0xc7, 0x6f, 0x9a, 0x05, 0x1f, 0x87, 0x01, 0x17, 0x0c, 0x7a, 0xd4, 0x46, 0x1a, 0x5f, 0x2c,
    0xfc, 0xdd, 0xb4, 0x21, 0xbe, 0x4b, 0x81, 0xb8, 0x10, 0x64, 0x8c, 0x21, 0xc5, 0x30, 0xc3, 0xbc,
    0x41, 0x0a, 0x1a, 0x7b, 0xba, 0xd6, 0x6a, 0x16, 0xc8, 0x08, 0x32, 0xbc, 0x22, 0x93, 0x4c, 0x17,
    0x47, 0x6b, 0xa0, 0x2c, 0xe7, 0x8e, 0x4f, 0x46, 0xd9, 0x32, 0xb6, 0x14, 0x44, 0xe0, 0x34, 0x08,
    0x2c, 0x18, 0x4b, 0x33, 0xb9, 0x31, 0x17, 0xb7, 0xf1, 0x0e, 0x6b, 0x95, 0x5a, 0x41, 0x97, 0x69,
    0x5e, 0x1b, 0x74, 0xc9, 0x1d, 0x15, 0x9d, 0xf2, 0x07, 0xb6, 0x46, 0xd9, 0x64, 0xa3, 0xa5, 0x5e,
    0x70, 0x43, 0x0e, 0xb7, 0x0a, 0x08, 0x2e, 0xd5, 0xcb, 0x62, 0x9c, 0x33, 0x99, 0x4a, 0xe4, 0x90,
    0x6c, 0x04, 0xfb, 0xfa, 0xdc, 0x28, 0x08, 0x1b, 0x94, 0xff, 0x3a, 0x32, 0xd8, 0x1c, 0xb9, 0x11,
    0xe1, 0x0b, 0x64, 0xb3, 0xac, 0x21, 0xa9, 0xc8, 0xf1, 0xa0, 0x04, 0x12, 0x45, 0x24, 0xfa, 0x36,
    0xdc, 0xe3, 0xca, 0xec, 0x6d, 0xdd, 0xf9, 0x1e, 0xdc, 0xf3, 0xa8, 0x7e, 0x7b, 0xf1, 0xc6, 0x8a,
    0x1c, 0x81, 0x11, 0x27, 0xd9, 0x3f, 0x28, 0xf1, 0x03, 0x9a, 0x20, 0x60, 0x00, 0x69, 0x0e, 0x47,
    0x80, 0xba, 0xc3, 0xe3, 0x70, 0xcb, 0xed, 0x29, 0xe5, 0xca, 0xf6, 0xc6, 0xf5, 0xe1, 0x17, 0x54,
    0x80, 0x81, 0x16, 0x61, 0x80, 0xb1, 0x11, 0x91, 0xf2, 0x21, 0xc9, 0x21, 0x15, 0x52, 0xa4, 0xf0,
    0xc1, 0x88, 0x21, 0x9c, 0xc0, 0x36, 0x5b, 0xa0, 0x3a, 0x7e, 0x2c, 0xdc, 0xbd, 0xe9, 0x4d, 0xb7,
    0xdd, 0xe4, 0x36, 0xcb, 0x9d, 0xde, 0xbb, 0xe6, 0xd7, 0xc2, 0x95, 0x60, 0x64, 0x99, 0x14, 0xca,
    0x13, 0xf2, 0xe7, 0x9f, 0x15, 0x52, 0xbc, 0xa0, 0xc2, 0xf8, 0x2a, 0xb8, 0x90, 0x84, 0x13, 0x4f,
    0x24, 0xaf, 0x7c, 0xb8, 0xe3, 0x2e, 0x6b, 0xb9, 0xf3, 0x3b, 0x50, 0xde, 0x7e, 0xec, 0x07, 0x53,
    0x9f, 0xa1, 0xa5, 0x2d, 0x7c, 0x91, 0xc6, 0xd0, 0x15, 0x89, 0xbd, 0x30, 0x87, 0xe0, 0xd3, 0x40,
    0x06, 0x06, 0x98, 0x01, 0x0d, 0xdc, 0xe0, 0x80, 0x3d, 0x48, 0xde, 0xea, 0x8e, 0x95, 0x2f, 0xa7,
    0x49, 0xef, 0x63, 0x2b, 0xa3, 0x9c, 0x03, 0x99, 0xe5, 0x2c, 0x13, 0xb4, 0x6a, 0x47, 0x87, 0x7b,
    0x81, 0xfe, 0x10, 0xd3, 0x3f, 0xa3, 0xc9, 0x08, 0x80, 0x51, 0x58, 0x80, 0x08, 0x47, 0x38, 0xc2,
    0x1b, 0x30, 0x21, 0x81, 0x89, 0xe2, 0xd1, 0xab, 0x40, 0xb0, 0xb6, 0x1b, 0xec, 0x8a, 0x7a, 0x87,
    0x7a, 0x4b, 0x0e, 0x6e, 0x00, 0x02, 0x59, 0x0d, 0xac, 0x6d, 0x8a, 0x92, 0x52, 0x86, 0x7c, 0xb4,
    0x41, 0x8c, 0x08, 0x2e, 0x0c, 0xff, 0xfb, 0x5e, 0x08, 0xff, 0x49, 0x48, 0xc2, 0x1b, 0x38, 0x41,
    0x75, 0x68, 0x02, 0x8f, 0x12, 0x80, 0xa0, 0xab, 0x18, 0x22, 0x01, 0x09, 0x40, 0x88, 0x9a, 0xc6,
    0x62, 0x98, 0xab, 0x1d, 0xbe, 0xa0, 0x4d, 0x8f, 0xb1, 0x88, 0xe7, 0x60, 0xf4, 0x41, 0x21, 0x12,
    0x91, 0x84, 0x36, 0x78, 0x4b, 0x0e, 0x79, 0xa4, 0x29, 0x16, 0x18, 0x4e, 0x43, 0x3b, 0x92, 0x96,
    0x02, 0x93, 0xf8, 0x29, 0x24, 0x5a, 0x71, 0x0b, 0x63, 0xc8, 0x0a, 0x45, 0x78, 0x77, 0xbd, 0x8d,
    0x85, 0xae, 0x08, 0x07, 0xcc, 0x23, 0x0c, 0x46, 0xc8, 0x1a, 0x0c, 0x58, 0x90, 0x47, 0xb6, 0xc2,
    0x55, 0x0a, 0xd1, 0xd8, 0xb6, 0x1e, 0x18, 0xb2, 0x8a, 0x9e, 0x5a, 0x23, 0x1a, 0x8b, 0xc0, 0x04,
    0xb2, 0xcc, 0x06, 0x22, 0x27, 0xfb, 0x42, 0xf7, 0xae, 0x86, 0x28, 0x26, 0x58, 0x52, 0x09, 0x51,
    0xb8, 0xc1, 0x08, 0x25, 0x70, 0x9c, 0xe1, 0x61, 0x8a, 0x8a, 0x83, 0x4c, 0x64, 0x11, 0x9a, 0xf0,
    0x84, 0x26, 0x20, 0xd2, 0x5b, 0x8a, 0x34, 0x94, 0x0e, 0x80, 0xa0, 0x84, 0xc0, 0xf0, 0xcf, 0x21,
    0xfe, 0xb3, 0x5f, 0x0c, 0x0d, 0xd9, 0x03, 0xc5, 0x69, 0x52, 0x84, 0x7d, 0xfc, 0x23, 0x2a, 0xdd,
    0x98, 0xc8, 0x1e, 0xe4, 0x31, 0x81, 0xed, 0x5a, 0x59, 0x2a, 0x51, 0xc9, 0x84, 0xc0, 0x70, 0x10,
    0x96, 0x1e, 0xac, 0x53, 0x1b, 0xd5, 0xe7, 0xcb, 0x03, 0x1e, 0x2f, 0x87, 0x02, 0x3b, 0xc1, 0x32,
    0x43, 0x39, 0xac, 0x27, 0xdc, 0x40, 0x01, 0x09, 0x50, 0xc0, 0x0d, 0x9e, 0xa0, 0xc3, 0x44, 0xf2,
    0x92, 0x98, 0xc6, 0xdc, 0x4a, 0x32, 0x89, 0xb7, 0x4b, 0xf5, 0x11, 0xc1, 0x92, 0x4c, 0x78, 0x22,
    0x12, 0x8e, 0xe0, 0x17, 0x17, 0x9c, 0xc0, 0x05, 0xd3, 0x0c, 0xa6, 0xad, 0xac, 0xa9, 0x00, 0x04,
    0x68, 0xf3, 0x09, 0x3d, 0x60, 0xe3, 0x30, 0x85, 0x59, 0xff, 0xcc, 0x34, 0x64, 0xf1, 0x21, 0xb1,
    0x24, 0x01, 0x93, 0xca, 0xc9, 0x4c, 0x43, 0x2a, 0xea, 0xa0, 0x39, 0x20, 0x20, 0xf2, 0x4e, 0xf9,
    0x9d, 0x1c, 0xd0, 0x33, 0x9b, 0x36, 0xd8, 0xc1, 0x0d, 0xf4, 0xc9, 0xcb, 0x34, 0x7e, 0x8a, 0x09,
    0x5f, 0x98, 0x8a, 0x38, 0xc7, 0xe6, 0x1f, 0xe0, 0xb1, 0x20, 0x04, 0xa0, 0x34, 0xe7, 0x0e, 0xf0,
    0xf4, 0xce, 0x0c, 0x60, 0x53, 0x9b, 0x4d, 0x40, 0xa1, 0x3c, 0x1d, 0x7a, 0xcd, 0x6c, 0x3e, 0xc0,
    0x69, 0x92, 0x13, 0x26, 0x12, 0x41, 0xda, 0x36, 0x50, 0x31, 0x41, 0x09, 0x4c, 0x90, 0xc8, 0x0f,
    0x09, 0xf7, 0x3d, 0x29, 0x7c, 0x34, 0xa4, 0xa0, 0x02, 0x02, 0x10, 0x74, 0x40, 0x9c, 0xe2, 0x94,
    0x20, 0x03, 0x09, 0xb0, 0xe7, 0x0d, 0x52, 0xca, 0xd0, 0x79, 0xda, 0xa0, 0x9e, 0x09, 0x68, 0x5f,
    0xc4, 0x40, 0x70, 0x21, 0x50, 0x9e, 0x09, 0xa4, 0xd3, 0x24, 0x02, 0x10, 0x76, 0x10, 0x04, 0x89,
    0xc0, 0x09, 0x46, 0x1f, 0xe8, 0xa8, 0x4f, 0xb1, 0x6a, 0x4e, 0x44, 0x2d, 0x81, 0x09, 0x47, 0x80,
    0xc1, 0x91, 0x60, 0xa0, 0x01, 0x05, 0xb8, 0x75, 0xa9, 0x2a, 0x05, 0x64, 0xb4, 0x8a, 0x90, 0x49,
    0xb7, 0x2a, 0x80, 0x59, 0x11, 0x40, 0x01, 0x0c, 0x5c, 0x60, 0xd1, 0x35, 0x92, 0x95, 0x99, 0x46,
    0x90, 0x48, 0xa0, 0x5a, 0x60, 0x82, 0xef, 0x84, 0x6e, 0x74, 0x7f, 0x4d, 0x5e, 0x78, 0xb8, 0x40,
    0x99, 0xf5, 0x84, 0xc1, 0x0b, 0x58, 0xc0, 0xc2, 0x15, 0x96, 0x38, 0xd3, 0x40, 0x1e, 0x01, 0x8e,
    0x90, 0xbd, 0x02, 0x16, 0xb6, 0xc0, 0x59, 0x2e, 0x78, 0x61, 0x0b, 0x66, 0x42, 0x61, 0x65, 0xb3,
    0x4a, 0x84, 0x1e, 0x04, 0x36, 0x22, 0x96, 0xda, 0x8f, 0x34, 0xcd, 0x94, 0x82, 0xc4, 0x22, 0x0a,
    0x08, 0x3e, 0x60, 0x42, 0x1b, 0xe0, 0x00, 0x07, 0xe7, 0xff, 0xd8, 0xf6, 0x0d, 0x72, 0x90, 0x03,
    0x1c, 0x98, 0x00, 0x84, 0xd1, 0x12, 0xc1, 0x09, 0x6e, 0xa0, 0x6d, 0x6e, 0xe5, 0xf0, 0x86, 0xe2,
    0xd2, 0xd6, 0x0d, 0xbc, 0xd5, 0xaa, 0x50, 0x73, 0xe5, 0x5a, 0x44, 0x99, 0x56, 0x22, 0xf4, 0x32,
    0xc1, 0x7c, 0x60, 0xc0, 0x32, 0x90, 0xee, 0x85, 0x9d, 0x47, 0x40, 0xc2, 0x12, 0x9a, 0xe0, 0x04,
    0x2c, 0x64, 0x21, 0x0b, 0x65, 0x58, 0xca, 0x52, 0xca, 0x70, 0x85, 0x2b, 0x54, 0x81, 0xb2, 0xa1,
    0x6a, 0xc1, 0x09, 0xd4, 0xa8, 0x84, 0x2a, 0x94, 0xd7, 0xbc, 0x57, 0x08, 0x4c, 0x19, 0xb2, 0x20,
    0x59, 0x27, 0x28, 0xe1, 0xac, 0x4c, 0x58, 0x02, 0x73, 0x81, 0xfa, 0xdc, 0x88, 0x94, 0x60, 0x03,
    0x3f, 0x22, 0xc3, 0x16, 0xc4, 0x73, 0xd5, 0x8e, 0x52, 0xe1, 0xc0, 0x54, 0xe0, 0x82, 0x1a, 0xb0,
    0xd0, 0x00, 0x06, 0x34, 0x20, 0x0b, 0x70, 0x68, 0x0a, 0x1c, 0xae, 0x60, 0x00, 0x02, 0x18, 0xc0,
    0x06, 0xf8, 0x04, 0xd5, 0xf1, 0x7a, 0xf0, 0x04, 0x1b, 0x54, 0x98, 0x00, 0x20, 0x36, 0xc0, 0x15,
    0xe4, 0x80, 0x05, 0xbb, 0x5e, 0x01, 0x0d, 0x5e, 0x20, 0xc3, 0x18, 0xbe, 0x40, 0xe0, 0xd6, 0xf2,
    0xf7, 0xb4, 0x10, 0x09, 0x81, 0x06, 0x4e, 0x04, 0x87, 0x31, 0xb4, 0xf8, 0x77, 0x08, 0xb6, 0x02,
    0x6e, 0xb5, 0xc0, 0x80, 0x1e, 0x43, 0xf8, 0x0c, 0x67, 0x98, 0x30, 0x01, 0x00, 0x20, 0x80, 0x18,
    0x3c, 0x61, 0x99, 0x4f, 0x48, 0xf2, 0x0e, 0x9e, 0x10, 0x03, 0x01, 0x00, 0x20, 0x00, 0x01, 0x20,
    0xf2, 0x88, 0x4b, 0x6c, 0x4f, 0x2d, 0xe8, 0xb6, 0x36, 0x36, 0x4e, 0x61, 0x73, 0xb7, 0xda, 0xd5,
    0x88, 0xc0, 0x00, 0x05, 0x36, 0xf8, 0xc2, 0x1b, 0xb2, 0x5c, 0x60, 0xe5, 0x2c, 0xe7, 0x35, 0x57,
    0xd0, 0xc2, 0x14, 0x7a, 0xcc, 0x80, 0x2b, 0x98, 0x41, 0xff, 0x0c, 0x62, 0x30, 0x43, 0x15, 0x2a,
    0x6c, 0x80, 0x1b, 0x44, 0x41, 0x09, 0xce, 0xbd, 0x81, 0x0d, 0x6e, 0x40, 0xd7, 0x1b, 0x7c, 0x38,
    0xc4, 0x55, 0x80, 0x43, 0x15, 0xea, 0xa9, 0x80, 0x29, 0x68, 0x01, 0x0b, 0x65, 0x48, 0x03, 0x19,
    0x6e, 0x1c, 0xd2, 0x9b, 0xe6, 0x34, 0x22, 0xd3, 0x91, 0x8b, 0xa2, 0x19, 0xdd, 0x03, 0x46, 0x6a,
    0xae, 0xc4, 0x6e, 0x15, 0x40, 0x00, 0x08, 0xc0, 0x01, 0x0f, 0x78, 0xda, 0xd3, 0x1c, 0x08, 0x75,
    0x17, 0xce, 0xc0, 0x05, 0x25, 0x34, 0xe1, 0x9a, 0x6e, 0xbd, 0x82, 0x1b, 0xba, 0x10, 0xea, 0x56,
    0x77, 0xda, 0x03, 0x1d, 0x60, 0xb3, 0x5d, 0x21, 0x1c, 0x06, 0x46, 0x2f, 0x33, 0x3c, 0x19, 0x95,
    0x23, 0x44, 0x9e, 0x83, 0x86, 0x49, 0xa7, 0x90, 0x6c, 0x46, 0x68, 0x42, 0x14, 0xc6, 0x00, 0x87,
    0x12, 0x27, 0x55, 0xd3, 0x9c, 0x86, 0x75, 0x07, 0x96, 0xfd, 0x69, 0x31, 0x8c, 0x19, 0x09, 0x49,
    0x78, 0xaa, 0x3d, 0xb1, 0x00, 0x07, 0x31, 0x7c, 0xfa, 0xd3, 0x1d, 0xf0, 0x00, 0x07, 0xd8, 0x9c,
    0x80, 0x6c, 0x52, 0xbb, 0xd6, 0x5a, 0xa6, 0x62, 0x78, 0xc8, 0xe0, 0xcf, 0xad, 0x08, 0xa5, 0xd7,
    0x8b, 0x4e, 0x94, 0x7a, 0x57, 0xb0, 0xe7, 0x1b, 0x78, 0xa1, 0xd8, 0xd8, 0x4c, 0x00, 0xb2, 0x3b,
    0xbd, 0xec, 0x7a, 0x67, 0x5b, 0x0c, 0x6e, 0x18, 0x83, 0x13, 0xea, 0xea, 0x56, 0x08, 0x5b, 0xdb,
    0xde, 0xcc, 0xde, 0x76, 0x8f, 0x4f, 0xfa, 0x6d, 0x33, 0x49, 0x29, 0xb1, 0xe3, 0x16, 0x4c, 0xff,
    0xf0, 0x92, 0x5c, 0xb8, 0x3c, 0xd5, 0xdb, 0xc5, 0x66, 0xf3, 0xbc, 0x61, 0xed, 0x80, 0x8a, 0x33,
    0x5b, 0x0c, 0x67, 0x28, 0x03, 0x9c, 0x32, 0x8b, 0x85, 0x31, 0x9c, 0xe1, 0xdf, 0x1d, 0xa8, 0xb8,
    0x03, 0xb2, 0xcd, 0x01, 0x02, 0x04, 0x40, 0x00, 0x6c, 0xff, 0x86, 0xb0, 0x17, 0x60, 0x60, 0xc1,
    0x72, 0x26, 0xfc, 0x98, 0x10, 0x29, 0xee, 0x19, 0x9c, 0xd0, 0xdb, 0x1e, 0x9c, 0x9a, 0xd0, 0x56,
    0xce, 0x82, 0xc4, 0x37, 0x4d, 0x6f, 0x07, 0x34, 0x60, 0xe4, 0x9e, 0x4e, 0x03, 0x6d, 0x87, 0x3e,
    0x5c, 0xda, 0xa6, 0xc1, 0xd3, 0x21, 0xff, 0x39, 0xc9, 0x4d, 0x8e, 0x72, 0x1f, 0xc7, 0xc1, 0x0b,
    0x2d, 0x18, 0x9e, 0xcb, 0x8b, 0x39, 0x97, 0x8a, 0x70, 0x81, 0x0b, 0xa0, 0xd5, 0xc1, 0x0e, 0x86,
    0x40, 0x4f, 0x7b, 0x4e, 0x61, 0x0b, 0x53, 0x68, 0x30, 0x03, 0xe6, 0x1d, 0xea, 0x06, 0x98, 0xbd,
    0xd5, 0xee, 0x7d, 0xaf, 0xda, 0xcb, 0x5b, 0x85, 0x56, 0xfb, 0xdc, 0x01, 0xad, 0x66, 0x7a, 0x8f,
    0x1b, 0x80, 0x05, 0x37, 0x6c, 0x81, 0xe5, 0xad, 0x52, 0xe3, 0x6b, 0x8b, 0xf9, 0xc8, 0x87, 0xa8,
    0xc1, 0x0d, 0x5e, 0xc8, 0x00, 0x06, 0xfc, 0x98, 0x82, 0x17, 0xb8, 0x06, 0x0a, 0x07, 0x28, 0x40,
    0x01, 0xec, 0x3a, 0x85, 0x2e, 0x4c, 0x81, 0xe9, 0x76, 0x35, 0x80, 0xe4, 0x0f, 0x40, 0x79, 0x10,
    0x13, 0x80, 0xf2, 0x98, 0x3f, 0x80, 0xe5, 0x31, 0x6f, 0x57, 0xcc, 0x23, 0xdb, 0xd0, 0x58, 0x70,
    0x42, 0x13, 0x96, 0xd0, 0x83, 0x83, 0x0a, 0xd2, 0xb9, 0x30, 0xde, 0x0a, 0x1a, 0xb6, 0xb0, 0x1a,
    0x0a, 0x00, 0xe7, 0x7b, 0x88, 0x1f, 0x40, 0x01, 0x10, 0x60, 0xcf, 0x2c, 0x90, 0x78, 0xc8, 0x02,
    0x40, 0x40, 0x52, 0x07, 0xc0, 0xfb, 0xde, 0x43, 0x39, 0x00, 0xbd, 0xf7, 0x3d, 0x94, 0x7b, 0xaf,
    0x7b, 0x04, 0x08, 0x9f, 0x00, 0xb6, 0x57, 0x83, 0x12, 0x7c, 0xd0, 0xdb, 0xb2, 0x6a, 0x95, 0xab,
    0x15, 0xf9, 0x7b, 0xe0, 0x07, 0x2f, 0x02, 0x81, 0x1e, 0x1e, 0x01, 0x94, 0x37, 0xb1, 0xa0, 0x21,
    0xef, 0xd6, 0xcc, 0x53, 0x5e, 0xd3, 0x02, 0x50, 0xbc, 0xff, 0xf8, 0x0b, 0x00, 0x7e, 0xca, 0xdb,
    0xd3, 0xad, 0xd8, 0x3f, 0x00, 0xb2, 0x03, 0xcd, 0x85, 0xe4, 0x3a, 0xff, 0x9c, 0x38, 0xc5, 0xc8,
    0xd5, 0xb5, 0xc0, 0x53, 0x33, 0x43, 0xe1, 0xfe, 0xf8, 0x5f, 0x0e, 0x14, 0x08, 0x6d, 0xe8, 0xb5,
    0x67, 0x21, 0xf6, 0xe3, 0x37, 0x7e, 0x03, 0x70, 0x00, 0x50, 0x90, 0x05, 0x9a, 0x15, 0x59, 0x57,
    0xf0, 0x7f, 0x07, 0x30, 0x80, 0x50, 0x70, 0x05, 0x54, 0x90, 0x3a, 0xce, 0x87, 0x6b, 0x1a, 0x75,
    0x11, 0xb4, 0x45, 0x06, 0xf5, 0x77, 0x60, 0xaf, 0x91, 0x81, 0xe0, 0x63, 0x05, 0xfb, 0x57, 0x65,
    0xba, 0x35, 0x74, 0x70, 0x20, 0x07, 0x59, 0xb0, 0x80, 0x05, 0x10, 0x7c, 0xbc, 0x57, 0x82, 0x07,
    0x60, 0x7b, 0x20, 0x18, 0x82, 0x23, 0x38, 0x80, 0x42, 0x00, 0x3e, 0x46, 0x20, 0x54, 0x45, 0x30,
    0x83, 0x41, 0xe5, 0x03, 0xad, 0x54, 0x75, 0x17, 0x31, 0x7f, 0xf5, 0x77, 0x23, 0x3c, 0x88, 0x60,
    0xfa, 0x77, 0x52, 0x56, 0xd0, 0x06, 0x5b, 0x50, 0x1d, 0x5b, 0xd0, 0x06, 0x55, 0x90, 0x78, 0x05,
    0xe0, 0x7d, 0x48, 0x78, 0x00, 0x55, 0x20, 0x84, 0x44, 0x68, 0x84, 0x08, 0x60, 0x00, 0x08, 0x00,
    0x05, 0x56, 0x40, 0x05, 0x4e, 0x60, 0x49, 0x3e, 0x90, 0x85, 0xec, 0x84, 0x04, 0x37, 0xe5, 0x48,
    0x30, 0xf7, 0x10, 0x68, 0xe0, 0x06, 0x5c, 0x20, 0x78, 0x18, 0x20, 0x23, 0x06, 0xf2, 0x02, 0x44,
    0xa0, 0x04, 0x4e, 0xc0, 0x58, 0x63, 0xd0, 0x86, 0x5b, 0x40, 0x03, 0x70, 0x88, 0x03, 0x72, 0x38,
    0x87, 0x72, 0x48, 0x03, 0x6c, 0x36, 0x02, 0x70, 0x08, 0x87, 0x23, 0xc0, 0x66, 0x34, 0x40, 0x87,
    0x74, 0x28, 0x04, 0x42, 0x00, 0x05, 0x5e, 0xd0, 0x86, 0x95, 0xb1, 0x05, 0x38, 0x50, 0x03, 0x38,
    0x60, 0x66, 0x61, 0x30, 0x81, 0x16, 0x21, 0x38, 0x5e, 0xff, 0xe0, 0x19, 0x15, 0x00, 0x1c, 0xc4,
    0x63, 0x3c, 0x3d, 0xa0, 0x04, 0xc1, 0x35, 0x74, 0x6d, 0x30, 0x87, 0x35, 0xb0, 0x89, 0x9c, 0x88,
    0x88, 0x76, 0xd8, 0x63, 0x88, 0xa8, 0x89, 0x7c, 0x78, 0x88, 0x9d, 0x88, 0x88, 0x56, 0x10, 0x59,
    0x6f, 0x30, 0x74, 0x71, 0x90, 0x89, 0x88, 0xa8, 0x1c, 0xcc, 0x81, 0x83, 0x16, 0xe1, 0x59, 0xd8,
    0x61, 0x3b, 0x7f, 0x94, 0x46, 0x47, 0xc0, 0x5d, 0x6a, 0x87, 0x05, 0x55, 0x50, 0x03, 0x34, 0x50,
    0x8a, 0x9b, 0xa8, 0x87, 0x7c, 0x98, 0x87, 0x70, 0x78, 0x87, 0x70, 0xe8, 0x8b, 0x81, 0xd8, 0x80,
    0xef, 0xa5, 0x8b, 0x73, 0x78, 0x66, 0x87, 0xf1, 0x85, 0x11, 0x31, 0x78, 0x18, 0x70, 0x2a, 0x26,
    0x50, 0x48, 0x8a, 0xb3, 0x05, 0x6f, 0x70, 0x05, 0xe9, 0x67, 0x7e, 0x22, 0xc7, 0x89, 0x32, 0x30,
    0x03, 0x32, 0xf0, 0x61, 0x02, 0x10, 0x8e, 0x6c, 0x26, 0x71, 0xe1, 0x18, 0x62, 0xdd, 0x28, 0x03,
    0x9e, 0x98, 0x8d, 0x99, 0x87, 0x00, 0x4d, 0x98, 0x51, 0x4d, 0xb1, 0x11, 0xc7, 0x71, 0x2e, 0x32,
    0xf5, 0x03, 0x36, 0x38, 0x06, 0x71, 0x70, 0x05, 0x0b, 0xd8, 0x7b, 0x05, 0xb0, 0x8d, 0x87, 0x28,
    0x03, 0xfe, 0xe8, 0x64, 0x4f, 0xf6, 0x64, 0xe3, 0xd8, 0x63, 0x51, 0x16, 0x65, 0x44, 0xe6, 0x8f,
    0xe8, 0x88, 0x03, 0x34, 0x90, 0x8f, 0x26, 0x78, 0x00, 0xd4, 0x66, 0x06, 0x4f, 0xb1, 0x11, 0xa5,
    0x72, 0x39, 0x31, 0x64, 0x04, 0x41, 0xf0, 0x04, 0x61, 0x30, 0x61, 0x08, 0x30, 0x7e, 0x07, 0x20,
    0x72, 0xbd, 0x58, 0x03, 0x08, 0xf9, 0x67, 0x20, 0x36, 0x90, 0x0c, 0x60, 0x79, 0xe6, 0xe8, 0x8f,
    0xbf, 0x88, 0x84, 0x01, 0x88, 0x00, 0x57, 0x10, 0x61, 0x46, 0x21, 0x91, 0x9f, 0xe1, 0x1d, 0x29,
    0xd0, 0x03, 0x3f, 0x00, 0x63, 0x68, 0x00, 0x6f, 0xdd, 0xaa, 0x86, 0x82, 0x19, 0x80, 0x02, 0x1a,
    0x80, 0x90, 0x3e, 0xe9, 0x8f, 0x70, 0x38, 0x01, 0x04, 0x10, 0x8e, 0xe5, 0x38, 0x01, 0x70, 0xf8,
    0x93, 0xfe, 0xe8, 0x8d, 0xf1, 0x26, 0x7e, 0xdd, 0xa6, 0x00, 0xd4, 0x86, 0x06, 0x1e, 0x11, 0x8f,
    0x14, 0x62, 0x02, 0x3c, 0xe0, 0x03, 0x5d, 0x36, 0x07, 0x37, 0x69, 0x6c, 0x09, 0x50, 0x82, 0x05,
    0x90, 0x01, 0x2e, 0xb0, 0x01, 0x48, 0x89, 0x90, 0x9e, 0xe8, 0x64, 0x50, 0x46, 0x64, 0x7d, 0x08,
    0x92, 0x61, 0x29, 0x03, 0xdd, 0xb6, 0x95, 0xb2, 0xd7, 0x94, 0x4f, 0xe9, 0x11, 0xd0, 0x38, 0x5d,
    0x4a, 0x10, 0x7f, 0x02, 0x91, 0x95, 0x76, 0x85, 0x7d, 0x08, 0x90, 0x01, 0x30, 0xf0, 0x01, 0x69,
    0x99, 0x90, 0x34, 0xc0, 0x74, 0xc8, 0x76, 0x96, 0x7d, 0x19, 0x6f, 0x9c, 0xe7, 0x56, 0x6f, 0xd9,
    0x11, 0x5f, 0x70, 0x75, 0xd6, 0xc1, 0x88, 0x03, 0x11, 0x59, 0x92, 0x55, 0x5e, 0x24, 0x91, 0x8c,
    0x91, 0x15, 0x12, 0x82, 0xb3, 0x39, 0xce, 0x61, 0x1b, 0xff, 0x24, 0x10, 0x2b, 0x08, 0x07, 0x24,
    0xb1, 0x99, 0x09, 0x23, 0x5e, 0xa0, 0x09, 0x73, 0x4d, 0x31, 0x9a, 0x65, 0x40, 0x12, 0xa4, 0xf9,
    0x8e, 0x17, 0x11, 0x10, 0x00, 0x21, 0xf9, 0x04, 0x09, 0x08, 0x00, 0x72, 0x00, 0x2c, 0x00, 0x00,
    0x00, 0x00, 0x60, 0x00, 0x60, 0x00, 0x86, 0xff, 0xfd, 0xf3, 0xfb, 0xf4, 0xe9, 0xff, 0xeb, 0xd5,
    0xf4, 0xec, 0xe2, 0xff, 0xe7, 0xd1, 0xff, 0xe5, 0xcf, 0xfe, 0xe4, 0xce, 0xf9, 0xe1, 0xce, 0xee,
    0xe0, 0xd3, 0xf2, 0xd9, 0xc5, 0xf4, 0xca, 0xb7, 0xec, 0xd4, 0xc1, 0xe7, 0xb9, 0xa9, 0xc4, 0xbb,
    0xb8, 0xd5, 0xb4, 0x7e, 0xd1, 0xae, 0x96, 0x95, 0x68, 0x5b, 0x93, 0x67, 0x5a, 0x91, 0x65, 0x59,
    0x8f, 0x63, 0x57, 0x58, 0x86, 0x7c, 0x44, 0x61, 0x5e, 0x23, 0x57, 0x57, 0x7f, 0x4f, 0x47, 0x77,
    0x50, 0x47, 0x76, 0x4f, 0x46, 0x75, 0x4f, 0x46, 0x74, 0x4e, 0x45, 0x71, 0x4d, 0x44, 0x6a, 0x48,
    0x41, 0x63, 0x41, 0x3e, 0x62, 0x41, 0x3e, 0x77, 0x40, 0x41, 0x61, 0x40, 0x3d, 0x61, 0x40, 0x3c,
    0x61, 0x3f, 0x3c, 0x60, 0x40, 0x3d, 0x60, 0x3f, 0x3c, 0x60, 0x3e, 0x3b, 0x5f, 0x3f, 0x3d, 0x5f,
    0x3e, 0x3b, 0x5e, 0x3e, 0x3c, 0x5e, 0x3e, 0x3b, 0x5e, 0x3d, 0x3c, 0x5d, 0x3d, 0x3b, 0x5c, 0x3d,
    0x3b, 0xaf, 0x36, 0x44, 0xaf, 0x30, 0x40, 0x9e, 0x36, 0x44, 0x7c, 0x30, 0x3e, 0x76, 0x25, 0x35,
    0x5c, 0x3c, 0x3a, 0x5b, 0x3c, 0x3a, 0x5b, 0x3c, 0x39, 0x5b, 0x3b, 0x39, 0x59, 0x3c, 0x3b, 0x58,
    0x35, 0x38, 0x6f, 0x1f, 0x30, 0x4e, 0x37, 0x37, 0x4a, 0x32, 0x34, 0x49, 0x30, 0x34, 0x47, 0x30,
    0x33, 0x48, 0x2f, 0x33, 0x47, 0x2f, 0x33, 0x47, 0x2f, 0x32, 0x46, 0x2f, 0x33, 0x46, 0x2e, 0x33,
    0x46, 0x2e, 0x32, 0x45, 0x2e, 0x33, 0x45, 0x2e, 0x32, 0x44, 0x2e, 0x32, 0x45, 0x2d, 0x32, 0x44,
    0x2d, 0x32, 0x44, 0x2d, 0x31, 0x44, 0x2c, 0x31, 0x42, 0x2e, 0x31, 0x43, 0x2c, 0x31, 0x42, 0x2c,
    0x31, 0x42, 0x2c, 0x30, 0x41, 0x2c, 0x31, 0x41, 0x2b, 0x30, 0x3a, 0x2c, 0x31, 0x34, 0x25, 0x2c,
    0x2e, 0x27, 0x2d, 0x2e, 0x24, 0x2b, 0x2f, 0x23, 0x2b, 0x2d, 0x20, 0x29, 0x27, 0x23, 0x28, 0x27,
    0x20, 0x26, 0x25, 0x20, 0x26, 0x23, 0x20, 0x25, 0x1f, 0x1b, 0x21, 0x1d, 0x19, 0x1f, 0x1d, 0x19,
    0x1e, 0x1c, 0x18, 0x1e, 0x1c, 0x18, 0x1d, 0x1b, 0x18, 0x1e, 0x1b, 0x17, 0x1e, 0x19, 0x17, 0x1e,
    0x1a, 0x16, 0x1d, 0x18, 0x16, 0x1d, 0x18, 0x15, 0x1c, 0x17, 0x15, 0x1c, 0x17, 0x15, 0x1b, 0x17,
    0x14, 0x1b, 0x16, 0x15, 0x1c, 0x16, 0x14, 0x1c, 0x16, 0x15, 0x1b, 0x15, 0x14, 0x1b, 0x16, 0x14,
    0x1a, 0x14, 0x12, 0x19, 0x13, 0x11, 0x18, 0x10, 0x0f, 0x18, 0x0c, 0x0c, 0x13, 0x00, 0x00, 0x00,
    0x00, 0x00, 0x00, 0x00, 0x00, 0x00, 0x00, 0x00, 0x00, 0x00, 0x00, 0x00, 0x00, 0x00, 0x00, 0x00,
    0x00, 0x00, 0x00, 0x00, 0x00, 0x00, 0x00, 0x00, 0x00, 0x00, 0x00, 0x00, 0x00, 0x00, 0x00, 0x00,
    0x00, 0x00, 0x00, 0x00, 0x00, 0x00, 0x00, 0x08, 0xff, 0x00, 0xe5, 0x08, 0x1c, 0x48, 0xb0, 0xa0,
    0xc1, 0x83, 0x08, 0x13, 0x2a, 0x5c, 0xc8, 0xb0, 0xa1, 0xc3, 0x87, 0x10, 0x23, 0x4a, 0x9c, 0x48,
    0xb1, 0xa2, 0xc5, 0x8b, 0x18, 0x33, 0x6a, 0xdc, 0xc8, 0xb1, 0xa3, 0xc7, 0x8f, 0x20, 0x43, 0x8a,
    0x1c, 0x49, 0xb2, 0xa4, 0xc9, 0x93, 0x28, 0x53, 0xaa, 0x5c, 0xc9, 0xb2, 0xa5, 0xcb, 0x97, 0x30,
    0x63, 0xca, 0x9c, 0x49, 0xb3, 0xa6, 0xcd, 0x9b, 0x38, 0x73, 0xea, 0xdc, 0x99, 0xf0, 0x8c, 0xcf,
    0x35, 0x40, 0x7d, 0x9e, 0xe1, 0xb9, 0x11, 0x8d, 0x19, 0x33, 0x64, 0x92, 0x1e, 0x45, 0x43, 0x54,
    0xe3, 0x98, 0xa7, 0x67, 0xd6, 0x9c, 0x79, 0x3a, 0xa6, 0xa9, 0x45, 0x9f, 0x63, 0xa0, 0x24, 0x81,
    0x32, 0x50, 0x2b, 0x94, 0x31, 0x3e, 0xad, 0x4a, 0x34, 0x1a, 0x26, 0x09, 0x8f, 0x22, 0x03, 0x8b,
    0xf0, 0x48, 0x12, 0xc6, 0x0c, 0x53, 0xb1, 0x10, 0xcf, 0x98, 0xc9, 0x2a, 0x04, 0xc9, 0x40, 0x24,
    0x42, 0xbe, 0x9a, 0x19, 0x0a, 0xf7, 0xe1, 0x1a, 0x32, 0x7c, 0x0f, 0xfe, 0x5d, 0xd3, 0xf7, 0x21,
    0x1b, 0x32, 0x6c, 0x12, 0x0e, 0x2e, 0xec, 0x50, 0x4c, 0x18, 0x31, 0x8a, 0xc9, 0x10, 0x6e, 0x2a,
    0xb4, 0x72, 0x9b, 0x2e, 0x1c, 0x30, 0x64, 0xd8, 0xac, 0x41, 0x84, 0x09, 0x16, 0x5b, 0x93, 0xb0,
    0x30, 0x21, 0x42, 0x03, 0x06, 0x0e, 0x52, 0xaa, 0x54, 0x19, 0x73, 0x54, 0x28, 0xcf, 0x35, 0x69,
    0x62, 0xcb, 0x66, 0xc3, 0x65, 0x03, 0x86, 0xdb, 0xb7, 0x3d, 0x84, 0x28, 0x71, 0x96, 0x47, 0x89,
    0x10, 0x1e, 0x6e, 0x6b, 0x48, 0x5d, 0xa5, 0x0c, 0xd0, 0xd8, 0x93, 0x75, 0x86, 0xf1, 0xc2, 0xbc,
    0xf9, 0x98, 0x2d, 0x99, 0x35, 0x48, 0xdf, 0xb0, 0x5b, 0xc5, 0x90, 0x26, 0x45, 0x5a, 0xa8, 0x38,
    0x61, 0x1b, 0xb5, 0x14, 0x29, 0x5c, 0x9a, 0x7b, 0xff, 0x09, 0x63, 0xd3, 0xf2, 0x17, 0x1c, 0x2d,
    0x68, 0xa8, 0x5f, 0xdf, 0x22, 0x84, 0xfb, 0xf7, 0x25, 0x46, 0xb0, 0x48, 0x2d, 0x45, 0xc8, 0x0f,
    0x1e, 0x27, 0xdc, 0xb3, 0xd8, 0x3f, 0x83, 0x3d, 0x8e, 0x2f, 0x6d, 0x54, 0x06, 0x13, 0x6c, 0xb1,
    0xb1, 0x01, 0x46, 0x0b, 0x1f, 0xbc, 0xf7, 0x9e, 0x08, 0x25, 0x34, 0xe8, 0x60, 0x7c, 0xf3, 0xa9,
    0xc6, 0x04, 0x5e, 0x2a, 0x34, 0x38, 0xc2, 0x85, 0x0a, 0x7e, 0xd0, 0x02, 0x18, 0x6c, 0xc8, 0x96,
    0x5c, 0x4b, 0xcb, 0x31, 0x17, 0xc6, 0x16, 0x34, 0xec, 0xf6, 0xe0, 0x89, 0x0f, 0xca, 0xf7, 0x5d,
    0x7d, 0xf7, 0xb1, 0xa0, 0x42, 0x85, 0x28, 0x86, 0x40, 0xc3, 0x16, 0x21, 0x8e, 0xd7, 0x52, 0x54,
    0xe7, 0xa5, 0xa7, 0x5e, 0x0b, 0x28, 0xf6, 0x78, 0xe2, 0x7e, 0x2e, 0xaa, 0xc0, 0x02, 0x0f, 0x42,
    0xf0, 0x00, 0x23, 0x8a, 0x3a, 0xd2, 0xd0, 0xc2, 0x0d, 0x5f, 0x48, 0xa5, 0x12, 0x6c, 0x07, 0x26,
    0x08, 0x9f, 0x8f, 0x54, 0x5e, 0x38, 0x42, 0x83, 0x2a, 0xfc, 0x80, 0xc4, 0x0f, 0x47, 0x9e, 0xf8,
    0xde, 0x08, 0x21, 0xcc, 0x00, 0x46, 0x1a, 0x1f, 0x9a, 0x14, 0x06, 0x18, 0x24, 0x9a, 0x48, 0xe5,
    0x9a, 0x28, 0x66, 0xb9, 0xa5, 0x76, 0x5d, 0x9e, 0x28, 0x82, 0x86, 0x5b, 0x80, 0x41, 0x5e, 0x4a,
    0x35, 0xb0, 0xc0, 0x23, 0x9b, 0x7c, 0x9e, 0x98, 0x65, 0x11, 0x45, 0xfc, 0x70, 0x5f, 0x9c, 0x0d,
    0x86, 0xb0, 0x41, 0x06, 0x1b, 0xe8, 0x59, 0x83, 0x4a, 0x22, 0xe8, 0x76, 0xe5, 0x83, 0x28, 0x44,
    0x2a, 0x69, 0x9f, 0x0f, 0xfe, 0x09, 0x68, 0xa0, 0x84, 0xfe, 0x96, 0x81, 0x66, 0x22, 0x84, 0x60,
    0x82, 0x4a, 0x28, 0x54, 0xf7, 0xa2, 0x83, 0x1e, 0x94, 0x6a, 0xea, 0x94, 0x7c, 0xaa, 0xc0, 0x83,
    0xa0, 0x80, 0x72, 0xd9, 0xa3, 0xa1, 0x88, 0x7e, 0xff, 0xf0, 0xc1, 0x08, 0x27, 0xa1, 0xe0, 0x19,
    0x96, 0x44, 0xf2, 0x80, 0x42, 0x09, 0x1e, 0x4c, 0x20, 0xc1, 0xaf, 0x12, 0x4c, 0x80, 0x81, 0x06,
    0xd4, 0x51, 0xfa, 0x62, 0x0b, 0x5a, 0xba, 0xfa, 0x6a, 0x08, 0x1f, 0x1c, 0x6a, 0x9a, 0x66, 0x24,
    0xa1, 0xa0, 0x1b, 0x96, 0xc9, 0xee, 0xea, 0x81, 0x04, 0x10, 0x64, 0x0b, 0x41, 0x04, 0xb8, 0x99,
    0x28, 0xe9, 0xa4, 0x3d, 0xba, 0xa9, 0xac, 0x8f, 0x21, 0x6c, 0x8a, 0x5b, 0x06, 0x24, 0x99, 0xa0,
    0xa6, 0xb8, 0xd6, 0x4e, 0x10, 0x81, 0x04, 0x11, 0xbc, 0x3b, 0x6c, 0xb1, 0xbc, 0x9a, 0x5a, 0xaa,
    0x8f, 0xe2, 0xe6, 0xa7, 0xa6, 0x97, 0xe6, 0xe2, 0x16, 0x12, 0x8e, 0x25, 0x3a, 0x28, 0x6e, 0x85,
    0x21, 0xe0, 0x86, 0xad, 0x04, 0x1e, 0xfc, 0x56, 0x82, 0xb4, 0xbe, 0x02, 0x3b, 0x81, 0x07, 0xbb,
    0xfa, 0xf9, 0x43, 0x12, 0x3e, 0xd8, 0x46, 0x2f, 0xbf, 0xb8, 0x9d, 0xd6, 0x85, 0x93, 0x1d, 0xa1,
    0x91, 0x86, 0x17, 0x01, 0x53, 0xbb, 0x25, 0xc1, 0xe6, 0x46, 0x00, 0x01, 0xc2, 0x11, 0x4b, 0x8b,
    0xad, 0xb6, 0x12, 0x7c, 0xa0, 0x42, 0xc4, 0x02, 0x4f, 0x5c, 0xf1, 0xb0, 0xfb, 0x3a, 0x58, 0x6e,
    0xc6, 0x1c, 0x70, 0xa1, 0xc6, 0x5b, 0x1c, 0x9d, 0xf1, 0x71, 0xc0, 0x2f, 0x0e, 0x59, 0x24, 0xc9,
    0xb7, 0xf9, 0x3a, 0x41, 0x08, 0x2c, 0xec, 0xaa, 0xf2, 0xb6, 0x26, 0x23, 0xfc, 0x41, 0xc2, 0x95,
    0xca, 0x6c, 0xae, 0x6e, 0x35, 0xc3, 0x6a, 0x6e, 0xce, 0x6a, 0x04, 0xb6, 0x91, 0xcf, 0x20, 0x87,
    0xa0, 0xaa, 0x10, 0x3e, 0x04, 0x59, 0xa8, 0x69, 0x1b, 0xec, 0xc0, 0xc3, 0x0e, 0x82, 0xea, 0xca,
    0x2b, 0xb6, 0xf1, 0xc6, 0xfb, 0xeb, 0xc3, 0x30, 0x67, 0x99, 0xc4, 0x0e, 0xee, 0x4a, 0xa0, 0xd9,
    0xc5, 0x85, 0x32, 0x6b, 0x1a, 0xd6, 0x5a, 0x6b, 0xff, 0xd4, 0x06, 0x1b, 0x61, 0x94, 0x38, 0xf0,
    0x83, 0x37, 0x6b, 0x00, 0x04, 0x13, 0x49, 0x18, 0x11, 0xa8, 0xb5, 0x6c, 0xb7, 0x9d, 0x2d, 0xca,
    0x31, 0xcf, 0x3d, 0xc1, 0xc9, 0xb7, 0x65, 0x50, 0xf3, 0xd8, 0xa7, 0x79, 0xc1, 0x46, 0x1b, 0x1e,
    0x81, 0x81, 0xa6, 0xe0, 0x42, 0x30, 0x21, 0x44, 0x97, 0x21, 0x70, 0xa0, 0x01, 0x07, 0x3e, 0x20,
    0x71, 0xe9, 0x0f, 0x8c, 0x33, 0xed, 0x76, 0x04, 0x70, 0x47, 0x4e, 0x37, 0xe5, 0xb9, 0xb9, 0xe7,
    0x65, 0x77, 0x34, 0x82, 0xb1, 0xf5, 0x1a, 0x60, 0xa0, 0xc7, 0xa3, 0x8a, 0x55, 0x48, 0xa1, 0x82,
    0x08, 0xc4, 0x8b, 0x80, 0x82, 0xd9, 0x67, 0x5d, 0xba, 0xf8, 0xda, 0xae, 0xdb, 0x7d, 0xdb, 0xbe,
    0x72, 0xcf, 0xfe, 0xee, 0xaf, 0xf3, 0x56, 0xed, 0x5e, 0x0b, 0x2d, 0xe0, 0x00, 0x06, 0xc7, 0x16,
    0x79, 0xec, 0x05, 0x82, 0xbb, 0x01, 0x2f, 0x05, 0x0d, 0x2b, 0x94, 0xbf, 0xc2, 0x0c, 0x4a, 0x40,
    0x81, 0x9d, 0xf2, 0xac, 0x33, 0xaf, 0x2d, 0xb7, 0x9a, 0x41, 0x3f, 0xf1, 0x0e, 0x2b, 0x67, 0x0b,
    0x3f, 0x06, 0x97, 0x37, 0x38, 0x67, 0x0b, 0x5e, 0xa4, 0xc1, 0x73, 0x45, 0x5c, 0x0b, 0x99, 0xf8,
    0x3c, 0xd0, 0x81, 0x02, 0x16, 0x50, 0x07, 0x08, 0x0c, 0x02, 0xfb, 0xda, 0xf5, 0xb6, 0x09, 0x08,
    0x0b, 0x51, 0xf2, 0x93, 0x5c, 0xb0, 0xde, 0x36, 0xaf, 0x13, 0xbc, 0xe8, 0x82, 0x84, 0xa3, 0x41,
    0xff, 0xfa, 0x36, 0x91, 0x00, 0x9a, 0x48, 0x45, 0x56, 0x88, 0x82, 0x03, 0x46, 0x48, 0x42, 0x12,
    0xea, 0xa0, 0x09, 0x0a, 0xc4, 0x54, 0x83, 0x4a, 0x15, 0x02, 0xb3, 0xed, 0xe0, 0x37, 0x35, 0xb3,
    0xd4, 0x0e, 0x66, 0x08, 0x1c, 0xaa, 0xf1, 0x46, 0x50, 0x69, 0x3b, 0x92, 0x8c, 0x36, 0x88, 0x91,
    0xbf, 0x05, 0xee, 0x83, 0xf3, 0x09, 0x61, 0x09, 0xff, 0x87, 0xa8, 0x03, 0x28, 0xac, 0xae, 0x4b,
    0xd6, 0x61, 0xc2, 0x10, 0x32, 0x65, 0xa9, 0x24, 0x24, 0x61, 0x08, 0x49, 0x8b, 0x98, 0xa5, 0x5a,
    0xa5, 0x43, 0x1a, 0x8c, 0xa9, 0x4c, 0x13, 0xf1, 0x5c, 0x9a, 0x2c, 0x14, 0x21, 0x11, 0x0e, 0xd1,
    0x84, 0x6a, 0xc9, 0x61, 0x83, 0x22, 0xc5, 0x82, 0x64, 0xc5, 0xe9, 0x58, 0x3f, 0x60, 0x1f, 0x12,
    0xd3, 0x78, 0x44, 0x9b, 0xd1, 0x80, 0x0b, 0x62, 0xa8, 0x0a, 0x45, 0xa2, 0xd2, 0x3b, 0xec, 0xf9,
    0x49, 0x08, 0x89, 0x43, 0x20, 0x02, 0x77, 0x50, 0x03, 0x12, 0x62, 0x60, 0x03, 0x1b, 0xb0, 0x20,
    0x8c, 0x54, 0xc5, 0x2a, 0x15, 0x0a, 0x6c, 0x55, 0x3f, 0x08, 0x82, 0x22, 0xa9, 0x18, 0x35, 0x35,
    0x56, 0xca, 0x08, 0x4d, 0xf8, 0x4a, 0x58, 0x22, 0xe2, 0x3d, 0xf0, 0x49, 0x0c, 0x50, 0x4d, 0xc8,
    0xe4, 0x56, 0x76, 0x40, 0xc2, 0x0b, 0xdc, 0xe6, 0x03, 0xc4, 0xa3, 0x96, 0x23, 0x63, 0x56, 0x04,
    0x23, 0x38, 0x01, 0x0a, 0x4e, 0x60, 0x24, 0x29, 0xdb, 0x28, 0x30, 0x1f, 0x0c, 0x81, 0x09, 0xac,
    0xf9, 0x9f, 0x43, 0x3c, 0xd8, 0x26, 0x36, 0x2a, 0x32, 0x08, 0x3d, 0x48, 0x82, 0x0e, 0xfc, 0x08,
    0x48, 0x41, 0x8a, 0x92, 0x95, 0xa2, 0x0c, 0x82, 0x1e, 0x15, 0x38, 0xae, 0x12, 0x4c, 0xd1, 0x90,
    0xa2, 0x6c, 0x02, 0x6b, 0x38, 0xc8, 0x10, 0x5a, 0x5e, 0x52, 0x79, 0x80, 0x12, 0x26, 0x02, 0x79,
    0xe0, 0x03, 0x1f, 0xa4, 0x2d, 0x3f, 0x28, 0x60, 0xa3, 0x2a, 0xb1, 0xd4, 0x03, 0x28, 0xe8, 0xe0,
    0x01, 0x0c, 0x78, 0x80, 0x0e, 0x9c, 0xd0, 0x83, 0x35, 0x8e, 0x32, 0x99, 0xcb, 0x94, 0x08, 0x2d,
    0xad, 0xf4, 0x4b, 0x68, 0x16, 0x21, 0x93, 0x4d, 0x70, 0x62, 0x12, 0x90, 0x80, 0x97, 0x19, 0xa0,
    0x60, 0x06, 0xda, 0x44, 0xa6, 0x31, 0xbb, 0xa9, 0xff, 0x03, 0x06, 0x28, 0x80, 0x01, 0x45, 0x0c,
    0x82, 0x39, 0x81, 0x69, 0xcc, 0x34, 0x2a, 0x93, 0x4c, 0xea, 0xfc, 0xd9, 0x6e, 0x80, 0xd4, 0x4e,
    0x68, 0xde, 0x12, 0x87, 0x69, 0x33, 0xa0, 0x0f, 0xce, 0xb9, 0x4f, 0x6f, 0xfa, 0x93, 0x01, 0x37,
    0xf8, 0xc1, 0x0e, 0x06, 0xaa, 0x4a, 0x34, 0xbe, 0xd3, 0x0b, 0x4f, 0x49, 0x68, 0xd7, 0x22, 0x24,
    0x05, 0x16, 0x88, 0xe0, 0x98, 0xee, 0xfc, 0x01, 0x9c, 0xee, 0xd9, 0x01, 0x70, 0x8a, 0xd3, 0x09,
    0x29, 0x2c, 0xa6, 0x0a, 0xf8, 0x79, 0x51, 0x08, 0x38, 0xf0, 0x03, 0x71, 0xcb, 0x27, 0x97, 0x4e,
    0x8a, 0xc8, 0x4b, 0x35, 0x01, 0x09, 0x4d, 0x90, 0x88, 0x0f, 0x4b, 0x14, 0xc4, 0x92, 0x9e, 0x34,
    0x9f, 0xca, 0x1b, 0xc2, 0x10, 0x7c, 0x00, 0x43, 0x0f, 0x98, 0xa0, 0x03, 0x17, 0x1d, 0x67, 0x4c,
    0x91, 0xe8, 0x03, 0x27, 0xf4, 0xf3, 0x9f, 0xf6, 0x4b, 0x58, 0x08, 0xae, 0x74, 0xcc, 0x9d, 0xa2,
    0x74, 0x08, 0x3f, 0x38, 0x82, 0x44, 0xce, 0x94, 0x26, 0x92, 0x9a, 0x14, 0xa5, 0x97, 0x5a, 0xc2,
    0x4f, 0x6d, 0xb0, 0x23, 0x1b, 0x78, 0xc0, 0xa5, 0x52, 0xed, 0xa8, 0x0a, 0x5a, 0x60, 0x04, 0x6f,
    0xba, 0x34, 0x58, 0x13, 0x48, 0x81, 0x0d, 0x66, 0xe0, 0xd1, 0x23, 0x1e, 0xd5, 0x9d, 0x41, 0x10,
    0x6b, 0x44, 0xf2, 0xd4, 0x82, 0x13, 0x18, 0x33, 0x74, 0xa3, 0xfb, 0x2b, 0x34, 0xaf, 0x03, 0xc7,
    0x1a, 0x79, 0x01, 0x0c, 0x5e, 0xc8, 0x42, 0x16, 0xb0, 0x80, 0x84, 0x21, 0xf8, 0x95, 0x90, 0x48,
    0x80, 0x63, 0x64, 0xb1, 0x90, 0x85, 0x2d, 0x78, 0x36, 0x3c, 0x5b, 0xd8, 0x52, 0x0a, 0x2f, 0x8b,
    0xd4, 0x22, 0x04, 0x56, 0x22, 0x8d, 0x7a, 0x4f, 0x36, 0x47, 0xa6, 0xd8, 0x4b, 0x0d, 0x01, 0x08,
    0x4d, 0x40, 0xc3, 0x1b, 0xdc, 0xb0, 0x06, 0x35, 0xff, 0x00, 0x45, 0x0d, 0x6c, 0x80, 0x03, 0x1c,
    0xde, 0xd0, 0x04, 0xcb, 0x52, 0xf1, 0xaf, 0x50, 0x68, 0xc3, 0x1b, 0xde, 0xa0, 0x5b, 0x38, 0xb0,
    0xe1, 0xb8, 0xc3, 0x6d, 0x43, 0x6f, 0x8b, 0xa0, 0x54, 0xdf, 0x7a, 0xb5, 0xb4, 0xa7, 0x8d, 0x88,
    0xba, 0x4e, 0x90, 0x9e, 0x1a, 0x98, 0xf1, 0xa4, 0x75, 0xa1, 0x27, 0x12, 0x92, 0xb0, 0x04, 0x26,
    0x40, 0x21, 0x0b, 0x5a, 0xd0, 0x02, 0x19, 0x8e, 0x72, 0x14, 0x32, 0x5c, 0xe1, 0xbc, 0x95, 0x5d,
    0x5d, 0x0b, 0x50, 0x80, 0xac, 0x22, 0x20, 0xe1, 0xbc, 0xf0, 0xbd, 0x02, 0x6b, 0xc8, 0xa0, 0x85,
    0xc9, 0x42, 0x81, 0x09, 0x6a, 0x6d, 0xc2, 0x12, 0x7e, 0x8b, 0xd6, 0xe8, 0x42, 0xc4, 0x04, 0x1e,
    0x98, 0xd1, 0x18, 0xb8, 0x80, 0x9d, 0x9d, 0x46, 0x48, 0x35, 0xaa, 0xe1, 0x42, 0x19, 0xb2, 0xd0,
    0x80, 0x06, 0x6b, 0xc1, 0x0d, 0x49, 0x71, 0xc3, 0x15, 0x10, 0x30, 0x00, 0x04, 0x04, 0xf4, 0x52,
    0x3d, 0xf0, 0x41, 0x0f, 0x82, 0xe0, 0x4d, 0x0a, 0x0f, 0xe0, 0xc3, 0x08, 0xb8, 0x02, 0x1c, 0xb2,
    0xe0, 0x52, 0x2c, 0x98, 0x01, 0xa4, 0x62, 0xf0, 0x42, 0x81, 0x87, 0xd7, 0x5f, 0xc1, 0x42, 0xa4,
    0x51, 0x2d, 0x08, 0x83, 0x1b, 0xc4, 0xb0, 0x62, 0x11, 0x1c, 0x18, 0xc1, 0xb9, 0xdd, 0x42, 0x83,
    0x1b, 0xa0, 0x85, 0x37, 0x94, 0xa1, 0x0c, 0x6f, 0xb8, 0xc2, 0x00, 0x00, 0x30, 0x80, 0x1b, 0x38,
    0x41, 0x9b, 0x50, 0x48, 0xf2, 0x0f, 0x9c, 0x70, 0x83, 0x00, 0x00, 0xe0, 0xc9, 0x44, 0xbe, 0x42,
    0x1c, 0xb0, 0x70, 0xd1, 0x2d, 0xc0, 0x81, 0xb6, 0x69, 0xa0, 0x31, 0xa6, 0x5a, 0x0b, 0x28, 0xb0,
    0xba, 0xf8, 0x21, 0x35, 0x48, 0xc1, 0x0d, 0x34, 0xa7, 0x65, 0x03, 0x13, 0x07, 0xc1, 0x58, 0xd0,
    0xc2, 0x14, 0x76, 0x7c, 0x85, 0x34, 0x78, 0x2e, 0xff, 0x0d, 0x13, 0xae, 0x70, 0x11, 0x55, 0x67,
    0x5a, 0x3d, 0xd6, 0x55, 0x07, 0x1e, 0x06, 0xf1, 0x15, 0x82, 0x7c, 0xd1, 0x29, 0xd4, 0x97, 0x0c,
    0x69, 0x18, 0x43, 0x8d, 0x51, 0xfa, 0xd3, 0xa0, 0x46, 0x64, 0x39, 0x6d, 0x09, 0xf4, 0xa0, 0x83,
    0x00, 0x49, 0xcd, 0x61, 0x01, 0x9c, 0x0c, 0x18, 0x40, 0x00, 0x06, 0x50, 0x01, 0x0b, 0x58, 0xda,
    0xd2, 0x15, 0xc8, 0xf4, 0x16, 0xca, 0xc0, 0x85, 0x24, 0x30, 0xe1, 0x9b, 0xe1, 0xc4, 0x42, 0x1b,
    0xb6, 0x90, 0xe9, 0x52, 0x57, 0xda, 0xd2, 0x3b, 0x66, 0x40, 0x38, 0x1f, 0x1c, 0x86, 0x41, 0x6b,
    0xf3, 0x3a, 0x20, 0x95, 0x23, 0x44, 0x08, 0x64, 0x06, 0x45, 0x6f, 0x59, 0x05, 0x47, 0x38, 0xa5,
    0x18, 0xdc, 0x90, 0x05, 0x7f, 0x2a, 0xc0, 0xc9, 0x94, 0xbe, 0xb4, 0xb0, 0x2d, 0x20, 0x06, 0x36,
    0x88, 0x21, 0x09, 0x4a, 0xb8, 0x2a, 0x03, 0xb2, 0xf0, 0x06, 0x31, 0x0c, 0x5b, 0xd8, 0x3b, 0x56,
    0xc0, 0x3f, 0xb3, 0xe0, 0x86, 0x56, 0xdf, 0xfa, 0xd5, 0x07, 0xc5, 0x62, 0x33, 0x7d, 0x52, 0x6b,
    0x41, 0x07, 0x6a, 0xbd, 0x2c, 0xd0, 0xa3, 0x17, 0x78, 0xad, 0x6a, 0x06, 0x00, 0xfb, 0xd4, 0xcf,
    0x16, 0x03, 0x1a, 0xc4, 0x90, 0x64, 0x50, 0x3f, 0xa0, 0xc7, 0x60, 0x78, 0xf6, 0xa5, 0x53, 0x3d,
    0xed, 0x6a, 0x6f, 0xc9, 0x48, 0xad, 0xbd, 0x4e, 0x3a, 0xe7, 0x38, 0x97, 0xe5, 0xe6, 0xd2, 0xdd,
    0x59, 0x18, 0xf1, 0x8e, 0xcf, 0x6d, 0x69, 0x0a, 0x18, 0xfc, 0xd2, 0x60, 0x28, 0x03, 0x19, 0xc2,
    0xb0, 0x9c, 0xc9, 0x66, 0x41, 0x0c, 0x65, 0x88, 0x77, 0xc1, 0x0f, 0x6e, 0x81, 0x0a, 0x48, 0x7a,
    0x00, 0x3b, 0xee, 0xb1, 0x17, 0x6c, 0x60, 0xc1, 0x76, 0xea, 0x7b, 0x2f, 0x15, 0xf9, 0x5b, 0x19,
    0x9e, 0x60, 0xd9, 0x20, 0x58, 0xf5, 0xa2, 0x5a, 0xff, 0x88, 0x83, 0x16, 0x06, 0x4e, 0xe4, 0x53,
    0x1b, 0x9c, 0x02, 0x97, 0x4e, 0xc3, 0x70, 0x67, 0x5e, 0xdc, 0xe1, 0xa6, 0xe1, 0xd2, 0x2f, 0xc7,
    0xf4, 0x90, 0x03, 0x90, 0xf1, 0x37, 0x44, 0x89, 0x41, 0x05, 0x75, 0xad, 0x32, 0xdd, 0x52, 0x91,
    0x2e, 0x70, 0x21, 0xb4, 0xd6, 0x24, 0x82, 0x45, 0xff, 0x39, 0x85, 0x2d, 0xac, 0xb9, 0xc1, 0x04,
    0xaf, 0xc0, 0xcb, 0x4b, 0x1d, 0xdf, 0xaa, 0xc3, 0xb7, 0xd4, 0x53, 0xaf, 0xf8, 0xce, 0x77, 0x9c,
    0x05, 0x34, 0x70, 0x81, 0xe3, 0x17, 0x6c, 0x6f, 0x97, 0x95, 0x39, 0x49, 0x88, 0x18, 0xc7, 0x0b,
    0x1d, 0xe0, 0x00, 0x07, 0x2c, 0x48, 0x03, 0x29, 0x58, 0x61, 0x09, 0x0b, 0x28, 0xc0, 0x01, 0x54,
    0xfd, 0x80, 0x29, 0x70, 0x21, 0x0a, 0x3b, 0x2f, 0x77, 0x02, 0x0e, 0x70, 0x80, 0x04, 0xf8, 0xfd,
    0xc3, 0x03, 0xf0, 0xbb, 0xe0, 0x13, 0x00, 0x78, 0xc1, 0xeb, 0xdd, 0xef, 0xc0, 0x6e, 0x7a, 0x16,
    0xee, 0xbb, 0x84, 0x20, 0x40, 0x34, 0x9f, 0xfe, 0x55, 0xa7, 0x19, 0xb6, 0xb0, 0x01, 0x4f, 0x2e,
    0xd4, 0xed, 0x51, 0x48, 0x80, 0x00, 0x0a, 0x20, 0x6d, 0x06, 0xa4, 0x3c, 0x0b, 0x3b, 0x97, 0xb6,
    0x02, 0x08, 0x20, 0x80, 0xd2, 0x97, 0x1e, 0xca, 0x02, 0x20, 0x80, 0xea, 0x49, 0x8f, 0xfa, 0xd4,
    0x8b, 0x9e, 0xf4, 0x02, 0x00, 0xb6, 0x16, 0xe0, 0x50, 0x06, 0x26, 0x00, 0xc1, 0xb7, 0xee, 0x64,
    0x6e, 0x58, 0x2b, 0x72, 0xf6, 0xb4, 0x73, 0x80, 0x04, 0x25, 0x08, 0x62, 0x14, 0x16, 0x90, 0x80,
    0x05, 0xd0, 0x7d, 0xcf, 0x13, 0x9e, 0x74, 0xb9, 0x89, 0x3f, 0xf8, 0x00, 0x38, 0xbf, 0x00, 0x06,
    0x88, 0xbe, 0x01, 0x0a, 0xe0, 0xfc, 0x00, 0xf8, 0xdd, 0xf8, 0xaa, 0x66, 0x3e, 0xb0, 0xaf, 0xe0,
    0x06, 0x02, 0xe3, 0x3e, 0xf7, 0x85, 0xc6, 0x88, 0xff, 0xd1, 0xcb, 0x4a, 0x9c, 0x28, 0x98, 0xff,
    0xfc, 0x55, 0x08, 0x61, 0x9f, 0xb5, 0x50, 0x75, 0x2d, 0x64, 0x7e, 0xf3, 0x05, 0x88, 0xbf, 0xfc,
    0x0b, 0x20, 0x80, 0x04, 0x44, 0x81, 0xfd, 0x58, 0xc8, 0xff, 0x15, 0xdc, 0xaf, 0x79, 0xfb, 0x63,
    0xa1, 0x0a, 0x74, 0x96, 0x7b, 0xb0, 0x16, 0x52, 0x17, 0xe1, 0x06, 0x6c, 0x30, 0x06, 0x34, 0xe0,
    0x01, 0x07, 0x66, 0x05, 0x0c, 0xd8, 0x80, 0xe9, 0x17, 0x05, 0x55, 0x16, 0x07, 0xc5, 0xa5, 0x5b,
    0x71, 0xb0, 0x05, 0x09, 0x40, 0x00, 0xd3, 0x37, 0x7f, 0xd0, 0x47, 0x00, 0x09, 0xb0, 0x05, 0x12,
    0x38, 0x81, 0x15, 0xd8, 0x7f, 0x51, 0x60, 0x05, 0x52, 0x10, 0x80, 0x8b, 0x75, 0x38, 0xb1, 0x24,
    0x7e, 0x47, 0x47, 0x03, 0x25, 0x30, 0x03, 0x2b, 0xb2, 0x22, 0x08, 0xf6, 0x80, 0x2e, 0x75, 0x7f,
    0xed, 0x97, 0x79, 0x18, 0xa8, 0x81, 0x1b, 0x68, 0x7f, 0xec, 0x17, 0x5f, 0xee, 0x47, 0x7c, 0x0b,
    0x30, 0x82, 0x25, 0x08, 0x28, 0xda, 0xe5, 0x53, 0xde, 0x05, 0x16, 0xcc, 0x34, 0x4b, 0x6b, 0x80,
    0x76, 0x1b, 0xc0, 0x01, 0x3c, 0x30, 0x04, 0x3c, 0x40, 0x03, 0x2a, 0x40, 0x03, 0x43, 0x80, 0x04,
    0x4c, 0x10, 0x83, 0xc1, 0x53, 0x40, 0x1a, 0xe0, 0x83, 0x83, 0xe7, 0x77, 0x19, 0x28, 0x7d, 0xd2,
    0x17, 0x7f, 0x06, 0xb0, 0x85, 0xc5, 0x57, 0x7c, 0x3a, 0x10, 0x05, 0x4b, 0xb0, 0x5d, 0x74, 0x86,
    0x04, 0xf4, 0x91, 0x04, 0x41, 0xd0, 0x04, 0xb1, 0x86, 0x11, 0x68, 0xa0, 0x06, 0xb5, 0x31, 0x2c,
    0x3d, 0x20, 0x3a, 0xb6, 0x92, 0x4d, 0xee, 0x65, 0x85, 0x52, 0x30, 0x03, 0x36, 0xd0, 0x01, 0x07,
    0x60, 0x7a, 0x80, 0x98, 0x7a, 0x05, 0xb0, 0x7a, 0x84, 0x48, 0x00, 0x83, 0x18, 0x88, 0xa6, 0x77,
    0x00, 0x51, 0xf0, 0x7f, 0x47, 0xa0, 0x48, 0x4a, 0xff, 0x75, 0x04, 0x55, 0x40, 0x05, 0x55, 0xc0,
    0x86, 0x43, 0x27, 0x4b, 0x1d, 0x24, 0x87, 0x99, 0x51, 0x36, 0x4e, 0xc8, 0x62, 0x69, 0x84, 0x04,
    0x31, 0x48, 0x82, 0x26, 0xf0, 0x54, 0xcc, 0x27, 0x86, 0x07, 0x60, 0x00, 0x7d, 0xb7, 0x85, 0xa5,
    0x78, 0x8a, 0x62, 0xf8, 0x83, 0x24, 0xf8, 0x04, 0xf0, 0x94, 0x49, 0x2b, 0x82, 0x1d, 0x92, 0x74,
    0x84, 0x71, 0x81, 0x89, 0xc3, 0xe2, 0x4b, 0x41, 0xd7, 0x04, 0x70, 0x24, 0x06, 0xbc, 0xc8, 0x05,
    0x39, 0x20, 0x03, 0x32, 0x10, 0x03, 0xc2, 0x38, 0x8c, 0xc3, 0xb8, 0x63, 0xc4, 0x28, 0x8c, 0xc6,
    0x78, 0x8c, 0xc3, 0x48, 0x1c, 0x5c, 0xc0, 0x70, 0x8f, 0xe1, 0x8b, 0x39, 0x90, 0x03, 0xc4, 0xb1,
    0x11, 0x7f, 0xe3, 0x05, 0xd1, 0x01, 0x4a, 0x40, 0xa7, 0x02, 0xae, 0xd4, 0x04, 0xc2, 0x35, 0x73,
    0x68, 0xf0, 0x8b, 0xd1, 0x18, 0x8e, 0xe2, 0x28, 0x03, 0x3b, 0x26, 0x03, 0xe3, 0x58, 0x8e, 0xe2,
    0x28, 0x8e, 0x0d, 0xe8, 0x06, 0x34, 0xf7, 0x8d, 0xe6, 0x38, 0x8d, 0x1a, 0xc1, 0x1c, 0xd0, 0xf1,
    0x47, 0x82, 0x74, 0x2c, 0x48, 0x70, 0x4a, 0xf1, 0x95, 0x05, 0x56, 0x00, 0x8c, 0xfc, 0xd8, 0x8f,
    0xc2, 0x08, 0x02, 0xc9, 0x48, 0x8c, 0x3b, 0x06, 0x02, 0xc2, 0xd8, 0x8f, 0xc0, 0xb8, 0x04, 0xe6,
    0x97, 0x8f, 0x56, 0x10, 0x8e, 0xaa, 0x61, 0x05, 0x1b, 0xc1, 0x01, 0x4b, 0x98, 0x20, 0x27, 0x80,
    0x48, 0x41, 0x00, 0x04, 0x49, 0xc0, 0x05, 0x6c, 0x70, 0x05, 0xa3, 0x58, 0x7c, 0x27, 0x23, 0x01,
    0xe6, 0x28, 0x03, 0x2e, 0xf0, 0x02, 0x2e, 0xe0, 0x61, 0xce, 0x87, 0x71, 0x3b, 0xd6, 0x60, 0x92,
    0x36, 0x69, 0x15, 0x16, 0x92, 0x2e, 0x60, 0x8e, 0x31, 0xb0, 0x91, 0x82, 0xb7, 0x00, 0x57, 0x80,
    0x06, 0x20, 0x95, 0x14, 0x1b, 0xd1, 0x2d, 0x41, 0xff, 0x57, 0x04, 0xf6, 0xc1, 0x04, 0x62, 0x00,
    0x07, 0x57, 0xa0, 0x79, 0xaa, 0x27, 0x00, 0x07, 0xf0, 0x72, 0x1f, 0xc9, 0x92, 0x4e, 0x06, 0x65,
    0x3c, 0x77, 0x92, 0x0d, 0x70, 0x94, 0x4f, 0x16, 0x00, 0x2c, 0xe9, 0x92, 0x7f, 0x58, 0x88, 0xf5,
    0xc7, 0x6c, 0xe3, 0x45, 0x74, 0x1a, 0xb1, 0x29, 0x1a, 0x50, 0x1d, 0x6c, 0x74, 0x04, 0x47, 0x00,
    0x05, 0x61, 0x10, 0x64, 0x0b, 0x60, 0x8a, 0xd3, 0x97, 0x00, 0x10, 0x40, 0x01, 0x1e, 0x09, 0x8c,
    0x2c, 0x99, 0x67, 0x1f, 0xa6, 0x94, 0x0d, 0x00, 0x78, 0x20, 0xf6, 0x94, 0x39, 0x10, 0x03, 0x09,
    0x20, 0x96, 0xd1, 0x57, 0x8a, 0x32, 0x09, 0x61, 0xae, 0x71, 0x95, 0x34, 0x63, 0x4c, 0x41, 0x20,
    0x04, 0x2e, 0x66, 0x06, 0xe4, 0x26, 0x6d, 0x07, 0xc0, 0x81, 0x1c, 0x90, 0x02, 0x1e, 0x00, 0x03,
    0x2e, 0x90, 0x98, 0x8a, 0x99, 0x98, 0xff, 0x98, 0x92, 0x25, 0x49, 0x90, 0x31, 0xb0, 0x98, 0x8a,
    0x29, 0x92, 0xbe, 0x36, 0x7d, 0x06, 0xd0, 0x79, 0xd4, 0x66, 0x06, 0x1e, 0x81, 0x1b, 0x12, 0x09,
    0x04, 0xbb, 0x27, 0x10, 0x68, 0xe0, 0x06, 0x54, 0x26, 0x6d, 0xf4, 0x77, 0x00, 0x1d, 0x30, 0x03,
    0x1e, 0x20, 0x99, 0x89, 0xf9, 0x02, 0x2f, 0xe0, 0x92, 0x4c, 0x09, 0x00, 0x01, 0x10, 0x03, 0xbf,
    0xc8, 0x9a, 0xaa, 0xe9, 0x02, 0xbe, 0x46, 0x7f, 0x9c, 0xf7, 0x4f, 0x58, 0xe0, 0x06, 0x96, 0x88,
    0x11, 0x10, 0xc9, 0x01, 0xe9, 0x61, 0x03, 0x9e, 0x66, 0x68, 0x72, 0x00, 0x98, 0x24, 0x96, 0x7d,
    0xc5, 0xd7, 0x01, 0x6e, 0x55, 0x9b, 0x89, 0xe9, 0x92, 0x3b, 0x07, 0x6c, 0xb2, 0x09, 0x92, 0xcc,
    0xb9, 0x7c, 0xc5, 0x47, 0x77, 0x99, 0xe9, 0x11, 0x5e, 0xc0, 0x05, 0xe1, 0xc1, 0x1c, 0x54, 0x61,
    0x10, 0x92, 0x95, 0x05, 0xf0, 0x45, 0x12, 0xf0, 0x29, 0xf5, 0x9d, 0x21, 0xf1, 0x37, 0x6c, 0x00,
    0x14, 0x04, 0x82, 0x45, 0x6e, 0xb0, 0x9e, 0xeb, 0xf9, 0x06, 0x24, 0x31, 0x5b, 0xec, 0xe9, 0x06,
    0xff, 0x42, 0x5e, 0xf4, 0xc9, 0x41, 0x49, 0x71, 0x9f, 0x64, 0x40, 0x12, 0xf8, 0x69, 0x93, 0x17,
    0x11, 0x10, 0x00, 0x21, 0xf9, 0x04, 0x09, 0x08, 0x00, 0x74, 0x00, 0x2c, 0x00, 0x00, 0x00, 0x00,
    0x60, 0x00, 0x60, 0x00, 0x86, 0xff, 0xfd, 0xf4, 0xfc, 0xf5, 0xea, 0xff, 0xec, 0xd6, 0xf4, 0xed,
    0xe3, 0xff, 0xe8, 0xd1, 0xff, 0xe5, 0xcf, 0xfe, 0xe4, 0xce, 0xfa, 0xe4, 0xd2, 0xef, 0xe4, 0xd9,
    0xf3, 0xda, 0xc6, 0xf2, 0xd8, 0xc4, 0xec, 0xd8, 0xc7, 0xf4, 0xc9, 0xb3, 0xda, 0xca, 0xbe, 0xea,
    0xbd, 0xac, 0xe6, 0xb9, 0x8d, 0xc4, 0xbb, 0xb9, 0xde, 0xb6, 0x8b, 0xd2, 0xb2, 0x91, 0xc1, 0x99,
    0x84, 0x95, 0x67, 0x5a, 0x92, 0x65, 0x59, 0x5b, 0x84, 0x79, 0x7b, 0x64, 0x5a, 0x59, 0x60, 0x5a,
    0x26, 0x5b, 0x5b, 0x81, 0x50, 0x47, 0x79, 0x52, 0x48, 0x77, 0x50, 0x47, 0x76, 0x4f, 0x46, 0x75,
    0x4e, 0x45, 0x72, 0x4d, 0x44, 0x6d, 0x49, 0x43, 0x65, 0x44, 0x3f, 0x26, 0x55, 0x55, 0x77, 0x41,
    0x42, 0x62, 0x41, 0x3e, 0x62, 0x40, 0x3d, 0x61, 0x41, 0x3d, 0x61, 0x40, 0x3d, 0x61, 0x40, 0x3c,
    0x61, 0x3f, 0x3c, 0x60, 0x40, 0x3d, 0x60, 0x3f, 0x3c, 0x60, 0x3e, 0x3b, 0x5f, 0x3f, 0x3d, 0x5f,
    0x3e, 0x3b, 0x5e, 0x3e, 0x3c, 0x5e, 0x3e, 0x3b, 0xaf, 0x35, 0x44, 0xa5, 0x30, 0x40, 0x7a, 0x2d,
    0x3c, 0x74, 0x23, 0x33, 0x5f, 0x3d, 0x3b, 0x5d, 0x3d, 0x3b, 0x5c, 0x3d, 0x3a, 0x5b, 0x3c, 0x3a,
    0x5b, 0x3c, 0x39, 0x6b, 0x24, 0x31, 0x57, 0x3a, 0x3a, 0x4f, 0x38, 0x39, 0x4d, 0x35, 0x37, 0x49,
    0x31, 0x34, 0x48, 0x30, 0x33, 0x48, 0x2f, 0x33, 0x47, 0x2f, 0x33, 0x47, 0x2f, 0x32, 0x46, 0x2f,
    0x33, 0x46, 0x2e, 0x33, 0x46, 0x2e, 0x32, 0x45, 0x2e, 0x33, 0x45, 0x2e, 0x32, 0x45, 0x2d, 0x32,
    0x44, 0x2e, 0x32, 0x44, 0x2d, 0x32, 0x44, 0x2d, 0x31, 0x43, 0x2d, 0x31, 0x43, 0x2c, 0x31, 0x42,
    0x2c, 0x31, 0x42, 0x2c, 0x30, 0x42, 0x2b, 0x30, 0x3e, 0x2f, 0x31, 0x40, 0x2b, 0x30, 0x37, 0x29,
    0x2f, 0x2e, 0x2a, 0x2e, 0x32, 0x24, 0x2c, 0x2d, 0x23, 0x2a, 0x2d, 0x21, 0x29, 0x26, 0x23, 0x29,
    0x26, 0x22, 0x27, 0x25, 0x21, 0x26, 0x24, 0x20, 0x25, 0x20, 0x1d, 0x23, 0x1f, 0x19, 0x21, 0x1d,
    0x19, 0x1f, 0x1c, 0x19, 0x1f, 0x1c, 0x18, 0x1f, 0x1c, 0x18, 0x1e, 0x1c, 0x18, 0x1d, 0x1b, 0x17,
    0x1e, 0x1a, 0x17, 0x1e, 0x1a, 0x16, 0x1d, 0x18, 0x16, 0x1d, 0x18, 0x15, 0x1c, 0x17, 0x15, 0x1c,
    0x17, 0x15, 0x1b, 0x17, 0x14, 0x1b, 0x16, 0x15, 0x1c, 0x16, 0x14, 0x1c, 0x16, 0x15, 0x1b, 0x15,
    0x14, 0x1b, 0x16, 0x14, 0x1a, 0x14, 0x13, 0x1a, 0x13, 0x11, 0x18, 0x10, 0x0f, 0x18, 0x0c, 0x0c,
    0x13, 0x00, 0x00, 0x00, 0x00, 0x00, 0x00, 0x00, 0x00, 0x00, 0x00, 0x00, 0x00, 0x00, 0x00, 0x00,
    0x00, 0x00, 0x00, 0x00, 0x00, 0x00, 0x00, 0x00, 0x00, 0x00, 0x00, 0x00, 0x00, 0x00, 0x00, 0x00,
    0x00, 0x00, 0x00, 0x00, 0x00, 0x08, 0xff, 0x00, 0xe9, 0x08, 0x1c, 0x48, 0xb0, 0xa0, 0xc1, 0x83,
    0x08, 0x13, 0x2a, 0x5c, 0xc8, 0xb0, 0xa1, 0xc3, 0x87, 0x10, 0x23, 0x4a, 0x9c, 0x48, 0xb1, 0xa2,
    0xc5, 0x8b, 0x18, 0x33, 0x6a, 0xdc, 0xc8, 0xb1, 0xa3, 0xc7, 0x8f, 0x20, 0x43, 0x8a, 0x1c, 0x49,
    0xb2, 0xa4, 0xc9, 0x93, 0x28, 0x53, 0xaa, 0x5c, 0xc9, 0xb2, 0xa5, 0xcb, 0x97, 0x30, 0x63, 0xca,
    0x9c, 0x49, 0xb3, 0xa6, 0xcd, 0x9b, 0x38, 0x73, 0xea, 0xdc, 0x99, 0x30, 0x8d, 0xcf, 0x36, 0x40,
    0x7d, 0xa6, 0xe1, 0xb9, 0x51, 0x0d, 0x1a, 0x34, 0x66, 0x92, 0x1e, 0x55, 0x43, 0x54, 0x63, 0x19,
    0x32, 0x65, 0xd2, 0xb4, 0x49, 0xf3, 0xb4, 0x4c, 0x53, 0x8b, 0x3e, 0xcb, 0x48, 0x59, 0x22, 0x65,
    0xe0, 0x56, 0x29, 0x51, 0x87, 0x5e, 0x8d, 0x68, 0x74, 0xcc, 0x12, 0x1f, 0x47, 0x06, 0x1e, 0xf1,
    0xb1, 0x64, 0x0c, 0x1a, 0xa6, 0x63, 0x21, 0xa6, 0x41, 0x53, 0x06, 0x0a, 0x11, 0x25, 0x03, 0x95,
    0x10, 0x81, 0x52, 0x06, 0x8d, 0xd8, 0xb8, 0x0e, 0xdb, 0x98, 0xf9, 0x6b, 0x50, 0x70, 0x1b, 0xc0,
    0x0f, 0xdd, 0x98, 0x71, 0x93, 0xd0, 0x30, 0x62, 0x87, 0x64, 0xc6, 0x90, 0x69, 0x6c, 0xe6, 0x70,
    0x53, 0xa1, 0x98, 0xdf, 0x7c, 0xf9, 0xc0, 0xa1, 0x83, 0x67, 0x0f, 0x28, 0x58, 0xd8, 0xe0, 0xba,
    0xc4, 0x06, 0x0b, 0x14, 0x1e, 0x38, 0x7c, 0xa8, 0x62, 0xc5, 0x4a, 0x5f, 0xbf, 0x3e, 0x79, 0xb6,
    0x59, 0x43, 0xbb, 0xb6, 0x9b, 0xcd, 0x1b, 0x72, 0x6f, 0xe0, 0x40, 0xa2, 0xc4, 0x8a, 0x1f, 0x47,
    0x7e, 0xac, 0x28, 0x41, 0x82, 0xc3, 0x06, 0x0f, 0xac, 0xad, 0x9c, 0x01, 0x4a, 0xdb, 0xb2, 0xce,
    0x31, 0x61, 0xa2, 0x4b, 0x27, 0xd3, 0x05, 0x44, 0xe7, 0xcf, 0x27, 0x56, 0xc0, 0x28, 0xe2, 0xe4,
    0xc8, 0x0d, 0x18, 0x2d, 0x38, 0x7f, 0xff, 0x98, 0x52, 0xa5, 0x8a, 0x17, 0xe9, 0x61, 0xc6, 0xd8,
    0xcc, 0x2c, 0x66, 0xc7, 0x0d, 0x1c, 0xf0, 0xe3, 0xdf, 0x38, 0x51, 0xe2, 0x84, 0xfd, 0xec, 0x29,
    0x6c, 0x94, 0xaf, 0x42, 0x24, 0x88, 0x8f, 0x16, 0xf6, 0xd9, 0x20, 0xe0, 0x7b, 0xf0, 0xdd, 0xb0,
    0x83, 0x18, 0x6f, 0x60, 0x06, 0xd3, 0x6c, 0xb4, 0xb9, 0x31, 0xc6, 0x0d, 0x24, 0xdc, 0x77, 0x1f,
    0x0a, 0x2b, 0x54, 0x68, 0xe1, 0x0a, 0xf9, 0x55, 0x71, 0x45, 0x15, 0x4d, 0xe8, 0x05, 0x43, 0x85,
    0x29, 0x84, 0x28, 0x21, 0x09, 0x37, 0x8c, 0xe1, 0x46, 0x6d, 0xce, 0xb5, 0x04, 0x5d, 0x74, 0x63,
    0x74, 0x81, 0x43, 0x76, 0x17, 0xc6, 0x78, 0x61, 0x7e, 0xe4, 0xf1, 0xe7, 0x9f, 0x0d, 0x30, 0x7c,
    0x28, 0xe3, 0x09, 0x38, 0x74, 0xb1, 0x62, 0x7a, 0x2d, 0x49, 0xd5, 0x1e, 0x81, 0x38, 0xdc, 0x20,
    0xe3, 0x91, 0x31, 0x0a, 0x88, 0x23, 0x0c, 0x36, 0xfc, 0x40, 0x84, 0x0f, 0x3a, 0xca, 0x48, 0xa4,
    0x81, 0x62, 0x4c, 0xa5, 0xd2, 0x6c, 0x0f, 0x46, 0x78, 0x1f, 0x92, 0x5c, 0x62, 0x18, 0x62, 0x85,
    0x30, 0x04, 0xa1, 0x44, 0x10, 0x51, 0xc6, 0x78, 0x5f, 0x0a, 0x25, 0x94, 0xb8, 0x46, 0x8a, 0x26,
    0x8d, 0xd1, 0xe2, 0x8b, 0x5d, 0xc6, 0x29, 0x63, 0x98, 0x63, 0x7e, 0x57, 0x66, 0x8c, 0x28, 0x90,
    0xe8, 0xa3, 0x7a, 0x29, 0xe5, 0x60, 0x83, 0x91, 0x72, 0x06, 0x6a, 0x61, 0x98, 0x47, 0x1c, 0x11,
    0x84, 0x7f, 0x77, 0x56, 0x78, 0x82, 0x07, 0x1d, 0x7c, 0x70, 0xc3, 0x0d, 0x39, 0xa8, 0x94, 0xe7,
    0x09, 0x29, 0xc4, 0xe8, 0xc2, 0xa5, 0x98, 0x0a, 0x3a, 0x68, 0x10, 0x85, 0x16, 0x4a, 0xe6, 0x91,
    0x27, 0x74, 0xb0, 0x41, 0x07, 0x25, 0x94, 0xc0, 0x82, 0x4a, 0x2e, 0xf8, 0x96, 0x63, 0x94, 0x24,
    0xb4, 0xea, 0x6a, 0x7d, 0x30, 0xca, 0xff, 0x09, 0x83, 0x0f, 0x87, 0x7a, 0x9a, 0xe8, 0x0a, 0x8b,
    0x76, 0xe0, 0x41, 0xab, 0x29, 0x9c, 0x94, 0x2a, 0x0b, 0x60, 0xfa, 0xf0, 0xa4, 0x0b, 0x2b, 0x90,
    0x50, 0xc1, 0xb1, 0xc8, 0x76, 0xe6, 0x41, 0xac, 0x71, 0xe6, 0x78, 0x83, 0x98, 0x9f, 0x82, 0x4a,
    0x1c, 0xa3, 0x1d, 0x70, 0xd0, 0x19, 0x49, 0x2e, 0xf4, 0x06, 0x26, 0xb4, 0xc4, 0x1a, 0x4b, 0xc1,
    0xb7, 0xdf, 0xee, 0xc6, 0x01, 0x8c, 0x98, 0x66, 0x7a, 0x24, 0x9d, 0xd1, 0x22, 0x19, 0xaa, 0xb5,
    0xb9, 0x75, 0x40, 0x12, 0x0b, 0xbe, 0x6d, 0x3b, 0x66, 0xb7, 0xc8, 0x7e, 0x5b, 0x81, 0xb2, 0x30,
    0xba, 0xea, 0x2a, 0x92, 0xe8, 0xb6, 0x50, 0x9f, 0xba, 0xd5, 0xb2, 0xcb, 0x41, 0x48, 0x42, 0xc2,
    0x29, 0xef, 0xa7, 0x27, 0x18, 0xb7, 0x41, 0x05, 0x14, 0x54, 0x10, 0x02, 0xae, 0x2b, 0x64, 0x8b,
    0x2c, 0xb2, 0x24, 0x10, 0x1b, 0x63, 0x98, 0x4b, 0xfc, 0xc0, 0xd9, 0xb2, 0xa0, 0x06, 0x6c, 0xdc,
    0x07, 0x5e, 0x58, 0xd9, 0x91, 0x1a, 0x6b, 0x84, 0x61, 0xb0, 0x76, 0xd0, 0x7e, 0xb8, 0xee, 0xc2,
    0x0d, 0x57, 0x5c, 0xa1, 0xc4, 0xe0, 0xb6, 0x5c, 0x83, 0xc5, 0x9b, 0x66, 0xec, 0xc1, 0xa8, 0xcc,
    0x5a, 0xb8, 0x2e, 0xbb, 0x20, 0xb3, 0x01, 0x17, 0x47, 0x69, 0x94, 0x0c, 0x67, 0x8e, 0x4d, 0x3e,
    0xa9, 0x72, 0xb5, 0x0b, 0x1f, 0x6b, 0x82, 0x0d, 0xc4, 0xc2, 0x0c, 0xae, 0xc3, 0xad, 0x5e, 0x1c,
    0x44, 0xc6, 0xa2, 0xf2, 0x66, 0x9f, 0x99, 0xd4, 0x7e, 0xec, 0x05, 0x1b, 0x84, 0x69, 0x14, 0xb4,
    0xc9, 0x25, 0xc0, 0xe0, 0xe4, 0x0f, 0x4b, 0x2a, 0x2a, 0xaa, 0x07, 0x3d, 0xf8, 0x40, 0xab, 0x7f,
    0xf4, 0xc6, 0xdc, 0xf0, 0xb1, 0x2e, 0x6f, 0xcb, 0x84, 0x0f, 0x0c, 0xdf, 0xab, 0x6b, 0xce, 0xf6,
    0x91, 0x20, 0x6a, 0xcf, 0x5d, 0x67, 0xff, 0xf4, 0x86, 0x83, 0x38, 0x84, 0x9d, 0xf2, 0x85, 0xa1,
    0x1e, 0x27, 0x44, 0x13, 0x4b, 0x24, 0x61, 0x68, 0xdb, 0x6e, 0xb7, 0x4c, 0x73, 0x98, 0x73, 0xd7,
    0xbd, 0x5b, 0x07, 0x39, 0x9b, 0xbd, 0xc1, 0x07, 0x60, 0xb8, 0xf1, 0x86, 0x47, 0x62, 0xbc, 0x19,
    0x36, 0x11, 0x4d, 0x10, 0x51, 0xe6, 0x09, 0x1f, 0x34, 0xfa, 0x83, 0x12, 0x9d, 0x06, 0xc1, 0xf8,
    0xd3, 0x70, 0x3f, 0x1e, 0x44, 0xe4, 0x0d, 0xe7, 0x66, 0x35, 0xde, 0xa9, 0x7d, 0xe0, 0xa3, 0x18,
    0x1b, 0x09, 0xe9, 0x9e, 0x91, 0x19, 0x5a, 0x51, 0x05, 0x0c, 0x25, 0xa0, 0x20, 0xbc, 0x0b, 0x6a,
    0xa3, 0xd5, 0xe9, 0xe2, 0xc5, 0x32, 0xfc, 0xb4, 0xec, 0xcc, 0x42, 0x4e, 0xb7, 0xbd, 0xc7, 0xe2,
    0x6b, 0x66, 0x7d, 0x8f, 0x1e, 0x28, 0xb2, 0x45, 0x24, 0x87, 0x01, 0x21, 0x7e, 0xfa, 0xf9, 0x8e,
    0x43, 0x0d, 0x2f, 0x84, 0x7f, 0x83, 0x12, 0x52, 0x40, 0x71, 0x3c, 0xf2, 0xde, 0xc6, 0x3c, 0x79,
    0xf3, 0xaf, 0x3f, 0xaf, 0xbe, 0xb5, 0x95, 0x57, 0x98, 0xe7, 0x0d, 0x61, 0xac, 0xf1, 0x73, 0x45,
    0x5f, 0x1b, 0xdc, 0x7b, 0x15, 0x21, 0xf4, 0xef, 0x3f, 0x0f, 0x3d, 0xe8, 0xc1, 0x10, 0x8e, 0xa7,
    0xba, 0xe4, 0x4d, 0xcc, 0x6e, 0x1c, 0xdb, 0x54, 0xe4, 0x0e, 0xa8, 0xac, 0x16, 0xac, 0x2a, 0x47,
    0x84, 0xc3, 0x41, 0xfd, 0xfa, 0x26, 0x91, 0xfc, 0xc1, 0x28, 0x43, 0x57, 0x98, 0xc2, 0x04, 0x22,
    0xc0, 0xc1, 0x0e, 0x46, 0x60, 0x02, 0x3d, 0x70, 0xc2, 0x00, 0x0d, 0xa5, 0xa3, 0x56, 0x99, 0x20,
    0x6d, 0x3e, 0xc0, 0x55, 0xce, 0x08, 0xb5, 0x16, 0x1f, 0xf4, 0xc0, 0x04, 0xad, 0xfa, 0xd7, 0xda,
    0x0e, 0x05, 0x25, 0x9d, 0x49, 0x70, 0x0d, 0x14, 0x8c, 0xc8, 0xdf, 0xc6, 0xa0, 0x3f, 0xfd, 0x5c,
    0x21, 0x0a, 0x11, 0x78, 0x40, 0x10, 0xff, 0x1f, 0x20, 0x44, 0x21, 0xf6, 0x40, 0x0a, 0xa9, 0x2b,
    0xd3, 0x76, 0x9a, 0x50, 0x84, 0x5b, 0xb1, 0x70, 0x09, 0x4b, 0x28, 0x02, 0xd3, 0x2c, 0xc6, 0x42,
    0x5b, 0xd9, 0x70, 0x0c, 0x6b, 0xc2, 0x48, 0xe7, 0x5c, 0x74, 0x41, 0x1f, 0x46, 0x61, 0x83, 0x1e,
    0xec, 0x20, 0x0f, 0xd6, 0x42, 0x43, 0x1d, 0x5d, 0xca, 0x06, 0x83, 0xbb, 0x90, 0xb3, 0x38, 0x95,
    0x44, 0x35, 0xb2, 0xd1, 0x8a, 0x8a, 0xea, 0x11, 0x54, 0xf0, 0xd7, 0x86, 0x21, 0x01, 0x6a, 0x50,
    0x44, 0x60, 0x42, 0x12, 0x02, 0xd8, 0x03, 0x00, 0xe6, 0xa0, 0x83, 0x97, 0xfb, 0x80, 0x03, 0x75,
    0x34, 0xab, 0x5a, 0x91, 0x50, 0x8d, 0x6b, 0x1b, 0x82, 0x22, 0xe1, 0xb8, 0x2d, 0x02, 0x2a, 0x31,
    0x09, 0x4e, 0x00, 0x4b, 0x6c, 0xc8, 0x52, 0xb2, 0xed, 0x49, 0xad, 0x50, 0x4e, 0xc8, 0x24, 0x13,
    0xa4, 0xd0, 0x83, 0x20, 0x46, 0x40, 0x03, 0xd6, 0x22, 0x81, 0xf0, 0x1a, 0xd9, 0xc6, 0x4d, 0x1d,
    0x21, 0x09, 0x4f, 0x80, 0xc2, 0x13, 0x18, 0x89, 0x32, 0x47, 0xaa, 0x11, 0x08, 0x45, 0x68, 0x42,
    0x5f, 0xee, 0xe7, 0x10, 0x0b, 0xce, 0x89, 0x8d, 0x8a, 0x1c, 0x82, 0x10, 0x98, 0xd0, 0x83, 0x0d,
    0x4e, 0x20, 0x90, 0x83, 0x24, 0x25, 0x2b, 0x09, 0x35, 0x04, 0x1e, 0x18, 0x73, 0x80, 0xe9, 0x6a,
    0x65, 0x29, 0x1b, 0xe9, 0x84, 0xbe, 0xe4, 0x50, 0x21, 0xb6, 0xbc, 0xe4, 0xf9, 0x8e, 0x30, 0x04,
    0x3e, 0xfa, 0xe0, 0x07, 0x3f, 0xa0, 0xa1, 0xbf, 0x5c, 0xf0, 0xc6, 0x43, 0x0e, 0xea, 0x07, 0x50,
    0xe0, 0x81, 0x04, 0x1c, 0x20, 0x01, 0x1e, 0x40, 0xe1, 0x07, 0x4a, 0xec, 0x66, 0x32, 0x09, 0xd5,
    0x4c, 0xbf, 0x54, 0x50, 0x68, 0xf8, 0xf9, 0x92, 0x32, 0xa7, 0x99, 0x49, 0x27, 0x40, 0x71, 0x09,
    0x4a, 0xd0, 0x4b, 0x0e, 0x5c, 0x90, 0xff, 0x03, 0x75, 0x2a, 0x11, 0x9c, 0x3c, 0x70, 0x00, 0x03,
    0x1c, 0xc0, 0x03, 0x29, 0x0c, 0x21, 0x9d, 0xae, 0x34, 0x65, 0x33, 0xb3, 0x18, 0x11, 0x5b, 0x2a,
    0x49, 0x98, 0xe7, 0xcb, 0xe5, 0xa1, 0x26, 0xea, 0x83, 0x10, 0x80, 0x20, 0x04, 0xc0, 0x59, 0xa6,
    0x76, 0x00, 0x2a, 0x50, 0x07, 0xec, 0x20, 0x08, 0x3d, 0x40, 0x68, 0x29, 0xd7, 0x78, 0x04, 0x27,
    0x84, 0x61, 0x8e, 0x0d, 0x15, 0x5a, 0x09, 0x6c, 0x40, 0x9e, 0x29, 0xd8, 0x00, 0x05, 0x55, 0x9c,
    0xa6, 0xa1, 0xec, 0xc4, 0xcf, 0x10, 0x8c, 0xb3, 0x9c, 0x4f, 0x18, 0xe1, 0x3a, 0x39, 0x3a, 0xd0,
    0xb7, 0xc5, 0x6d, 0x9e, 0x24, 0x84, 0xe9, 0xda, 0x3a, 0xe5, 0x04, 0x26, 0x38, 0x41, 0x22, 0x3b,
    0x0c, 0x9c, 0x0f, 0xab, 0xf0, 0xd2, 0x98, 0x1e, 0xaf, 0x08, 0x45, 0x00, 0xc2, 0x70, 0x88, 0xc3,
    0x02, 0x10, 0x74, 0x94, 0x07, 0x39, 0x1d, 0x26, 0x4f, 0x1d, 0x00, 0xae, 0x87, 0x51, 0x0a, 0xa8,
    0x64, 0x82, 0x69, 0x37, 0x8f, 0x50, 0x84, 0x20, 0x20, 0x41, 0x22, 0x6e, 0x72, 0xd1, 0x4a, 0xf7,
    0xd3, 0xd4, 0xb1, 0x76, 0xca, 0xa8, 0x4a, 0xc8, 0x41, 0x81, 0x76, 0x60, 0x53, 0x72, 0x62, 0x55,
    0xa7, 0x84, 0x84, 0xc1, 0x0d, 0x92, 0xc0, 0xc9, 0x9b, 0x22, 0xeb, 0x05, 0x39, 0xb0, 0xd3, 0xb3,
    0x1c, 0x29, 0xd6, 0x69, 0x0e, 0xe1, 0xac, 0x11, 0xf1, 0xd3, 0x0d, 0x5a, 0xa0, 0x1d, 0xd0, 0x89,
    0xae, 0xb0, 0xe7, 0xe3, 0x8e, 0x17, 0x22, 0x83, 0x9e, 0x31, 0x80, 0x41, 0x0b, 0x5a, 0xc8, 0x02,
    0x13, 0x8a, 0x90, 0x44, 0xa1, 0x8a, 0x69, 0xb2, 0x97, 0xc5, 0x6c, 0x17, 0x46, 0xeb, 0x05, 0x30,
    0x74, 0x61, 0x4c, 0x23, 0xec, 0xac, 0x53, 0xa9, 0x89, 0x58, 0x88, 0x4c, 0xca, 0x3e, 0xdc, 0x1c,
    0x13, 0x0c, 0x20, 0xdb, 0xa9, 0x22, 0xff, 0x08, 0xc1, 0x09, 0x6a, 0x88, 0x43, 0x1c, 0xda, 0xc0,
    0x06, 0xa0, 0xb0, 0xc1, 0x0d, 0x72, 0x90, 0x43, 0x1c, 0x9c, 0xc0, 0x59, 0x5b, 0x15, 0x56, 0x0a,
    0x6f, 0xd0, 0x6d, 0x70, 0xe5, 0xe0, 0x86, 0xe6, 0xea, 0xf6, 0x0d, 0xc4, 0x25, 0x2b, 0x54, 0x8d,
    0xbb, 0xda, 0xc3, 0x4a, 0x04, 0x5e, 0x2d, 0x78, 0x4f, 0x3f, 0x65, 0x0b, 0xd3, 0xbb, 0xe4, 0x53,
    0x09, 0x4b, 0x60, 0x42, 0x13, 0xa4, 0xa0, 0x85, 0x2d, 0x70, 0xc1, 0x0c, 0x47, 0x39, 0x8a, 0x19,
    0xb0, 0xc0, 0xde, 0xcd, 0xa6, 0xee, 0x06, 0x2e, 0x18, 0x2c, 0x13, 0xd8, 0x4b, 0x5f, 0x2c, 0xf4,
    0xc5, 0x0c, 0x5b, 0xd8, 0x42, 0x16, 0xa4, 0xd0, 0x04, 0xa3, 0x16, 0x95, 0xba, 0x6e, 0xb5, 0x6e,
    0x44, 0x58, 0x40, 0x02, 0x39, 0x76, 0xa1, 0x3b, 0x61, 0xd5, 0xcf, 0x7e, 0x58, 0xe3, 0x85, 0x33,
    0x68, 0x01, 0x02, 0x10, 0xde, 0x02, 0x1c, 0x92, 0x12, 0x87, 0x2c, 0x2c, 0x60, 0x00, 0x0b, 0x30,
    0x67, 0x6a, 0xb1, 0xf9, 0x83, 0x21, 0x84, 0x13, 0x01, 0x03, 0x40, 0x00, 0x88, 0x17, 0x80, 0x05,
    0x39, 0x68, 0xe1, 0xa6, 0x59, 0x40, 0x03, 0x18, 0xc8, 0x40, 0x86, 0x30, 0x20, 0x78, 0xb6, 0xd5,
    0x6d, 0xed, 0x43, 0x50, 0x10, 0x82, 0x12, 0xc1, 0xa1, 0x0c, 0x2f, 0x46, 0x41, 0xf7, 0x7c, 0xc7,
    0x1a, 0xe0, 0x72, 0x01, 0x02, 0x0d, 0x80, 0xc0, 0x16, 0xe2, 0x70, 0x86, 0x33, 0x54, 0x78, 0x00,
    0x00, 0x18, 0xc0, 0x0e, 0xa0, 0xf0, 0x46, 0x28, 0x38, 0x39, 0x08, 0x50, 0xd8, 0x41, 0x00, 0x00,
    0x40, 0xe5, 0x24, 0x63, 0x61, 0x0e, 0x5a, 0xe8, 0x28, 0x17, 0xe4, 0x00, 0x87, 0xd9, 0x90, 0x21,
    0xc7, 0x4e, 0x2d, 0xab, 0x8c, 0x1d, 0x92, 0x83, 0x17, 0xec, 0x20, 0x0c, 0x6e, 0xf8, 0x72, 0x50,
    0x15, 0x9c, 0x1c, 0x2b, 0x64, 0x81, 0xff, 0x0b, 0x54, 0x00, 0x32, 0x04, 0xb0, 0xb0, 0x86, 0x2f,
    0x7c, 0x61, 0x0d, 0x58, 0x00, 0x31, 0x02, 0x0a, 0xca, 0x84, 0x42, 0x15, 0xd3, 0x98, 0x7c, 0xe5,
    0x01, 0x88, 0x07, 0x40, 0x68, 0x04, 0x60, 0x01, 0x0e, 0x58, 0xe8, 0x28, 0x15, 0xb8, 0xa0, 0x05,
    0x33, 0xac, 0x41, 0xcd, 0x61, 0x75, 0x6a, 0x51, 0x8f, 0x1a, 0x11, 0xe8, 0xb8, 0xe5, 0xd1, 0x60,
    0x1e, 0x02, 0x24, 0xc1, 0x00, 0x87, 0x13, 0x3b, 0xc0, 0x01, 0x03, 0x08, 0xc0, 0x00, 0x32, 0x20,
    0x82, 0x52, 0x97, 0x3a, 0x03, 0xa8, 0xfe, 0xc2, 0x19, 0xbc, 0x20, 0x5e, 0x71, 0x92, 0x33, 0x0b,
    0x6f, 0xe0, 0x02, 0xaa, 0x67, 0x4d, 0x6a, 0x11, 0x64, 0x00, 0xc2, 0x10, 0xf8, 0xb4, 0x04, 0x86,
    0x3c, 0x06, 0x30, 0xbf, 0x91, 0x3b, 0x27, 0xb5, 0x4a, 0x44, 0x18, 0x84, 0x06, 0x4c, 0x93, 0x30,
    0x6c, 0x48, 0x78, 0x82, 0x14, 0xc8, 0x10, 0x87, 0x2d, 0x08, 0x94, 0x01, 0x53, 0x1e, 0x35, 0xad,
    0x67, 0x2d, 0x82, 0xc5, 0x90, 0x61, 0x09, 0x4d, 0x08, 0xe8, 0x40, 0x87, 0x4c, 0x06, 0x5b, 0x9b,
    0xda, 0xd6, 0xa8, 0xc6, 0x75, 0x47, 0x79, 0xed, 0xeb, 0xda, 0x2e, 0x94, 0x4d, 0x0d, 0x11, 0x4a,
    0xb1, 0x21, 0x0d, 0x5f, 0x1b, 0x18, 0xb3, 0x07, 0x60, 0x68, 0xf6, 0xa7, 0x1d, 0x10, 0x6d, 0x52,
    0x4f, 0x9b, 0xd4, 0x64, 0x48, 0xb3, 0x14, 0xfa, 0x4a, 0xce, 0x21, 0x7f, 0x01, 0xdc, 0xf7, 0x16,
    0xf7, 0xa7, 0x79, 0x3d, 0x26, 0x28, 0xd1, 0x96, 0x3b, 0xce, 0xc4, 0x1f, 0x5d, 0xa2, 0xfb, 0x83,
    0x25, 0xb8, 0x5a, 0x02, 0x5a, 0x30, 0x31, 0xae, 0xeb, 0x6d, 0x6b, 0x0b, 0x58, 0x1c, 0xd5, 0x22,
    0x50, 0xb5, 0x19, 0xdc, 0x04, 0x86, 0x2d, 0x94, 0x97, 0x0c, 0x67, 0xf8, 0x37, 0xaa, 0x2d, 0x6e,
    0x01, 0x7b, 0x87, 0x7a, 0x00, 0xb8, 0xff, 0x1e, 0x32, 0x18, 0x72, 0xe0, 0x40, 0x61, 0x22, 0xdc,
    0x9d, 0x14, 0xf9, 0xdb, 0x19, 0xa2, 0x3b, 0x84, 0x27, 0x68, 0xdb, 0x01, 0x5c, 0x98, 0xc3, 0x8f,
    0x21, 0x4c, 0xf1, 0x0c, 0x90, 0x1c, 0xe3, 0x6b, 0xd0, 0xad, 0xd0, 0x97, 0xab, 0xdb, 0x35, 0x80,
    0xfb, 0xe7, 0xb6, 0x46, 0x72, 0x00, 0x52, 0x1e, 0x07, 0x30, 0x40, 0x88, 0x42, 0xf3, 0x7c, 0x39,
    0x2d, 0x21, 0xe2, 0x05, 0x2f, 0x9c, 0x16, 0x08, 0x41, 0x30, 0x82, 0x14, 0x6e, 0x4e, 0x85, 0x2e,
    0xc4, 0x99, 0xe7, 0x49, 0xc6, 0xc0, 0xc8, 0x2f, 0x8e, 0x6a, 0x2c, 0x64, 0xc1, 0xec, 0x59, 0x38,
    0x3b, 0x7d, 0xcf, 0x3e, 0xeb, 0x9f, 0x67, 0x00, 0x03, 0x4a, 0xc7, 0xb5, 0x16, 0xdc, 0xd0, 0x05,
    0x96, 0xaf, 0x6a, 0xb0, 0x85, 0x42, 0xf8, 0x24, 0x21, 0xb2, 0x1c, 0x30, 0x80, 0xe0, 0x03, 0x20,
    0x70, 0x20, 0x0e, 0xa6, 0xf0, 0x43, 0x05, 0x14, 0x20, 0x01, 0xba, 0xa6, 0xc2, 0x17, 0xa8, 0xa0,
    0xf4, 0x79, 0x27, 0xe0, 0xf1, 0x90, 0xd7, 0xb3, 0x02, 0x26, 0x4f, 0x79, 0x3d, 0x3f, 0x5e, 0x01,
    0xf3, 0x56, 0xc0, 0xe3, 0xa3, 0xbd, 0xe8, 0xfd, 0xf6, 0x77, 0x08, 0x13, 0x35, 0xa4, 0x9f, 0xc7,
    0x2c, 0x17, 0x34, 0x74, 0xe1, 0x66, 0x1c, 0xf0, 0x8d, 0x17, 0x13, 0x20, 0x80, 0x02, 0x30, 0x60,
    0xdb, 0x58, 0x56, 0xfa, 0xeb, 0x19, 0x40, 0x00, 0x01, 0xd4, 0x5e, 0x00, 0x02, 0xa8, 0xb2, 0xed,
    0x09, 0xc0, 0xfb, 0xdc, 0x53, 0x19, 0xf7, 0x04, 0x98, 0xfd, 0xed, 0xa3, 0xbd, 0x05, 0x39, 0x9c,
    0xa1, 0x09, 0x42, 0x28, 0xae, 0x4c, 0xc5, 0x5c, 0x91, 0xbe, 0xff, 0x1d, 0x04, 0x2a, 0x58, 0x81,
    0x17, 0x1b, 0x90, 0x00, 0xcc, 0xbf, 0x3a, 0x0e, 0x79, 0x16, 0x75, 0xe6, 0x29, 0x3f, 0xf9, 0x00,
    0x78, 0xbf, 0x00, 0x06, 0x08, 0xbf, 0xff, 0x01, 0x0a, 0xe0, 0xfd, 0x00, 0x50, 0x7e, 0xfb, 0x0a,
    0x98, 0xb2, 0xa1, 0xe1, 0xe0, 0x85, 0xe8, 0xca, 0x14, 0x93, 0x46, 0xc5, 0x48, 0xd5, 0xb9, 0xa0,
    0x54, 0xd6, 0x54, 0x21, 0x0a, 0xf8, 0xcf, 0xbf, 0x86, 0xa2, 0xd0, 0xd1, 0x29, 0x70, 0x41, 0xed,
    0xec, 0xb5, 0x05, 0x53, 0x90, 0x00, 0x04, 0x50, 0x00, 0x06, 0x78, 0x80, 0x06, 0x48, 0x00, 0x09,
    0x30, 0x05, 0x5b, 0x80, 0x05, 0x98, 0xa5, 0x05, 0x58, 0x20, 0x80, 0x0a, 0x20, 0x00, 0x0a, 0x10,
    0x05, 0x1b, 0x82, 0x3a, 0xef, 0x07, 0x6c, 0x28, 0x65, 0x11, 0x70, 0x70, 0x63, 0xf5, 0xd7, 0x1a,
    0x57, 0x10, 0x82, 0x22, 0xb8, 0x7f, 0x1d, 0xd5, 0x05, 0x73, 0xb0, 0x5c, 0xc1, 0x35, 0x07, 0x5d,
    0xa0, 0x00, 0x04, 0x30, 0x7e, 0x08, 0x08, 0x7e, 0x04, 0xa0, 0x00, 0x26, 0x88, 0x82, 0x72, 0xa0,
    0x73, 0x13, 0x98, 0x00, 0x16, 0x58, 0x05, 0x48, 0x30, 0x5d, 0x91, 0x75, 0x38, 0xb3, 0x24, 0x7f,
    0x5e, 0x40, 0x7f, 0x2b, 0x70, 0x03, 0x35, 0xb2, 0x60, 0xfb, 0xf1, 0x43, 0x37, 0xc5, 0x80, 0xf5,
    0x15, 0x81, 0x53, 0xc0, 0x82, 0x2e, 0x88, 0x80, 0x06, 0x10, 0x83, 0x4a, 0x58, 0x5f, 0x02, 0x48,
    0x7d, 0x0d, 0x90, 0x83, 0x52, 0x90, 0x49, 0xf8, 0x84, 0x81, 0x25, 0x35, 0x5e, 0x61, 0x41, 0x47,
    0x61, 0xf0, 0x7c, 0x3e, 0x50, 0x04, 0x3f, 0x80, 0x03, 0x30, 0x80, 0x03, 0x45, 0xa0, 0x04, 0x4d,
    0xb0, 0x60, 0xbe, 0xd3, 0x3f, 0x1c, 0xd0, 0x00, 0xdc, 0xc7, 0x7d, 0x2e, 0x28, 0x7e, 0xe2, 0x67,
    0x80, 0x06, 0x10, 0x87, 0x93, 0xb7, 0x00, 0x0d, 0xc0, 0x03, 0xf8, 0xb7, 0x62, 0x91, 0x31, 0x06,
    0x5e, 0xb0, 0x1f, 0x4c, 0x30, 0x04, 0x26, 0x55, 0x06, 0xc2, 0x86, 0x3d, 0x6c, 0xe0, 0x05, 0x1f,
    0x70, 0x1c, 0x3f, 0x10, 0x3a, 0xa9, 0xff, 0xc2, 0x4d, 0x47, 0xa0, 0x04, 0x6c, 0x58, 0x05, 0x90,
    0x02, 0x02, 0x06, 0x80, 0x7b, 0x98, 0x88, 0x89, 0x07, 0xc8, 0x7b, 0x9c, 0x58, 0x80, 0x06, 0x98,
    0x89, 0x99, 0xb8, 0x80, 0x8c, 0x06, 0x07, 0x42, 0x17, 0x07, 0x70, 0xd0, 0x1a, 0x55, 0x30, 0x88,
    0xed, 0x34, 0x75, 0x15, 0x94, 0x88, 0x8b, 0xf8, 0x01, 0x63, 0x68, 0x70, 0x84, 0xa2, 0x04, 0xad,
    0x51, 0x8b, 0x55, 0x50, 0x03, 0x35, 0x00, 0x02, 0x0c, 0x50, 0x7d, 0x71, 0x98, 0x00, 0xe2, 0x07,
    0x79, 0x90, 0xf7, 0x8b, 0x78, 0x98, 0x00, 0x0c, 0xc0, 0x87, 0x51, 0x80, 0x76, 0x69, 0x97, 0x05,
    0xfb, 0xd1, 0x1d, 0x92, 0xf4, 0x4c, 0x0f, 0x91, 0x06, 0xae, 0x38, 0x2a, 0xc1, 0xd4, 0x4a, 0x4e,
    0xf0, 0x05, 0x2c, 0x46, 0x06, 0x66, 0xd0, 0x05, 0x3a, 0x40, 0x03, 0x34, 0x30, 0x03, 0xde, 0xf8,
    0x8d, 0xde, 0x38, 0x02, 0xb8, 0x36, 0x02, 0xe0, 0x28, 0x8e, 0x10, 0x46, 0x8e, 0xe0, 0x18, 0x8e,
    0xbb, 0xd8, 0x8b, 0x0c, 0x30, 0x03, 0x3a, 0xa0, 0x03, 0xfb, 0xb1, 0x11, 0x6f, 0x00, 0x07, 0x61,
    0xb0, 0x88, 0x1d, 0x20, 0x4a, 0x50, 0x07, 0x03, 0xb0, 0xe4, 0x04, 0xc9, 0x25, 0x74, 0x6a, 0xb0,
    0x8d, 0xdc, 0x18, 0x90, 0xdc, 0xf8, 0x8e, 0x34, 0x80, 0x6b, 0x34, 0xf0, 0x8e, 0x04, 0x69, 0x90,
    0x04, 0x19, 0x90, 0x3a, 0x30, 0x03, 0xac, 0xd7, 0x89, 0xb5, 0x97, 0x00, 0x33, 0xc0, 0x8d, 0xe5,
    0x61, 0x05, 0x1b, 0x11, 0x06, 0x60, 0xc0, 0x05, 0x1b, 0x33, 0x48, 0xce, 0xa2, 0x04, 0xca, 0x86,
    0x8c, 0x5a, 0x60, 0x05, 0x00, 0x29, 0x90, 0xdc, 0x18, 0x8e, 0x72, 0x86, 0x8e, 0x26, 0x19, 0x64,
    0xe8, 0x48, 0x92, 0x33, 0xa0, 0x00, 0x74, 0x28, 0x7e, 0x0a, 0xe0, 0x8e, 0xf0, 0x68, 0x05, 0x57,
    0xb0, 0x11, 0x1f, 0x70, 0x93, 0xbd, 0xff, 0xd1, 0x02, 0x89, 0xb4, 0x4b, 0x5e, 0xe0, 0x06, 0x58,
    0x40, 0x7d, 0x94, 0xb7, 0x00, 0x17, 0x30, 0x94, 0x01, 0x29, 0x03, 0x32, 0x10, 0x03, 0x83, 0xe6,
    0x7d, 0x28, 0x87, 0x6b, 0x10, 0x16, 0x6a, 0xa2, 0x16, 0x62, 0x31, 0x60, 0x94, 0x25, 0xd9, 0x51,
    0xe3, 0x67, 0x00, 0x1d, 0x75, 0x05, 0x6a, 0x10, 0x06, 0x65, 0x90, 0x14, 0x1b, 0x61, 0x1c, 0xe3,
    0xa2, 0x4c, 0xfd, 0xd1, 0x04, 0x64, 0x20, 0x07, 0x59, 0xf0, 0x90, 0xb5, 0x67, 0x00, 0x16, 0x77,
    0x01, 0x01, 0x19, 0x03, 0x6c, 0x39, 0x65, 0x55, 0xb6, 0x74, 0x4c, 0x09, 0x01, 0x6e, 0x49, 0x65,
    0x01, 0xc0, 0x96, 0x31, 0x70, 0x90, 0x33, 0xf0, 0x6c, 0x05, 0x50, 0x80, 0xaf, 0xe7, 0x00, 0x43,
    0x86, 0x5e, 0x6f, 0xb1, 0x11, 0xa2, 0x42, 0x39, 0xca, 0x84, 0x04, 0x48, 0x20, 0x05, 0x63, 0x50,
    0x61, 0x2e, 0x19, 0x7e, 0x87, 0x37, 0x94, 0x17, 0x30, 0x91, 0x34, 0x60, 0x97, 0x07, 0x40, 0x68,
    0x85, 0x16, 0x97, 0x10, 0x30, 0x68, 0x84, 0x76, 0x00, 0x76, 0x39, 0x95, 0x9f, 0x76, 0x7e, 0xfd,
    0x36, 0x61, 0x42, 0x21, 0x98, 0x38, 0xa3, 0x1d, 0x43, 0x40, 0x04, 0xad, 0x85, 0x06, 0x70, 0xe0,
    0x6c, 0x03, 0x15, 0x85, 0x09, 0x00, 0x02, 0x2f, 0x10, 0x02, 0x47, 0x69, 0x97, 0xb2, 0x19, 0x8e,
    0x08, 0x50, 0x7e, 0x01, 0x80, 0x00, 0xe8, 0x28, 0x9b, 0xba, 0x39, 0x10, 0xc9, 0x98, 0x5f, 0x5b,
    0x80, 0x5e, 0xce, 0x48, 0x11, 0x5e, 0x19, 0x21, 0x2d, 0x20, 0x04, 0x66, 0x35, 0x10, 0x6a, 0xd0,
    0x69, 0x7a, 0x29, 0x00, 0xad, 0x79, 0x03, 0x25, 0xa0, 0x9b, 0xb2, 0x89, 0x97, 0x48, 0x56, 0x65,
    0x03, 0xe0, 0x8e, 0x91, 0x09, 0x9d, 0x6c, 0x39, 0x10, 0xba, 0xd5, 0x81, 0x1d, 0xb8, 0x14, 0x1e,
    0x71, 0x93, 0x20, 0xa0, 0x5d, 0xe2, 0x4f, 0x45, 0x69, 0x74, 0x80, 0x9a, 0x5b, 0x30, 0x4e, 0x0e,
    0xa0, 0x79, 0x0d, 0x00, 0x02, 0x39, 0xf0, 0x9c, 0xd8, 0x79, 0x97, 0xdd, 0xa8, 0x74, 0xd1, 0x06,
    0x99, 0xef, 0x19, 0x03, 0x03, 0xb1, 0x95, 0x80, 0x09, 0x1b, 0xc1, 0x39, 0x11, 0x61, 0x50, 0x75,
    0xd3, 0xb1, 0x81, 0x03, 0xe1, 0x9b, 0xc9, 0xf8, 0x18, 0x07, 0xf1, 0x37, 0x6e, 0x00, 0x14, 0x0c,
    0x82, 0x6e, 0xdc, 0x29, 0x74, 0x04, 0x6a, 0x10, 0x73, 0x91, 0x5e, 0xe9, 0xd5, 0x37, 0x49, 0x31,
    0xa1, 0x66, 0x00, 0x18, 0x01, 0x01, 0x00, 0x21, 0xf9, 0x04, 0x09, 0x08, 0x00, 0x73, 0x00, 0x2c,
    0x00, 0x00, 0x00, 0x00, 0x60, 0x00, 0x60, 0x00, 0x86, 0xff, 0xfe, 0xf5, 0xff, 0xfa, 0xee, 0xfb,
    0xf2, 0xe7, 0xff, 0xeb, 0xd4, 0xf3, 0xeb, 0xe2, 0xff, 0xe7, 0xd1, 0xff, 0xe5, 0xcf, 0xfe, 0xe4,
    0xce, 0xfa, 0xe1, 0xce, 0xee, 0xe2, 0xd5, 0xf4, 0xd9, 0xc5, 0xf0, 0xd9, 0xc5, 0xf4, 0xcb, 0xb8,
    0xec, 0xd6, 0xc3, 0xd7, 0xc5, 0xb1, 0xe9, 0xbb, 0xab, 0xc3, 0xba, 0xb8, 0xdb, 0xb5, 0x78, 0xd1,
    0xae, 0x96, 0x95, 0x68, 0x5b, 0x93, 0x67, 0x5a, 0x91, 0x65, 0x59, 0x8f, 0x63, 0x57, 0x53, 0x83,
    0x79, 0x46, 0x60, 0x5d, 0x23, 0x57, 0x57, 0x7f, 0x4f, 0x47, 0x77, 0x50, 0x47, 0x76, 0x4f, 0x46,
    0x75, 0x4f, 0x46, 0x74, 0x4e, 0x45, 0x71, 0x4d, 0x44, 0x6a, 0x48, 0x41, 0x63, 0x41, 0x3e, 0x62,
    0x41, 0x3e, 0x61, 0x40, 0x3d, 0x61, 0x40, 0x3c, 0x61, 0x3f, 0x3c, 0x60, 0x40, 0x3d, 0x60, 0x3f,
    0x3c, 0x60, 0x3e, 0x3b, 0x5f, 0x3f, 0x3d, 0x5f, 0x3e, 0x3b, 0x5e, 0x3e, 0x3c, 0x5e, 0x3e, 0x3b,
    0x5e, 0x3d, 0x3c, 0x5d, 0x3d, 0x3b, 0x5c, 0x3d, 0x3b, 0xaf, 0x35, 0x44, 0xaf, 0x30, 0x40, 0x9e,
    0x36, 0x44, 0x7c, 0x2f, 0x3e, 0x77, 0x25, 0x35, 0x5c, 0x3c, 0x3a, 0x5b, 0x3c, 0x3a, 0x5b, 0x3c,
    0x39, 0x5b, 0x3b, 0x39, 0x59, 0x3c, 0x3b, 0x59, 0x35, 0x39, 0x6f, 0x1f, 0x30, 0x4e, 0x37, 0x37,
    0x4a, 0x32, 0x34, 0x48, 0x30, 0x34, 0x48, 0x2f, 0x33, 0x47, 0x2f, 0x33, 0x47, 0x2f, 0x32, 0x46,
    0x2f, 0x33, 0x46, 0x2e, 0x33, 0x46, 0x2e, 0x32, 0x45, 0x2e, 0x33, 0x45, 0x2e, 0x32, 0x44, 0x2e,
    0x32, 0x45, 0x2d, 0x32, 0x44, 0x2d, 0x32, 0x44, 0x2d, 0x31, 0x44, 0x2c, 0x31, 0x42, 0x2e, 0x31,
    0x43, 0x2c, 0x31, 0x42, 0x2c, 0x31, 0x42, 0x2c, 0x30, 0x41, 0x2c, 0x31, 0x41, 0x2b, 0x30, 0x3a,
    0x2c, 0x31, 0x34, 0x26, 0x2c, 0x2e, 0x27, 0x2d, 0x2e, 0x24, 0x2b, 0x2e, 0x23, 0x2a, 0x26, 0x23,
    0x28, 0x2b, 0x20, 0x28, 0x24, 0x20, 0x26, 0x21, 0x1e, 0x23, 0x1e, 0x1a, 0x20, 0x1a, 0x1a, 0x20,
    0x1d, 0x18, 0x20, 0x1c, 0x18, 0x1e, 0x1d, 0x17, 0x1e, 0x1c, 0x17, 0x1d, 0x1b, 0x17, 0x1e, 0x1a,
    0x17, 0x1d, 0x1a, 0x16, 0x1d, 0x18, 0x16, 0x1d, 0x18, 0x15, 0x1c, 0x17, 0x17, 0x1e, 0x17, 0x15,
    0x1c, 0x17, 0x15, 0x1b, 0x17, 0x14, 0x1b, 0x16, 0x15, 0x1c, 0x16, 0x15, 0x1b, 0x16, 0x14, 0x1b,
    0x15, 0x14, 0x1b, 0x15, 0x13, 0x1a, 0x15, 0x11, 0x1b, 0x10, 0x0f, 0x19, 0x0f, 0x0e, 0x16, 0x0b,
    0x0b, 0x12, 0x00, 0x00, 0x00, 0x00, 0x00, 0x00, 0x00, 0x00, 0x00, 0x00, 0x00, 0x00, 0x00, 0x00,
    0x00, 0x00, 0x00, 0x00, 0x00, 0x00, 0x00, 0x00, 0x00, 0x00, 0x00, 0x00, 0x00, 0x00, 0x00, 0x00,
    0x00, 0x00, 0x00, 0x00, 0x00, 0x00, 0x00, 0x00, 0x00, 0x08, 0xff, 0x00, 0xe7, 0x08, 0x1c, 0x48,
    0xb0, 0xa0, 0xc1, 0x83, 0x08, 0x13, 0x2a, 0x5c, 0xc8, 0xb0, 0xa1, 0xc3, 0x87, 0x10, 0x23, 0x4a,
    0x9c, 0x48, 0xb1, 0xa2, 0xc5, 0x8b, 0x18, 0x33, 0x6a, 0xdc, 0xc8, 0xb1, 0xa3, 0xc7, 0x8f, 0x20,
    0x43, 0x8a, 0x1c, 0x49, 0xb2, 0xa4, 0xc9, 0x93, 0x28, 0x53, 0xaa, 0x5c, 0xc9, 0xb2, 0xa5, 0xcb,
    0x97, 0x30, 0x63, 0xca, 0x9c, 0x49, 0xb3, 0xa6, 0xcd, 0x9b, 0x38, 0x73, 0xea, 0xdc, 0x99, 0x10,
    0x8d, 0xcf, 0x35, 0x40, 0x7d, 0xa2, 0xe1, 0xb9, 0x31, 0xcd, 0x99, 0x33, 0x64, 0x92, 0x1e, 0x4d,
    0x43, 0x54, 0xe3, 0x18, 0x31, 0x63, 0xd0, 0xac, 0x41, 0xf3, 0x74, 0x4c, 0x53, 0x8b, 0x3e, 0xc7,
    0x44, 0x51, 0x12, 0x65, 0xe0, 0xd6, 0x28, 0x51, 0x87, 0x5e, 0x8d, 0x68, 0x34, 0x8c, 0x12, 0x1f,
    0x46, 0x06, 0x1a, 0xf1, 0xa1, 0x24, 0xcc, 0x19, 0xa6, 0x63, 0x21, 0xa2, 0x39, 0xa3, 0x75, 0x48,
    0x92, 0x81, 0x49, 0x86, 0x80, 0x3d, 0x23, 0x36, 0xae, 0xc3, 0x35, 0x64, 0xfa, 0x1a, 0x04, 0xbc,
    0xc6, 0xef, 0x43, 0xc2, 0x09, 0x11, 0x1b, 0x6e, 0x28, 0x26, 0x8c, 0x98, 0xc4, 0x64, 0x0a, 0x37,
    0x15, 0x4a, 0xd9, 0x8d, 0x97, 0x0f, 0x1b, 0x38, 0x68, 0xee, 0x40, 0x02, 0x85, 0x0b, 0xae, 0x4a,
    0x5c, 0xa0, 0x20, 0xd1, 0x61, 0xc3, 0x87, 0x29, 0x56, 0xac, 0x8c, 0x39, 0x2a, 0x94, 0x27, 0x1b,
    0x35, 0xb0, 0x63, 0xb7, 0xf1, 0xe2, 0x61, 0x83, 0x6d, 0xdb, 0x21, 0x46, 0x9c, 0x40, 0xeb, 0xe3,
    0xc4, 0x88, 0x10, 0xb6, 0x3b, 0xa0, 0xb6, 0x52, 0x86, 0xcd, 0x6b, 0x35, 0x6c, 0x78, 0x86, 0xf1,
    0xc2, 0xbc, 0xb9, 0x98, 0x2d, 0x98, 0x3b, 0x48, 0xf7, 0xa0, 0x9b, 0x05, 0x11, 0x27, 0x46, 0x5e,
    0xb0, 0x48, 0x51, 0xfb, 0xf4, 0x94, 0x29, 0x5d, 0x9a, 0x7b, 0xff, 0x09, 0x63, 0x93, 0x32, 0x1b,
    0x30, 0x3a, 0x5e, 0xd8, 0x58, 0xcf, 0xfe, 0xc5, 0x88, 0xf7, 0xf0, 0x4f, 0x94, 0x70, 0x31, 0xa5,
    0xca, 0x94, 0x21, 0x40, 0x7c, 0xa4, 0x78, 0xef, 0xa2, 0x7f, 0x8d, 0xf6, 0x3a, 0x80, 0xc1, 0x06,
    0x65, 0x30, 0x1d, 0xa7, 0x46, 0x1b, 0x61, 0xbc, 0x20, 0x02, 0x7c, 0xf0, 0x91, 0x70, 0xc2, 0x83,
    0x10, 0xca, 0x47, 0x9f, 0x15, 0x55, 0x34, 0x91, 0x17, 0x0b, 0x0f, 0x96, 0xa0, 0x21, 0x83, 0x22,
    0xbc, 0x10, 0x46, 0x1b, 0xb1, 0x25, 0xf7, 0xd2, 0x72, 0xcc, 0x85, 0xb1, 0x85, 0x0d, 0xba, 0x45,
    0xa8, 0x62, 0x84, 0xf3, 0x7d, 0x77, 0x5f, 0x7e, 0x2e, 0xb0, 0x80, 0xe1, 0x8a, 0x23, 0xd8, 0xb0,
    0x05, 0x89, 0xe3, 0xb5, 0x24, 0x15, 0x7a, 0xea, 0xad, 0xf7, 0xc2, 0x8a, 0x40, 0xaa, 0xd8, 0x5f,
    0x8c, 0x2c, 0xb8, 0xe0, 0xc3, 0x10, 0x3e, 0xcc, 0xb8, 0x62, 0x8f, 0x36, 0xbc, 0x90, 0x03, 0x18,
    0x53, 0xa9, 0xf4, 0x5a, 0x82, 0x0b, 0xc6, 0x17, 0xe4, 0x95, 0x1a, 0x96, 0xf0, 0x20, 0x0b, 0x40,
    0x24, 0x01, 0x84, 0x92, 0x2a, 0xc2, 0x57, 0xc2, 0x08, 0x35, 0x84, 0x81, 0x9c, 0x4a, 0x61, 0x98,
    0x88, 0xe2, 0x95, 0x6c, 0x06, 0xc9, 0xa5, 0x97, 0xda, 0x81, 0xa9, 0x22, 0x09, 0x1d, 0xde, 0x48,
    0x5e, 0x4a, 0x37, 0xb8, 0xf0, 0x63, 0x9b, 0x7c, 0xaa, 0xc8, 0xa5, 0x11, 0x46, 0x00, 0x91, 0x9f,
    0x9c, 0x0f, 0x8e, 0xe0, 0x01, 0x07, 0x1e, 0xe8, 0x79, 0x83, 0x4a, 0x24, 0xe4, 0xa6, 0x65, 0x84,
    0x2a, 0x44, 0x2a, 0x69, 0x9f, 0x11, 0xfe, 0x09, 0x68, 0xa0, 0x84, 0xfa, 0xc6, 0x41, 0x66, 0x24,
    0x8c, 0x80, 0x82, 0x4a, 0x2a, 0x54, 0x27, 0x23, 0x84, 0x21, 0x94, 0x6a, 0xaa, 0x95, 0x7c, 0xb2,
    0xe0, 0x83, 0xa0, 0x80, 0x7e, 0x09, 0xa4, 0xa1, 0x88, 0x8a, 0xff, 0x20, 0x42, 0x09, 0x27, 0xa9,
    0xd0, 0xd9, 0x96, 0x47, 0xfa, 0xa0, 0xc2, 0x09, 0x21, 0x58, 0x50, 0xc1, 0xaf, 0x15, 0x58, 0xb0,
    0x41, 0x07, 0xd4, 0x51, 0x2a, 0xe3, 0x0b, 0x5d, 0xba, 0xfa, 0xea, 0x08, 0x22, 0x1c, 0x5a, 0x5a,
    0x66, 0x24, 0xa9, 0x90, 0xdb, 0x96, 0xc9, 0xee, 0x1a, 0x42, 0x05, 0x13, 0x64, 0x3b, 0x01, 0x05,
    0xb7, 0xa5, 0x28, 0xe9, 0xa4, 0x40, 0xbe, 0xa9, 0x6c, 0x90, 0x23, 0x6c, 0x7a, 0x1b, 0x07, 0x24,
    0xa1, 0x90, 0xe2, 0x09, 0xe2, 0x5a, 0x6b, 0x01, 0x05, 0x15, 0x50, 0x00, 0xef, 0xb0, 0xc5, 0xf2,
    0x6a, 0x6a, 0xa9, 0x6e, 0x26, 0xbb, 0xdf, 0xba, 0x61, 0x9a, 0x7b, 0x5b, 0x48, 0x3b, 0xae, 0x49,
    0xad, 0x97, 0x18, 0x8e, 0x70, 0x1b, 0xb6, 0x15, 0x84, 0xe0, 0xdb, 0x09, 0xd2, 0xfa, 0x0a, 0xac,
    0x05, 0x21, 0xec, 0xea, 0x27, 0x10, 0x67, 0xd5, 0x56, 0x6f, 0xbf, 0xb7, 0x99, 0xe6, 0xc5, 0x80,
    0x1e, 0xa5, 0xa1, 0x86, 0x17, 0x02, 0xb3, 0x9b, 0x6c, 0xc1, 0xe6, 0x52, 0x30, 0x41, 0xc2, 0x12,
    0x4b, 0x8b, 0xad, 0xb6, 0x15, 0x88, 0xc0, 0x82, 0xc4, 0x10, 0x72, 0x59, 0xf1, 0xb0, 0xfc, 0x42,
    0x58, 0x6e, 0xc6, 0x1f, 0x74, 0xc1, 0x06, 0x5c, 0x1c, 0xa1, 0xf1, 0xf1, 0x9a, 0x32, 0x1a, 0x89,
    0x24, 0xc9, 0xb6, 0xf9, 0x6a, 0xc1, 0x08, 0x2e, 0xec, 0xaa, 0xf2, 0xb6, 0x26, 0x27, 0x2c, 0x82,
    0xc2, 0x95, 0x52, 0xec, 0x83, 0xb9, 0xb9, 0xd5, 0x0c, 0xab, 0xb9, 0x39, 0x73, 0xdc, 0x91, 0xcf,
    0x20, 0x8f, 0xa0, 0x2a, 0x92, 0x44, 0x16, 0x5a, 0x9a, 0x07, 0x3d, 0x94, 0x2d, 0xa8, 0xae, 0xbc,
    0x62, 0x2b, 0xaf, 0xbc, 0xbf, 0x42, 0x0c, 0xb3, 0xcc, 0x3d, 0xbc, 0x5b, 0x41, 0x66, 0x17, 0x17,
    0xca, 0x6c, 0x69, 0x59, 0x0b, 0xa6, 0x11, 0x1b, 0x08, 0xa2, 0xff, 0x28, 0x2e, 0x98, 0x37, 0x77,
    0x10, 0x44, 0x13, 0x4a, 0x1c, 0x11, 0xa8, 0xb5, 0x6a, 0xaf, 0x9d, 0x2d, 0xca, 0x31, 0x53, 0x1c,
    0xf7, 0xc9, 0xb6, 0x71, 0x50, 0xb3, 0xd8, 0x1a, 0xb7, 0x21, 0x22, 0x47, 0x69, 0x9e, 0xe8, 0xf5,
    0x10, 0x4d, 0x0c, 0x01, 0xf8, 0x07, 0x1d, 0x7c, 0xe0, 0x43, 0x12, 0x97, 0x02, 0x81, 0x38, 0xd3,
    0x6c, 0x53, 0xe0, 0x76, 0xe3, 0x4a, 0x3c, 0x3e, 0x37, 0x6e, 0xef, 0x85, 0xd9, 0x9d, 0x9d, 0x1b,
    0x49, 0x15, 0x46, 0x7a, 0x3f, 0xb6, 0x68, 0xc5, 0x14, 0x2c, 0x90, 0xe0, 0x3b, 0x09, 0x2a, 0x94,
    0xdd, 0xc3, 0xa5, 0xad, 0x9e, 0xbe, 0xf6, 0xeb, 0x1b, 0xf0, 0x0b, 0xb7, 0x05, 0xdb, 0x02, 0x4b,
    0xaf, 0xd5, 0xef, 0xbd, 0xf0, 0x82, 0x0e, 0x61, 0x44, 0x79, 0x91, 0xc7, 0x5e, 0x28, 0xa8, 0x9b,
    0xee, 0x53, 0xd8, 0xd0, 0xc2, 0xf7, 0x2d, 0xd4, 0xb0, 0x44, 0x14, 0xd8, 0x11, 0x6f, 0x7a, 0xda,
    0xda, 0x6e, 0x1b, 0xb9, 0xf2, 0x8e, 0xaf, 0x9c, 0x2d, 0xb7, 0xb6, 0x4d, 0xfe, 0x20, 0x9d, 0x2f,
    0x78, 0xa1, 0x06, 0xcf, 0x15, 0x71, 0x2d, 0x30, 0xf7, 0x21, 0x80, 0xe0, 0xbf, 0xff, 0x3c, 0x08,
    0xa0, 0x10, 0xcc, 0xe7, 0xae, 0xb6, 0x59, 0x40, 0x58, 0x88, 0x62, 0x5f, 0xeb, 0x8c, 0xd6, 0x36,
    0x7a, 0xa5, 0x40, 0x46, 0x10, 0x8c, 0x50, 0x8d, 0xec, 0xa7, 0xb7, 0x89, 0xe8, 0x2f, 0x45, 0x2d,
    0xc2, 0x82, 0x14, 0x22, 0xc0, 0xc1, 0x0e, 0x76, 0x90, 0x07, 0x4e, 0x18, 0x20, 0xa6, 0x1e, 0x54,
    0xaa, 0x11, 0x08, 0xcf, 0x37, 0x35, 0xb3, 0x94, 0xf0, 0x7e, 0x53, 0xb5, 0xdd, 0x08, 0xea, 0x6c,
    0x4a, 0x9a, 0xa0, 0x1a, 0x2a, 0x28, 0x11, 0xbe, 0x85, 0x61, 0x7f, 0xf4, 0xd1, 0xa0, 0x07, 0x77,
    0xc8, 0x83, 0x28, 0x94, 0x0e, 0x4c, 0xd6, 0x69, 0x02, 0x11, 0xff, 0x32, 0x65, 0x29, 0x25, 0x28,
    0x81, 0x08, 0x49, 0x93, 0x98, 0xa5, 0x5a, 0x15, 0x43, 0x1b, 0x98, 0x49, 0x32, 0x16, 0xc9, 0x1c,
    0x0e, 0x51, 0xb3, 0xc1, 0x1d, 0x7e, 0xd0, 0x08, 0x3d, 0x80, 0xe1, 0x83, 0x22, 0xe5, 0x82, 0x91,
    0xf9, 0x89, 0x05, 0xc8, 0x32, 0x1f, 0x10, 0x81, 0x20, 0x46, 0x9b, 0xd9, 0x48, 0x0c, 0x8f, 0xa1,
    0x88, 0xed, 0x70, 0xe7, 0xa7, 0x21, 0x14, 0x2e, 0x80, 0x01, 0xec, 0xc1, 0x0d, 0x3a, 0xb8, 0x01,
    0x0f, 0x78, 0xe0, 0x81, 0x33, 0x52, 0x15, 0xab, 0x46, 0x18, 0xb3, 0x55, 0x01, 0x41, 0x08, 0x80,
    0x64, 0x62, 0xd4, 0xca, 0x18, 0xb3, 0x23, 0x38, 0x01, 0x2c, 0x3e, 0x91, 0x08, 0xf6, 0xb4, 0x37,
    0x31, 0x40, 0x39, 0xe1, 0x91, 0x5c, 0xe9, 0x41, 0x07, 0x35, 0x60, 0x1b, 0x11, 0xf8, 0x8e, 0x5a,
    0x84, 0xc4, 0xe4, 0x11, 0x9e, 0x10, 0x85, 0x27, 0x08, 0xb2, 0x71, 0x99, 0x64, 0xd7, 0x0f, 0x88,
    0xd0, 0x84, 0xd5, 0xe0, 0xcf, 0x21, 0x17, 0x5c, 0x91, 0xa5, 0x00, 0x29, 0x84, 0x20, 0x28, 0x81,
    0x07, 0x74, 0xb4, 0x23, 0x1e, 0x31, 0xf9, 0xc3, 0x41, 0x0a, 0x01, 0x8e, 0x03, 0x1c, 0x97, 0xc8,
    0x42, 0xf9, 0x27, 0x27, 0xac, 0x86, 0x86, 0x0b, 0x49, 0x65, 0x23, 0x89, 0x07, 0xa8, 0x5b, 0xc6,
    0xd1, 0x07, 0x7e, 0xd4, 0xcf, 0x08, 0x54, 0x40, 0xc6, 0x5a, 0x36, 0x2e, 0x0a, 0x3c, 0x90, 0xc0,
    0x03, 0x24, 0xc0, 0x83, 0x27, 0xe8, 0x72, 0x89, 0x7c, 0xc4, 0xa4, 0x2f, 0xf9, 0x22, 0x91, 0x54,
    0x66, 0x89, 0x96, 0xc4, 0x34, 0xc2, 0x23, 0x9d, 0x60, 0x44, 0x25, 0x24, 0x21, 0x2f, 0x35, 0x50,
    0x41, 0x0d, 0x9a, 0xf9, 0x49, 0x6a, 0x41, 0xf3, 0x01, 0x0c, 0x78, 0x40, 0x0f, 0x85, 0x30, 0x46,
    0x5e, 0x92, 0xd1, 0x97, 0x6a, 0x80, 0xe2, 0x43, 0x52, 0x39, 0xff, 0x24, 0x70, 0x12, 0x93, 0x95,
    0x2f, 0x14, 0x54, 0x0f, 0xfe, 0x87, 0x16, 0x67, 0xba, 0x93, 0x07, 0xf0, 0x7c, 0x40, 0x0e, 0x80,
    0xd0, 0x83, 0x7a, 0x3a, 0xf3, 0x58, 0xf7, 0xf4, 0x02, 0x54, 0xba, 0xf9, 0x33, 0xa4, 0xd5, 0x67,
    0x0a, 0x2e, 0x20, 0x01, 0x36, 0xc3, 0x09, 0x84, 0x38, 0xa9, 0x13, 0x04, 0xd2, 0xa4, 0xe6, 0x13,
    0x44, 0x78, 0x4d, 0x20, 0xbc, 0x33, 0x9e, 0x13, 0x38, 0xa0, 0x08, 0xde, 0xc6, 0x4e, 0x4c, 0x69,
    0xd4, 0x8f, 0x97, 0x72, 0x42, 0x12, 0x9c, 0x50, 0xc3, 0xbe, 0x59, 0x74, 0x77, 0x19, 0xdd, 0xe8,
    0xa5, 0x88, 0x40, 0x84, 0x1f, 0xa0, 0x30, 0x04, 0x28, 0x00, 0x41, 0x42, 0xab, 0x49, 0x52, 0x20,
    0xfa, 0xe0, 0x09, 0x08, 0x45, 0xe9, 0xb6, 0x14, 0x36, 0x02, 0x2d, 0x61, 0xf3, 0x4b, 0x1a, 0x6d,
    0xa9, 0x11, 0x88, 0x00, 0x04, 0x24, 0x48, 0x44, 0x8a, 0x37, 0xc5, 0x68, 0x54, 0xc3, 0x09, 0x28,
    0x26, 0xc8, 0x14, 0x07, 0x3e, 0xc2, 0x41, 0x08, 0x42, 0x4a, 0xd4, 0x4f, 0x1e, 0xeb, 0x08, 0xd0,
    0x0c, 0x69, 0xb0, 0x2c, 0xb0, 0x02, 0x1c, 0xd4, 0x00, 0xa2, 0x62, 0xdc, 0xea, 0x3f, 0xad, 0x1a,
    0x91, 0x3c, 0xbd, 0x20, 0x05, 0xec, 0xe2, 0x9c, 0xe7, 0xe4, 0x4a, 0xbc, 0xeb, 0x74, 0xa1, 0x31,
    0xe2, 0x59, 0x4e, 0x16, 0xb2, 0x70, 0x85, 0x24, 0x10, 0xe1, 0x87, 0x2f, 0xed, 0xd2, 0x16, 0xc4,
    0xe0, 0x85, 0xc1, 0x66, 0x61, 0x0b, 0x90, 0x0d, 0xcf, 0x16, 0xbc, 0x24, 0x42, 0xc4, 0xea, 0x54,
    0x08, 0x74, 0x85, 0x48, 0xa3, 0xe0, 0xc3, 0x4c, 0x82, 0xf1, 0x15, 0x50, 0x44, 0x08, 0x82, 0x13,
    0xd2, 0xe0, 0x06, 0x37, 0x18, 0xe7, 0xb4, 0x6d, 0x88, 0x43, 0x1c, 0xdc, 0xe0, 0x84, 0xc3, 0x32,
    0x71, 0xab, 0x51, 0x70, 0x03, 0x1c, 0xe0, 0xa0, 0xda, 0x38, 0xff, 0xb4, 0xe1, 0xb6, 0xb2, 0x65,
    0x43, 0x6b, 0xa7, 0xca, 0xd3, 0xd7, 0x5e, 0x36, 0xb3, 0x0f, 0x51, 0x57, 0x0a, 0xd4, 0x73, 0x83,
    0x91, 0x69, 0xd4, 0x2e, 0xe7, 0x4c, 0x82, 0x12, 0x98, 0xd0, 0x84, 0x28, 0x0c, 0x56, 0x0b, 0x64,
    0x38, 0xca, 0x51, 0xc8, 0x70, 0x85, 0xea, 0x1a, 0xb6, 0x74, 0x2f, 0x50, 0x41, 0x18, 0x93, 0x50,
    0xdd, 0xee, 0x5e, 0x61, 0x35, 0x64, 0x18, 0xec, 0x15, 0xa2, 0xd0, 0x04, 0xaf, 0x3a, 0x81, 0x09,
    0xbe, 0x95, 0xaa, 0x11, 0x30, 0x2b, 0x11, 0x14, 0x84, 0xe0, 0x8c, 0x5b, 0xc0, 0x0e, 0x54, 0xe9,
    0x53, 0x85, 0xfa, 0x56, 0xc1, 0x0a, 0x5d, 0x28, 0x43, 0x16, 0x20, 0xc0, 0xdf, 0x2c, 0xb8, 0x21,
    0x29, 0x6e, 0xb8, 0x42, 0x02, 0x08, 0x90, 0x80, 0x79, 0x96, 0x6e, 0x55, 0x42, 0x80, 0xe6, 0x80,
    0x09, 0xc0, 0xe0, 0x04, 0x5c, 0x21, 0x0e, 0x59, 0x08, 0xe9, 0x15, 0xce, 0x20, 0x51, 0xc6, 0xca,
    0xb7, 0x77, 0xbf, 0x95, 0x48, 0xa3, 0x3c, 0xe4, 0x86, 0x31, 0x5c, 0x98, 0x04, 0x13, 0x4a, 0x4d,
    0x6a, 0x52, 0xab, 0x05, 0xfe, 0x42, 0x40, 0x0b, 0x6e, 0x28, 0x43, 0x19, 0xe0, 0x70, 0x05, 0x02,
    0x00, 0x40, 0x00, 0x39, 0xb0, 0xe6, 0xa5, 0xa2, 0x40, 0x63, 0x20, 0x3c, 0x21, 0x07, 0x02, 0x00,
    0x40, 0x00, 0x02, 0xf0, 0xe2, 0x07, 0x67, 0x21, 0xa1, 0x5a, 0x58, 0xed, 0x6b, 0xc4, 0xf0, 0xe1,
    0x8d, 0x52, 0x15, 0xb8, 0x0e, 0xb9, 0xc1, 0x0a, 0x72, 0xe0, 0x85, 0x36, 0x10, 0xd9, 0xa5, 0xf4,
    0xbd, 0x6f, 0x6a, 0xae, 0xa0, 0x05, 0x2a, 0x98, 0xf8, 0x0a, 0x6a, 0xe0, 0x02, 0x17, 0xd4, 0x20,
    0x60, 0x02, 0xf7, 0x90, 0x74, 0xeb, 0x85, 0x23, 0x5a, 0x79, 0xb0, 0xe0, 0x06, 0x5f, 0x81, 0xc5,
    0x09, 0x9d, 0x82, 0x16, 0xb2, 0x40, 0x06, 0x35, 0x3c, 0x19, 0xff, 0xaa, 0x1b, 0x95, 0x29, 0x4d,
    0x23, 0xb2, 0x1c, 0xb7, 0xb8, 0xb9, 0xc8, 0x42, 0x30, 0xa4, 0x17, 0xdc, 0x10, 0xe1, 0x07, 0x3c,
    0x40, 0x00, 0x01, 0x20, 0x00, 0x06, 0x32, 0x40, 0x68, 0x42, 0x63, 0x60, 0xd0, 0x5c, 0x28, 0x43,
    0x17, 0x94, 0xd0, 0x84, 0x68, 0x4e, 0xf3, 0x0a, 0x6e, 0xd8, 0x42, 0x06, 0x0e, 0x4d, 0xe9, 0x42,
    0x9b, 0xd8, 0xcf, 0x12, 0xf0, 0x6f, 0x18, 0x8a, 0xcc, 0xce, 0xeb, 0x48, 0xd4, 0x2a, 0x11, 0x39,
    0xce, 0x19, 0xee, 0xec, 0x52, 0x16, 0x20, 0x81, 0x93, 0x62, 0xe0, 0x33, 0x3c, 0x19, 0x00, 0x68,
    0x41, 0x17, 0xfa, 0xd5, 0x19, 0x30, 0x83, 0x93, 0x95, 0xb0, 0x84, 0xa4, 0x3e, 0x20, 0x0b, 0x70,
    0xe0, 0x02, 0xac, 0x5f, 0x7d, 0xe9, 0x78, 0x6a, 0x9a, 0xd3, 0x3b, 0xc5, 0xa7, 0x3e, 0x51, 0xe9,
    0x93, 0x51, 0xbf, 0x39, 0xbb, 0x2e, 0x80, 0xe3, 0x9e, 0x7f, 0xec, 0xe7, 0x56, 0x0f, 0x7a, 0xd7,
    0x19, 0xe0, 0x02, 0x1b, 0xc4, 0x40, 0x63, 0x47, 0x67, 0xfa, 0x0d, 0xba, 0x86, 0x76, 0x06, 0x2e,
    0xed, 0x67, 0x4d, 0x7b, 0x29, 0x49, 0x7c, 0xbd, 0xce, 0x2f, 0xf3, 0x47, 0x97, 0xdd, 0x52, 0xcc,
    0xda, 0xb8, 0xde, 0x2f, 0x7f, 0x9d, 0x4d, 0xe8, 0x0b, 0xb8, 0xbb, 0xd0, 0x89, 0x26, 0x43, 0x9a,
    0x1a, 0x3b, 0x58, 0x31, 0x94, 0x21, 0xdb, 0x19, 0x70, 0xf7, 0x05, 0x0c, 0x4d, 0x80, 0x00, 0x08,
    0xc0, 0xc4, 0x59, 0x78, 0x83, 0x17, 0x70, 0xf0, 0x40, 0x70, 0x8a, 0x9b, 0x9b, 0x14, 0x71, 0x43,
    0x1b, 0xca, 0x00, 0x85, 0xc3, 0x0a, 0x01, 0xa9, 0x40, 0x96, 0x43, 0x89, 0xd7, 0x1d, 0xe8, 0x42,
    0xeb, 0xbb, 0xd0, 0x6a, 0x80, 0xc3, 0x1b, 0x66, 0x4b, 0x5b, 0xd5, 0xca, 0x56, 0x0d, 0x16, 0x7f,
    0x37, 0xa1, 0xfb, 0xfd, 0xef, 0xfe, 0xc2, 0x81, 0x4a, 0x0e, 0xff, 0xda, 0x25, 0x68, 0xb7, 0x79,
    0x4a, 0x88, 0x78, 0xa1, 0x0b, 0x93, 0xfd, 0x01, 0x10, 0x8a, 0x70, 0xd2, 0x07, 0x50, 0x61, 0x0b,
    0x56, 0xa6, 0xb8, 0xab, 0x31, 0xa0, 0x6f, 0x4a, 0x7b, 0xf7, 0xe7, 0xdd, 0xa5, 0x74, 0xcf, 0x27,
    0x4d, 0x72, 0x80, 0xb3, 0x61, 0x0b, 0x04, 0x87, 0x60, 0x18, 0x57, 0x1e, 0x16, 0x89, 0x14, 0xc7,
    0x0b, 0x20, 0xf8, 0xc0, 0x07, 0x1e, 0x68, 0x83, 0x29, 0x60, 0x81, 0x09, 0x0d, 0x30, 0x00, 0x02,
    0x30, 0x4d, 0x05, 0x2e, 0x48, 0x81, 0xe4, 0x7e, 0x7e, 0xc0, 0x02, 0x10, 0x80, 0x80, 0x05, 0x98,
    0x9d, 0xc1, 0x04, 0x30, 0xbb, 0xda, 0x17, 0x80, 0x76, 0xb5, 0x87, 0x5d, 0xed, 0xad, 0xbe, 0xf9,
    0x78, 0xcb, 0x2b, 0x84, 0x80, 0xb6, 0x94, 0xbd, 0x6a, 0x3c, 0xc3, 0x16, 0x3c, 0x40, 0x49, 0xdd,
    0xe4, 0x50, 0x0a, 0x0a, 0x18, 0x80, 0x01, 0x18, 0x10, 0x4f, 0x2d, 0xc8, 0x21, 0x0b, 0x2e, 0x16,
    0x00, 0xe1, 0x19, 0x50, 0x80, 0x01, 0x38, 0xde, 0xf1, 0x3b, 0x0e, 0xc0, 0x00, 0x0a, 0x40, 0xf9,
    0xc6, 0x47, 0xde, 0xf1, 0x05, 0x58, 0x7c, 0xe3, 0x07, 0xc0, 0x63, 0x02, 0x64, 0x21, 0x0e, 0x65,
    0x48, 0xc2, 0x0f, 0x2a, 0x1b, 0xce, 0x23, 0x57, 0xe4, 0xe9, 0x51, 0xff, 0x80, 0x09, 0x4e, 0xf0,
    0xf7, 0x06, 0x2c, 0xa0, 0x01, 0x98, 0x3e, 0xb3, 0x80, 0xfd, 0x1d, 0x76, 0xd7, 0xaf, 0x1d, 0xd0,
    0x02, 0x30, 0xc0, 0x01, 0x76, 0x7f, 0x00, 0x03, 0xe0, 0xde, 0xec, 0xb0, 0xf7, 0xb3, 0xed, 0xcd,
    0xec, 0x86, 0x30, 0x90, 0xb7, 0x7c, 0x5c, 0x95, 0x33, 0x46, 0x5e, 0xae, 0x05, 0x14, 0x4d, 0xa8,
    0x0a, 0x52, 0x88, 0xbe, 0xf4, 0xab, 0xa0, 0xc1, 0x34, 0x6b, 0xe1, 0xe7, 0x59, 0x90, 0xc2, 0x02,
    0x04, 0x6f, 0x80, 0xee, 0x7b, 0xdf, 0x00, 0x03, 0x58, 0x80, 0xff, 0x14, 0x08, 0xeb, 0xd8, 0xee,
    0x4a, 0xa1, 0x08, 0x52, 0x08, 0x43, 0x52, 0x1c, 0x13, 0x5f, 0xd7, 0x06, 0xfb, 0x0b, 0x13, 0xbd,
    0x88, 0xc2, 0xc7, 0x60, 0x83, 0x10, 0x84, 0x18, 0x0b, 0xf8, 0xcf, 0x3f, 0xf5, 0xa5, 0x90, 0xd0,
    0x2d, 0xc8, 0xa1, 0xe3, 0xaa, 0x25, 0x07, 0x5b, 0xb0, 0x00, 0x05, 0xd0, 0x7b, 0xdf, 0xa7, 0x7b,
    0x05, 0xb0, 0x00, 0xfe, 0x57, 0x5b, 0xb5, 0x05, 0x07, 0x59, 0x80, 0x05, 0xfe, 0xe5, 0x06, 0x1b,
    0x07, 0x07, 0xac, 0xe5, 0x7e, 0x53, 0x35, 0x38, 0xa6, 0xb4, 0x7c, 0x5d, 0xd0, 0x7c, 0x27, 0x50,
    0x03, 0x2e, 0xe2, 0x22, 0xf6, 0xb5, 0x7f, 0x21, 0x35, 0x7e, 0xd8, 0xa7, 0x7d, 0x05, 0x78, 0x80,
    0x08, 0x28, 0x7e, 0x84, 0x05, 0x74, 0x52, 0xc0, 0x04, 0x52, 0x00, 0x74, 0xe4, 0x04, 0x66, 0xe2,
    0xd4, 0x5c, 0x4d, 0xa7, 0x46, 0x6c, 0x00, 0x75, 0x1e, 0xf0, 0x01, 0x3d, 0x40, 0x04, 0x3e, 0x60,
    0x03, 0x2c, 0x60, 0x03, 0x44, 0x90, 0x04, 0x4d, 0x20, 0x65, 0xa9, 0x31, 0x05, 0xfe, 0xd3, 0x01,
    0xae, 0x67, 0x7b, 0x6b, 0x67, 0x80, 0xbc, 0xc7, 0x7b, 0xdd, 0x77, 0x00, 0x6b, 0x17, 0x85, 0x0a,
    0x30, 0x85, 0x51, 0xd8, 0x00, 0x4c, 0xb0, 0x3b, 0x4a, 0x20, 0x04, 0x4e, 0xf0, 0x05, 0x63, 0x00,
    0x6a, 0x16, 0x91, 0x06, 0x6c, 0xd0, 0x05, 0xb5, 0xd1, 0x01, 0x40, 0xd0, 0x39, 0xb6, 0xc2, 0x4c,
    0x46, 0x90, 0x04, 0x44, 0xb8, 0x3b, 0x35, 0x80, 0x03, 0x20, 0x80, 0x00, 0x8f, 0x17, 0x87, 0x93,
    0x67, 0x00, 0x95, 0x57, 0x87, 0x05, 0x40, 0x87, 0x72, 0x18, 0x87, 0x76, 0x48, 0x79, 0x03, 0xa0,
    0x00, 0x52, 0x80, 0x05, 0x53, 0x90, 0x85, 0x2c, 0x87, 0x11, 0x68, 0x10, 0x86, 0x98, 0x41, 0x36,
    0x3c, 0x88, 0x61, 0x64, 0x94, 0x04, 0x22, 0x56, 0x84, 0x28, 0xff, 0x10, 0x54, 0x0c, 0x30, 0x85,
    0x92, 0x28, 0x89, 0x08, 0x70, 0x00, 0x08, 0x30, 0x89, 0x53, 0x58, 0x89, 0x97, 0x88, 0x89, 0x94,
    0xd8, 0x84, 0x96, 0x78, 0x00, 0x56, 0xb8, 0x3b, 0xd8, 0x81, 0x48, 0xc0, 0x24, 0x17, 0x86, 0x38,
    0x2c, 0xb3, 0xb4, 0x4b, 0x4e, 0x50, 0x61, 0x62, 0x60, 0x06, 0x5d, 0xb0, 0x03, 0x34, 0x40, 0x03,
    0x33, 0x30, 0x8b, 0xb4, 0x48, 0x8b, 0x26, 0x56, 0x8b, 0xb3, 0x78, 0x8b, 0xb8, 0x48, 0x8b, 0x09,
    0x85, 0x00, 0x5a, 0x97, 0x50, 0x33, 0xb0, 0x03, 0x3b, 0xf0, 0x1d, 0x55, 0xb0, 0x11, 0x7c, 0x73,
    0x19, 0xc3, 0x62, 0x49, 0x29, 0xc7, 0x02, 0xa3, 0xe4, 0x04, 0x6c, 0xa0, 0x71, 0x1b, 0x97, 0x06,
    0xb0, 0x28, 0x8c, 0xd4, 0x58, 0x8d, 0x34, 0x60, 0x62, 0x34, 0x60, 0x8d, 0xd8, 0x58, 0x8d, 0xd4,
    0x48, 0x03, 0xab, 0x06, 0x7e, 0x83, 0x17, 0x4f, 0x33, 0x10, 0x8b, 0xf5, 0x61, 0x05, 0x1b, 0xc1,
    0x1c, 0x5a, 0x70, 0x88, 0x78, 0x74, 0x2c, 0x49, 0xc0, 0x49, 0xde, 0xf5, 0x80, 0xb1, 0x18, 0x8f,
    0xf2, 0x68, 0x8b, 0xfc, 0xb5, 0x8b, 0xba, 0x38, 0x8e, 0xf1, 0xb8, 0x03, 0x33, 0x50, 0x7b, 0xaf,
    0x87, 0x69, 0xd9, 0xb8, 0x03, 0x22, 0xb6, 0x11, 0x1f, 0x90, 0x83, 0x0b, 0x92, 0x02, 0x7e, 0xd4,
    0x4a, 0x4a, 0xb0, 0x05, 0x6d, 0x70, 0x05, 0x0e, 0xb0, 0x76, 0x0d, 0x70, 0x32, 0x15, 0x90, 0x8d,
    0x34, 0x00, 0x03, 0x31, 0x00, 0x03, 0x0b, 0x26, 0x00, 0x02, 0x40, 0x00, 0x26, 0x66, 0x62, 0x04,
    0x80, 0x91, 0x0d, 0x46, 0x91, 0x30, 0x10, 0x8f, 0x03, 0xd1, 0x5d, 0x8e, 0xf5, 0x05, 0x60, 0x00,
    0x06, 0x63, 0x90, 0x14, 0x1b, 0xd1, 0x2d, 0x2a, 0x87, 0x1f, 0x4d, 0x20, 0x06, 0x2c, 0x16, 0x78,
    0x7c, 0x88, 0x00, 0x13, 0x70, 0x01, 0x11, 0x09, 0x8b, 0x20, 0xef, 0x99, 0x63, 0x3a, 0xa6, 0x63,
    0x1b, 0xc9, 0x5f, 0x3c, 0xc6, 0x63, 0x2f, 0x06, 0x92, 0x22, 0x29, 0x10, 0x14, 0x58, 0x5a, 0xa5,
    0x15, 0x1b, 0x4b, 0xb1, 0x11, 0x9b, 0xd2, 0x01, 0xd5, 0xd1, 0x4c, 0x48, 0x80, 0x04, 0x51, 0x10,
    0x06, 0x2c, 0xd6, 0x00, 0x9f, 0x68, 0x00, 0x0a, 0x50, 0x93, 0x11, 0x19, 0x8b, 0x20, 0x59, 0x66,
    0x0c, 0xd6, 0x93, 0x10, 0x80, 0x76, 0x1f, 0x59, 0x91, 0x43, 0x39, 0x07, 0x29, 0x19, 0x5d, 0xd2,
    0xc5, 0x1a, 0x89, 0xa4, 0x11, 0x4b, 0x59, 0x1d, 0x42, 0x30, 0x04, 0x99, 0x75, 0x06, 0xaa, 0x16,
    0x4f, 0x08, 0x50, 0x00, 0x0a, 0xf0, 0x01, 0x2b, 0x10, 0x02, 0x32, 0x00, 0x03, 0x7a, 0xb9, 0x97,
    0x7a, 0x49, 0x8b, 0x1d, 0x89, 0x91, 0x19, 0x49, 0x8b, 0x7c, 0x39, 0x98, 0x90, 0x31, 0x6c, 0x19,
    0x71, 0x1b, 0x05, 0x19, 0x04, 0x55, 0x35, 0x10, 0xa4, 0xf5, 0x63, 0x84, 0x07, 0x7e, 0x08, 0x00,
    0x02, 0x35, 0x10, 0x02, 0x83, 0xb9, 0x97, 0x31, 0x90, 0x8d, 0x33, 0x90, 0x63, 0x3b, 0xf6, 0x62,
    0xc1, 0x48, 0x03, 0x15, 0x59, 0x99, 0x30, 0x50, 0x98, 0x1e, 0x31, 0x90, 0x1f, 0xa0, 0x1e, 0x38,
    0xc0, 0x68, 0x73, 0x36, 0x07, 0x70, 0xd9, 0x67, 0x0f, 0x90, 0x84, 0x20, 0x20, 0x56, 0xa0, 0xa9,
    0x97, 0x98, 0x49, 0x72, 0xad, 0xd6, 0x99, 0xb1, 0x19, 0x9a, 0x08, 0xb1, 0x06, 0x67, 0x60, 0x98,
    0x1a, 0x18, 0x1e, 0xcc, 0x81, 0x46, 0x5e, 0x38, 0x10, 0xe5, 0x57, 0x5d, 0x8b, 0x71, 0x10, 0x7c,
    0x63, 0x39, 0xc6, 0x01, 0x1b, 0x86, 0x69, 0x94, 0x46, 0x59, 0x9c, 0x06, 0x31, 0x17, 0x67, 0xc9,
    0x1a, 0x06, 0x91, 0x14, 0xd4, 0x49, 0x06, 0x7e, 0x11, 0x10, 0x00, 0x21, 0xf9, 0x04, 0x09, 0x08,
    0x00, 0x74, 0x00, 0x2c, 0x00, 0x00, 0x00, 0x00, 0x60, 0x00, 0x60, 0x00, 0x86, 0xff, 0xfd, 0xf4,
    0xfc, 0xf5, 0xea, 0xff, 0xec, 0xd6, 0xf4, 0xed, 0xe3, 0xff, 0xe8, 0xd1, 0xff, 0xe5, 0xcf, 0xfe,
    0xe4, 0xce, 0xfa, 0xe4, 0xd2, 0xef, 0xe4, 0xd9, 0xf3, 0xda, 0xc6, 0xf2, 0xd8, 0xc4, 0xec, 0xd8,
    0xc7, 0xf4, 0xc9, 0xb3, 0xda, 0xca, 0xbe, 0xea, 0xbd, 0xac, 0xe6, 0xb9, 0x8d, 0xc4, 0xbb, 0xb9,
    0xde, 0xb6, 0x8b, 0xd2, 0xb2, 0x91, 0xc1, 0x99, 0x84, 0x95, 0x67, 0x5a, 0x92, 0x65, 0x59, 0x5b,
    0x84, 0x79, 0x7b, 0x64, 0x5a, 0x59, 0x60, 0x5a, 0x26, 0x5b, 0x5b, 0x81, 0x50, 0x47, 0x79, 0x52,
    0x48, 0x77, 0x50, 0x47, 0x76, 0x4f, 0x46, 0x75, 0x4e, 0x45, 0x72, 0x4d, 0x44, 0x6d, 0x49, 0x43,
    0x65, 0x44, 0x3f, 0x26, 0x55, 0x55, 0x77, 0x41, 0x42, 0x62, 0x41, 0x3e, 0x62, 0x40, 0x3d, 0x61,
    0x41, 0x3d, 0x61, 0x40, 0x3d, 0x61, 0x40, 0x3c, 0x61, 0x3f, 0x3c, 0x60, 0x40, 0x3d, 0x60, 0x3f,
    0x3c, 0x60, 0x3e, 0x3b, 0x5f, 0x3f, 0x3d, 0x5f, 0x3e, 0x3b, 0x5e, 0x3e, 0x3c, 0x5e, 0x3e, 0x3b,
    0xaf, 0x35, 0x44, 0xa5, 0x30, 0x40, 0x7a, 0x2d, 0x3c, 0x74, 0x23, 0x33, 0x5f, 0x3d, 0x3b, 0x5d,
    0x3d, 0x3b, 0x5c, 0x3d, 0x3a, 0x5b, 0x3c, 0x3a, 0x5b, 0x3c, 0x39, 0x6b, 0x24, 0x31, 0x57, 0x3a,
    0x3a, 0x4f, 0x38, 0x39, 0x4d, 0x35, 0x37, 0x49, 0x31, 0x34, 0x48, 0x30, 0x33, 0x48, 0x2f, 0x33,
    0x47, 0x2f, 0x33, 0x47, 0x2f, 0x32, 0x46, 0x2f, 0x33, 0x46, 0x2e, 0x33, 0x46, 0x2e, 0x32, 0x45,
    0x2e, 0x33, 0x45, 0x2e, 0x32, 0x45, 0x2d, 0x32, 0x44, 0x2e, 0x32, 0x44, 0x2d, 0x32, 0x44, 0x2d,
    0x31, 0x43, 0x2d, 0x31, 0x43, 0x2c, 0x31, 0x42, 0x2c, 0x31, 0x42, 0x2c, 0x30, 0x42, 0x2b, 0x30,
    0x3e, 0x2f, 0x31, 0x40, 0x2b, 0x30, 0x37, 0x29, 0x2f, 0x2e, 0x2a, 0x2e, 0x32, 0x24, 0x2c, 0x2d,
    0x23, 0x2a, 0x2d, 0x21, 0x29, 0x26, 0x23, 0x29, 0x26, 0x22, 0x27, 0x25, 0x21, 0x26, 0x24, 0x20,
    0x25, 0x20, 0x1d, 0x23, 0x1f, 0x19, 0x21, 0x1d, 0x19, 0x1f, 0x1c, 0x19, 0x1f, 0x1c, 0x18, 0x1f,
    0x1c, 0x18, 0x1e, 0x1c, 0x18, 0x1d, 0x1b, 0x17, 0x1e, 0x1a, 0x17, 0x1e, 0x1a, 0x16, 0x1d, 0x18,
    0x16, 0x1d, 0x18, 0x15, 0x1c, 0x17, 0x15, 0x1c, 0x17, 0x15, 0x1b, 0x17, 0x14, 0x1b, 0x16, 0x15,
    0x1c, 0x16, 0x14, 0x1c, 0x16, 0x15, 0x1b, 0x15, 0x14, 0x1b, 0x16, 0x14, 0x1a, 0x14, 0x13, 0x1a,
    0x13, 0x11, 0x18, 0x10, 0x0f, 0x18, 0x0c, 0x0c, 0x13, 0x00, 0x00, 0x00, 0x00, 0x00, 0x00, 0x00,
    0x00, 0x00, 0x00, 0x00, 0x00, 0x00, 0x00, 0x00, 0x00, 0x00, 0x00, 0x00, 0x00, 0x00, 0x00, 0x00,
    0x00, 0x00, 0x00, 0x00, 0x00, 0x00, 0x00, 0x00, 0x00, 0x00, 0x00, 0x00, 0x00, 0x08, 0xff, 0x00,
    0xe9, 0x08, 0x1c, 0x48, 0xb0, 0xa0, 0xc1, 0x83, 0x08, 0x13, 0x2a, 0x5c, 0xc8, 0xb0, 0xa1, 0xc3,
    0x87, 0x10, 0x23, 0x4a, 0x9c, 0x48, 0xb1, 0xa2, 0xc5, 0x8b, 0x18, 0x33, 0x6a, 0xdc, 0xc8, 0xb1,
    0xa3, 0xc7, 0x8f, 0x20, 0x43, 0x8a, 0x1c, 0x49, 0xb2, 0xa4, 0xc9, 0x93, 0x28, 0x53, 0xaa, 0x5c,
    0xc9, 0xb2, 0xa5, 0xcb, 0x97, 0x30, 0x63, 0xca, 0x9c, 0x49, 0xb3, 0xa6, 0xcd, 0x9b, 0x38, 0x73,
    0xea, 0xdc, 0x99, 0x30, 0x8d, 0xcf, 0x36, 0x40, 0x7d, 0xa6, 0xe1, 0xb9, 0x51, 0x0d, 0x1a, 0x34,
    0x66, 0x92, 0x1e, 0x55, 0x43, 0x54, 0x63, 0x19, 0x32, 0x65, 0xd2, 0xb4, 0x49, 0xf3, 0xb4, 0x4c,
    0x53, 0x8b, 0x3e, 0xcb, 0x48, 0x59, 0x22, 0x65, 0xe0, 0x56, 0x29, 0x51, 0x87, 0x5e, 0x8d, 0x68,
    0x74, 0xcc, 0x12, 0x1f, 0x47, 0x06, 0x1e, 0xf1, 0xb1, 0x64, 0x0c, 0x1a, 0xa6, 0x63, 0x21, 0xa6,
    0x41, 0x53, 0x06, 0x0a, 0x11, 0x25, 0x03, 0x95, 0x10, 0x81, 0x52, 0x06, 0x8d, 0xd8, 0xb8, 0x0e,
    0xdb, 0x98, 0xf9, 0x6b, 0x50, 0x70, 0x1b, 0xc0, 0x0f, 0xdd, 0x98, 0x71, 0x93, 0xd0, 0x30, 0x62,
    0x87, 0x64, 0xc6, 0x90, 0x69, 0x6c, 0xe6, 0x70, 0x53, 0xa1, 0x98, 0xdf, 0x7c, 0xf9, 0xc0, 0xa1,
    0x83, 0x67, 0x0f, 0x28, 0x58, 0xd8, 0xe0, 0xba, 0xc4, 0x06, 0x0b, 0x14, 0x1e, 0x38, 0x7c, 0xa8,
    0x62, 0xc5, 0x4a, 0x5f, 0xbf, 0x3e, 0x79, 0xb6, 0x59, 0x43, 0xbb, 0xb6, 0x9b, 0xcd, 0x1b, 0x72,
    0x6f, 0xe0, 0x40, 0xa2, 0xc4, 0x8a, 0x1f, 0x47, 0x7e, 0xac, 0x28, 0x41, 0x82, 0xc3, 0x06, 0x0f,
    0xac, 0xad, 0x9c, 0x01, 0x4a, 0xdb, 0xb2, 0xce, 0x31, 0x61, 0xa2, 0x4b, 0x27, 0xd3, 0x05, 0x44,
    0xe7, 0xcf, 0x27, 0x56, 0xc0, 0x28, 0xe2, 0xe4, 0xc8, 0x0d, 0x18, 0x2d, 0x38, 0x7f, 0xff, 0x98,
    0x52, 0xa5, 0x8a, 0x17, 0xe9, 0x61, 0xc6, 0xd8, 0xcc, 0x2c, 0x66, 0xc7, 0x0d, 0x1c, 0xf0, 0xe3,
    0xdf, 0x38, 0x51, 0xe2, 0x84, 0xfd, 0xec, 0x29, 0x6c, 0x94, 0xaf, 0x42, 0x24, 0x88, 0x8f, 0x16,
    0xf6, 0xd9, 0x20, 0xe0, 0x7b, 0xf0, 0xdd, 0xb0, 0x83, 0x18, 0x6f, 0x60, 0x06, 0xd3, 0x6c, 0xb4,
    0xb9, 0x31, 0xc6, 0x0d, 0x24, 0xdc, 0x77, 0x1f, 0x0a, 0x2b, 0x54, 0x68, 0xe1, 0x0a, 0xf9, 0x55,
    0x71, 0x45, 0x15, 0x4d, 0xe8, 0x05, 0x43, 0x85, 0x29, 0x84, 0x28, 0x21, 0x09, 0x37, 0x8c, 0xe1,
    0x46, 0x6d, 0xce, 0xb5, 0x04, 0x5d, 0x74, 0x63, 0x74, 0x81, 0x43, 0x76, 0x17, 0xc6, 0x78, 0x61,
    0x7e, 0xe4, 0xf1, 0xe7, 0x9f, 0x0d, 0x30, 0x7c, 0x28, 0xe3, 0x09, 0x38, 0x74, 0xb1, 0x62, 0x7a,
    0x2d, 0x49, 0xd5, 0x1e, 0x81, 0x38, 0xdc, 0x20, 0xe3, 0x91, 0x31, 0x0a, 0x88, 0x23, 0x0c, 0x36,
    0xfc, 0x40, 0x84, 0x0f, 0x3a, 0xca, 0x48, 0xa4, 0x81, 0x62, 0x4c, 0xa5, 0xd2, 0x6c, 0x0f, 0x46,
    0x78, 0x1f, 0x92, 0x5c, 0x62, 0x18, 0x62, 0x85, 0x30, 0x04, 0xa1, 0x44, 0x10, 0x51, 0xc6, 0x78,
    0x5f, 0x0a, 0x25, 0x94, 0xb8, 0x46, 0x8a, 0x26, 0x8d, 0xd1, 0xe2, 0x8b, 0x5d, 0xc6, 0x29, 0x63,
    0x98, 0x63, 0x7e, 0x57, 0x66, 0x8c, 0x28, 0x90, 0xe8, 0xa3, 0x7a, 0x29, 0xe5, 0x60, 0x83, 0x91,
    0x72, 0x06, 0x6a, 0x61, 0x98, 0x47, 0x1c, 0x11, 0x84, 0x7f, 0x77, 0x56, 0x78, 0x82, 0x07, 0x1d,
    0x7c, 0x70, 0xc3, 0x0d, 0x39, 0xa8, 0x94, 0xe7, 0x09, 0x29, 0xc4, 0xe8, 0xc2, 0xa5, 0x98, 0x0a,
    0x3a, 0x68, 0x10, 0x85, 0x16, 0x4a, 0xe6, 0x91, 0x27, 0x74, 0xb0, 0x41, 0x07, 0x25, 0x94, 0xc0,
    0x82, 0x4a, 0x2e, 0xf8, 0x96, 0x63, 0x94, 0x24, 0xb4, 0xea, 0x6a, 0x7d, 0x30, 0xca, 0xff, 0x09,
    0x83, 0x0f, 0x87, 0x7a, 0x9a, 0xe8, 0x0a, 0x8b, 0x76, 0xe0, 0x41, 0xab, 0x29, 0x9c, 0x94, 0x2a,
    0x0b, 0x60, 0xfa, 0xf0, 0xa4, 0x0b, 0x2b, 0x90, 0x50, 0xc1, 0xb1, 0xc8, 0x76, 0xe6, 0x41, 0xac,
    0x71, 0xe6, 0x78, 0x83, 0x98, 0x9f, 0x82, 0x4a, 0x1c, 0xa3, 0x1d, 0x70, 0xd0, 0x19, 0x49, 0x2e,
    0xf4, 0x06, 0x26, 0xb4, 0xc4, 0x1a, 0x4b, 0xc1, 0xb7, 0xdf, 0xee, 0xc6, 0x01, 0x8c, 0x98, 0x66,
    0x7a, 0x24, 0x9d, 0xd1, 0x22, 0x19, 0xaa, 0xb5, 0xb9, 0x75, 0x40, 0x12, 0x0b, 0xbe, 0x6d, 0x3b,
    0x66, 0xb7, 0xc8, 0x7e, 0x5b, 0x81, 0xb2, 0x30, 0xba, 0xea, 0x2a, 0x92, 0xe8, 0xb6, 0x50, 0x9f,
    0xba, 0xd5, 0xb2, 0xcb, 0x41, 0x48, 0x42, 0xc2, 0x29, 0xef, 0xa7, 0x27, 0x18, 0xb7, 0x41, 0x05,
    0x14, 0x54, 0x10, 0x02, 0xae, 0x2b, 0x64, 0x8b, 0x2c, 0xb2, 0x24, 0x10, 0x1b, 0x63, 0x98, 0x4b,
    0xfc, 0xc0, 0xd9, 0xb2, 0xa0, 0x06, 0x6c, 0xdc, 0x07, 0x5e, 0x58, 0xd9, 0x91, 0x1a, 0x6b, 0x84,
    0x61, 0xb0, 0x76, 0xd0, 0x7e, 0xb8, 0xee, 0xc2, 0x0d, 0x57, 0x5c, 0xa1, 0xc4, 0xe0, 0xb6, 0x5c,
    0x83, 0xc5, 0x9b, 0x66, 0xec, 0xc1, 0xa8, 0xcc, 0x5a, 0xb8, 0x2e, 0xbb, 0x20, 0xb3, 0x01, 0x17,
    0x47, 0x69, 0x94, 0x0c, 0x67, 0x8e, 0x4d, 0x3e, 0xa9, 0x72, 0xb5, 0x0b, 0x1f, 0x6b, 0x82, 0x0d,
    0xc4, 0xc2, 0x0c, 0xae, 0xc3, 0xad, 0x5e, 0x1c, 0x44, 0xc6, 0xa2, 0xf2, 0x66, 0x9f, 0x99, 0xd4,
    0x7e, 0xec, 0x05, 0x1b, 0x84, 0x69, 0x14, 0xb4, 0xc9, 0x25, 0xc0, 0xe0, 0xe4, 0x0f, 0x4b, 0x2a,
    0x2a, 0xaa, 0x07, 0x3d, 0xf8, 0x40, 0xab, 0x7f, 0xf4, 0xc6, 0xdc, 0xf0, 0xb1, 0x2e, 0x6f, 0xcb,
    0x84, 0x0f, 0x0c, 0xdf, 0xab, 0x6b, 0xce, 0xf6, 0x91, 0x20, 0x6a, 0xcf, 0x5d, 0x67, 0xff, 0xf4,
    0x86, 0x83, 0x38, 0x84, 0x9d, 0xf2, 0x85, 0xa1, 0x1e, 0x27, 0x44, 0x13, 0x4b, 0x24, 0x61, 0x68,
    0xdb, 0x6e, 0xb7, 0x4c, 0x73, 0x98, 0x73, 0xd7, 0xbd, 0x5b, 0x07, 0x39, 0x9b, 0xbd, 0xc1, 0x07,
    0x60, 0xb8, 0xf1, 0x86, 0x47, 0x62, 0xbc, 0x19, 0x36, 0x11, 0x4d, 0x10, 0x51, 0xe6, 0x09, 0x1f,
    0x34, 0xfa, 0x83, 0x12, 0x9d, 0x06, 0xc1, 0xf8, 0xd3, 0x70, 0x3f, 0x1e, 0x44, 0xe4, 0x0d, 0xe7,
    0x66, 0x35, 0xde, 0xa9, 0x7d, 0xe0, 0xa3, 0x18, 0x1b, 0x09, 0xe9, 0x9e, 0x91, 0x19, 0x5a, 0x51,
    0x05, 0x0c, 0x25, 0xa0, 0x20, 0xbc, 0x0b, 0x6a, 0xa3, 0xd5, 0xe9, 0xe2, 0xc5, 0x32, 0xfc, 0xb4,
    0xec, 0xcc, 0x42, 0x4e, 0xb7, 0xbd, 0xc7, 0xe2, 0x6b, 0x66, 0x7d, 0x8f, 0x1e, 0x28, 0xb2, 0x45,
    0x24, 0x87, 0x01, 0x21, 0x7e, 0xfa, 0xf9, 0x8e, 0x43, 0x0d, 0x2f, 0x84, 0x7f, 0x83, 0x12, 0x52,
    0x40, 0x71, 0x3c, 0xf2, 0xde, 0xc6, 0x3c, 0x79, 0xf3, 0xaf, 0x3f, 0xaf, 0xbe, 0xb5, 0x95, 0x57,
    0x98, 0xe7, 0x0d, 0x61, 0xac, 0xf1, 0x73, 0x45, 0x5f, 0x1b, 0xdc, 0x7b, 0x15, 0x21, 0xf4, 0xef,
    0x3f, 0x0f, 0x3d, 0xe8, 0xc1, 0x10, 0x8e, 0xa7, 0xba, 0xe4, 0x4d, 0xcc, 0x6e, 0x1c, 0xdb, 0x54,
    0xe4, 0x0e, 0xa8, 0xac, 0x16, 0xac, 0x2a, 0x47, 0x84, 0xc3, 0x41, 0xfd, 0xfa, 0x26, 0x91, 0xfc,
    0xc1, 0x28, 0x43, 0x57, 0x98, 0xc2, 0x04, 0x22, 0xc0, 0xc1, 0x0e, 0x46, 0x60, 0x02, 0x3d, 0x70,
    0xc2, 0x00, 0x0d, 0xa5, 0xa3, 0x56, 0x99, 0x20, 0x6d, 0x3e, 0xc0, 0x55, 0xce, 0x08, 0xb5, 0x16,
    0x1f, 0xf4, 0xc0, 0x04, 0xad, 0xfa, 0xd7, 0xda, 0x0e, 0x05, 0x25, 0x9d, 0x49, 0x70, 0x0d, 0x14,
    0x8c, 0xc8, 0xdf, 0xc6, 0xa0, 0x3f, 0xfd, 0x5c, 0x21, 0x0a, 0x11, 0x78, 0x40, 0x10, 0xff, 0x1f,
    0x20, 0x44, 0x21, 0xf6, 0x40, 0x0a, 0xa9, 0x2b, 0xd3, 0x76, 0x9a, 0x50, 0x84, 0x5b, 0xb1, 0x70,
    0x09, 0x4b, 0x28, 0x02, 0xd3, 0x2c, 0xc6, 0x42, 0x5b, 0xd9, 0x70, 0x0c, 0x6b, 0xc2, 0x48, 0xe7,
    0x5c, 0x74, 0x41, 0x1f, 0x46, 0x61, 0x83, 0x1e, 0xec, 0x20, 0x0f, 0xd6, 0x42, 0x43, 0x1d, 0x5d,
    0xca, 0x06, 0x83, 0xbb, 0x90, 0xb3, 0x38, 0x95, 0x44, 0x35, 0xb2, 0xd1, 0x8a, 0x8a, 0xea, 0x11,
    0x54, 0xf0, 0xd7, 0x86, 0x21, 0x01, 0x6a, 0x50, 0x44, 0x60, 0x42, 0x12, 0x02, 0xd8, 0x03, 0x00,
    0xe6, 0xa0, 0x83, 0x97, 0xfb, 0x80, 0x03, 0x75, 0x34, 0xab, 0x5a, 0x91, 0x50, 0x8d, 0x6b, 0x1b,
    0x82, 0x22, 0xe1, 0xb8, 0x2d, 0x02, 0x2a, 0x31, 0x09, 0x4e, 0x00, 0x4b, 0x6c, 0xc8, 0x52, 0xb2,
    0xed, 0x49, 0xad, 0x50, 0x4e, 0xc8, 0x24, 0x13, 0xa4, 0xd0, 0x83, 0x20, 0x46, 0x40, 0x03, 0xd6,
    0x22, 0x81, 0xf0, 0x1a, 0xd9, 0xc6, 0x4d, 0x1d, 0x21, 0x09, 0x4f, 0x80, 0xc2, 0x13, 0x18, 0x89,
    0x32, 0x47, 0xaa, 0x11, 0x08, 0x45, 0x68, 0x42, 0x5f, 0xee, 0xe7, 0x10, 0x0b, 0xce, 0x89, 0x8d,
    0x8a, 0x1c, 0x82, 0x10, 0x98, 0xd0, 0x83, 0x0d, 0x4e, 0x20, 0x90, 0x83, 0x24, 0x25, 0x2b, 0x09,
    0x35, 0x04, 0x1e, 0x18, 0x73, 0x80, 0xe9, 0x6a, 0x65, 0x29, 0x1b, 0xe9, 0x84, 0xbe, 0xe4, 0x50,
    0x21, 0xb6, 0xbc, 0xe4, 0xf9, 0x8e, 0x30, 0x04, 0x3e, 0xfa, 0xe0, 0x07, 0x3f, 0xa0, 0xa1, 0xbf,
    0x5c, 0xf0, 0xc6, 0x43, 0x0e, 0xea, 0x07, 0x50, 0xe0, 0x81, 0x04, 0x1c, 0x20, 0x01, 0x1e, 0x40,
    0xe1, 0x07, 0x4a, 0xec, 0x66, 0x32, 0x09, 0xd5, 0x4c, 0xbf, 0x54, 0x50, 0x68, 0xf8, 0xf9, 0x92,
    0x32, 0xa7, 0x99, 0x49, 0x27, 0x40, 0x71, 0x09, 0x4a, 0xd0, 0x4b, 0x0e, 0x5c, 0x90, 0xff, 0x03,
    0x75, 0x2a, 0x11, 0x9c, 0x3c, 0x70, 0x00, 0x03, 0x1c, 0xc0, 0x03, 0x29, 0x0c, 0x21, 0x9d, 0xae,
    0x34, 0x65, 0x33, 0xb3, 0x18, 0x11, 0x5b, 0x2a, 0x49, 0x98, 0xe7, 0xcb, 0xe5, 0xa1, 0x26, 0xea,
    0x83, 0x10, 0x80, 0x20, 0x04, 0xc0, 0x59, 0xa6, 0x76, 0x00, 0x2a, 0x50, 0x07, 0xec, 0x20, 0x08,
    0x3d, 0x40, 0x68, 0x29, 0xd7, 0x78, 0x04, 0x27, 0x84, 0x61, 0x8e, 0x0d, 0x15, 0x5a, 0x09, 0x6c,
    0x40, 0x9e, 0x29, 0xd8, 0x00, 0x05, 0x55, 0x9c, 0xa6, 0xa1, 0xec, 0xc4, 0xcf, 0x10, 0x8c, 0xb3,
    0x9c, 0x4f, 0x18, 0xe1, 0x3a, 0x39, 0x3a, 0xd0, 0xb7, 0xc5, 0x6d, 0x9e, 0x24, 0x84, 0xe9, 0xda,
    0x3a, 0xe5, 0x04, 0x26, 0x38, 0x41, 0x22, 0x3b, 0x0c, 0x9c, 0x0f, 0xab, 0xf0, 0xd2, 0x98, 0x1e,
    0xaf, 0x08, 0x45, 0x00, 0xc2, 0x70, 0x88, 0xc3, 0x02, 0x10, 0x74, 0x94, 0x07, 0x39, 0x1d, 0x26,
    0x4f, 0x1d, 0x00, 0xae, 0x87, 0x51, 0x0a, 0xa8, 0x64, 0x82, 0x69, 0x37, 0x8f, 0x50, 0x84, 0x20,
    0x20, 0x41, 0x22, 0x6e, 0x72, 0xd1, 0x4a, 0xf7, 0xd3, 0xd4, 0xb1, 0x76, 0xca, 0xa8, 0x4a, 0xc8,
    0x41, 0x81, 0x76, 0x60, 0x53, 0x72, 0x62, 0x55, 0xa7, 0x84, 0x84, 0xc1, 0x0d, 0x92, 0xc0, 0xc9,
    0x9b, 0x22, 0xeb, 0x05, 0x39, 0xb0, 0xd3, 0xb3, 0x1c, 0x29, 0xd6, 0x69, 0x0e, 0xe1, 0xac, 0x11,
    0xf1, 0xd3, 0x0d, 0x5a, 0xa0, 0x1d, 0xd0, 0x89, 0xae, 0xb0, 0xe7, 0xe3, 0x8e, 0x17, 0x22, 0x83,
    0x9e, 0x31, 0x80, 0x41, 0x0b, 0x5a, 0xc8, 0x02, 0x13, 0x8a, 0x90, 0x44, 0xa1, 0x8a, 0x69, 0xb2,
    0x97, 0xc5, 0x6c, 0x17, 0x46, 0xeb, 0x05, 0x30, 0x74, 0x61, 0x4c, 0x23, 0xec, 0xac, 0x53, 0xa9,
    0x89, 0x58, 0x88, 0x4c, 0xca, 0x3e, 0xdc, 0x1c, 0x13, 0x0c, 0x20, 0xdb, 0xa9, 0x22, 0xff, 0x08,
    0xc1, 0x09, 0x6a, 0x88, 0x43, 0x1c, 0xda, 0xc0, 0x06, 0xa0, 0xb0, 0xc1, 0x0d, 0x72, 0x90, 0x43,
    0x1c, 0x9c, 0xc0, 0x59, 0x5b, 0x15, 0x56, 0x0a, 0x6f, 0xd0, 0x6d, 0x70, 0xe5, 0xe0, 0x86, 0xe6,
    0xea, 0xf6, 0x0d, 0xc4, 0x25, 0x2b, 0x54, 0x8d, 0xbb, 0xda, 0xc3, 0x4a, 0x04, 0x5e, 0x2d, 0x78,
    0x4f, 0x3f, 0x65, 0x0b, 0xd3, 0xbb, 0xe4, 0x53, 0x09, 0x4b, 0x60, 0x42, 0x13, 0xa4, 0xa0, 0x85,
    0x2d, 0x70, 0xc1, 0x0c, 0x47, 0x39, 0x8a, 0x19, 0xb0, 0xc0, 0xde, 0xcd, 0xa6, 0xee, 0x06, 0x2e,
    0x18, 0x2c, 0x13, 0xd8, 0x4b, 0x5f, 0x2c, 0xf4, 0xc5, 0x0c, 0x5b, 0xd8, 0x42, 0x16, 0xa4, 0xd0,
    0x04, 0xa3, 0x16, 0x95, 0xba, 0x6e, 0xb5, 0x6e, 0x44, 0x58, 0x40, 0x02, 0x39, 0x76, 0xa1, 0x3b,
    0x61, 0xd5, 0xcf, 0x7e, 0x58, 0xe3, 0x85, 0x33, 0x68, 0x01, 0x02, 0x10, 0xde, 0x02, 0x1c, 0x92,
    0x12, 0x87, 0x2c, 0x2c, 0x60, 0x00, 0x0b, 0x30, 0x67, 0x6a, 0xb1, 0xf9, 0x83, 0x21, 0x84, 0x13,
    0x01, 0x03, 0x40, 0x00, 0x88, 0x17, 0x80, 0x05, 0x39, 0x68, 0xe1, 0xa6, 0x59, 0x40, 0x03, 0x18,
    0xc8, 0x40, 0x86, 0x30, 0x20, 0x78, 0xb6, 0xd5, 0x6d, 0xed, 0x43, 0x50, 0x10, 0x82, 0x12, 0xc1,
    0xa1, 0x0c, 0x2f, 0x46, 0x41, 0xf7, 0x7c, 0xc7, 0x1a, 0xe0, 0x72, 0x01, 0x02, 0x0d, 0x80, 0xc0,
    0x16, 0xe2, 0x70, 0x86, 0x33, 0x54, 0x78, 0x00, 0x00, 0x18, 0xc0, 0x0e, 0xa0, 0xf0, 0x46, 0x28,
    0x38, 0x39, 0x08, 0x50, 0xd8, 0x41, 0x00, 0x00, 0x40, 0xe5, 0x24, 0x63, 0x61, 0x0e, 0x5a, 0xe8,
    0x28, 0x17, 0xe4, 0x00, 0x87, 0xd9, 0x90, 0x21, 0xc7, 0x4e, 0x2d, 0xab, 0x8c, 0x1d, 0x92, 0x83,
    0x17, 0xec, 0x20, 0x0c, 0x6e, 0xf8, 0x72, 0x50, 0x15, 0x9c, 0x1c, 0x2b, 0x64, 0x81, 0xff, 0x0b,
    0x54, 0x00, 0x32, 0x04, 0xb0, 0xb0, 0x86, 0x2f, 0x7c, 0x61, 0x0d, 0x58, 0x00, 0x31, 0x02, 0x0a,
    0xca, 0x84, 0x42, 0x15, 0xd3, 0x98, 0x7c, 0xe5, 0x01, 0x88, 0x07, 0x40, 0x68, 0x04, 0x60, 0x01,
    0x0e, 0x58, 0xe8, 0x28, 0x15, 0xb8, 0xa0, 0x05, 0x33, 0xac, 0x41, 0xcd, 0x61, 0x75, 0x6a, 0x51,
    0x8f, 0x1a, 0x11, 0xe8, 0xb8, 0xe5, 0xd1, 0x60, 0x1e, 0x02, 0x24, 0xc1, 0x00, 0x87, 0x13, 0x3b,
    0xc0, 0x01, 0x03, 0x08, 0xc0, 0x00, 0x32, 0x20, 0x82, 0x52, 0x97, 0x3a, 0x03, 0xa8, 0xfe, 0xc2,
    0x19, 0xbc, 0x20, 0x5e, 0x71, 0x92, 0x33, 0x0b, 0x6f, 0xe0, 0x02, 0xaa, 0x67, 0x4d, 0x6a, 0x11,
    0x64, 0x00, 0xc2, 0x10, 0xf8, 0xb4, 0x04, 0x86, 0x3c, 0x06, 0x30, 0xbf, 0x91, 0x3b, 0x27, 0xb5,
    0x4a, 0x44, 0x18, 0x84, 0x06, 0x4c, 0x93, 0x30, 0x6c, 0x48, 0x78, 0x82, 0x14, 0xc8, 0x10, 0x87,
    0x2d, 0x08, 0x94, 0x01, 0x53, 0x1e, 0x35, 0xad, 0x67, 0x2d, 0x82, 0xc5, 0x90, 0x61, 0x09, 0x4d,
    0x08, 0xe8, 0x40, 0x87, 0x4c, 0x06, 0x5b, 0x9b, 0xda, 0xd6, 0xa8, 0xc6, 0x75, 0x47, 0x79, 0xed,
    0xeb, 0xda, 0x2e, 0x94, 0x4d, 0x0d, 0x11, 0x4a, 0xb1, 0x21, 0x0d, 0x5f, 0x1b, 0x18, 0xb3, 0x07,
    0x60, 0x68, 0xf6, 0xa7, 0x1d, 0x10, 0x6d, 0x52, 0x4f, 0x9b, 0xd4, 0x64, 0x48, 0xb3, 0x14, 0xfa,
    0x4a, 0xce, 0x21, 0x7f, 0x01, 0xdc, 0xf7, 0x16, 0xf7, 0xa7, 0x79, 0x3d, 0x26, 0x28, 0xd1, 0x96,
    0x3b, 0xce, 0xc4, 0x1f, 0x5d, 0xa2, 0xfb, 0x83, 0x25, 0xb8, 0x5a, 0x02, 0x5a, 0x30, 0x31, 0xae,
    0xeb, 0x6d, 0x6b, 0x0b, 0x58, 0x1c, 0xd5, 0x22, 0x50, 0xb5, 0x19, 0xdc, 0x04, 0x86, 0x2d, 0x94,
    0x97, 0x0c, 0x67, 0xf8, 0x37, 0xaa, 0x2d, 0x6e, 0x01, 0x7b, 0x87, 0x7a, 0x00, 0xb8, 0xff, 0x1e,
    0x32, 0x18, 0x72, 0xe0, 0x40, 0x61, 0x22, 0xdc, 0x9d, 0x14, 0xf9, 0xdb, 0x19, 0xa2, 0x3b, 0x84,
    0x27, 0x68, 0xdb, 0x01, 0x5c, 0x98, 0xc3, 0x8f, 0x21, 0x4c, 0xf1, 0x0c, 0x90, 0x1c, 0xe3, 0x6b,
    0xd0, 0xad, 0xd0, 0x97, 0xab, 0xdb, 0x35, 0x80, 0xfb, 0xe7, 0xb6, 0x46, 0x72, 0x00, 0x52, 0x1e,
    0x07, 0x30, 0x40, 0x88, 0x42, 0xf3, 0x7c, 0x39, 0x2d, 0x21, 0xe2, 0x05, 0x2f, 0x9c, 0x16, 0x08,
    0x41, 0x30, 0x82, 0x14, 0x6e, 0x4e, 0x85, 0x2e, 0xc4, 0x99, 0xe7, 0x49, 0xc6, 0xc0, 0xc8, 0x2f,
    0x8e, 0x6a, 0x2c, 0x64, 0xc1, 0xec, 0x59, 0x38, 0x3b, 0x7d, 0xcf, 0x3e, 0xeb, 0x9f, 0x67, 0x00,
    0x03, 0x4a, 0xc7, 0xb5, 0x16, 0xdc, 0xd0, 0x05, 0x96, 0xaf, 0x6a, 0xb0, 0x85, 0x42, 0xf8, 0x24,
    0x21, 0xb2, 0x1c, 0x30, 0x80, 0xe0, 0x03, 0x20, 0x70, 0x20, 0x0e, 0xa6, 0xf0, 0x43, 0x05, 0x14,
    0x20, 0x01, 0xba, 0xa6, 0xc2, 0x17, 0xa8, 0xa0, 0xf4, 0x79, 0x27, 0xe0, 0xf1, 0x90, 0xd7, 0xb3,
    0x02, 0x26, 0x4f, 0x79, 0x3d, 0x3f, 0x5e, 0x01, 0xf3, 0x56, 0xc0, 0xe3, 0xa3, 0xbd, 0xe8, 0xfd,
    0xf6, 0x77, 0x08, 0x13, 0x35, 0xa4, 0x9f, 0xc7, 0x2c, 0x17, 0x34, 0x74, 0xe1, 0x66, 0x1c, 0xf0,
    0x8d, 0x17, 0x13, 0x20, 0x80, 0x02, 0x30, 0x60, 0xdb, 0x58, 0x56, 0xfa, 0xeb, 0x19, 0x40, 0x00,
    0x01, 0xd4, 0x5e, 0x00, 0x02, 0xa8, 0xb2, 0xed, 0x09, 0xc0, 0xfb, 0xdc, 0x53, 0x19, 0xf7, 0x04,
    0x98, 0xfd, 0xed, 0xa3, 0xbd, 0x05, 0x39, 0x9c, 0xa1, 0x09, 0x42, 0x28, 0xae, 0x4c, 0xc5, 0x5c,
    0x91, 0xbe, 0xff, 0x1d, 0x04, 0x2a, 0x58, 0x81, 0x17, 0x1b, 0x90, 0x00, 0xcc, 0xbf, 0x3a, 0x0e,
    0x79, 0x16, 0x75, 0xe6, 0x29, 0x3f, 0xf9, 0x00, 0x78, 0xbf, 0x00, 0x06, 0x08, 0xbf, 0xff, 0x01,
    0x0a, 0xe0, 0xfd, 0x00, 0x50, 0x7e, 0xfb, 0x0a, 0x98, 0xb2, 0xa1, 0xe1, 0xe0, 0x85, 0xe8, 0xca,
    0x14, 0x93, 0x46, 0xc5, 0x48, 0xd5, 0xb9, 0xa0, 0x54, 0xd6, 0x54, 0x21, 0x0a, 0xf8, 0xcf, 0xbf,
    0x86, 0xa2, 0xd0, 0xd1, 0x29, 0x70, 0x41, 0xed, 0xec, 0xb5, 0x05, 0x53, 0x90, 0x00, 0x04, 0x50,
    0x00, 0x06, 0x78, 0x80, 0x06, 0x48, 0x00, 0x09, 0x30, 0x05, 0x5b, 0x80, 0x05, 0x98, 0xa5, 0x05,
    0x58, 0x20, 0x80, 0x0a, 0x20, 0x00, 0x0a, 0x10, 0x05, 0x1b, 0x82, 0x3a, 0xef, 0x07, 0x6c, 0x28,
    0x65, 0x11, 0x70, 0x70, 0x63, 0xf5, 0xd7, 0x1a, 0x57, 0x10, 0x82, 0x22, 0xb8, 0x7f, 0x1d, 0xd5,
    0x05, 0x73, 0xb0, 0x5c, 0xc1, 0x35, 0x07, 0x5d, 0xa0, 0x00, 0x04, 0x30, 0x7e, 0x08, 0x08, 0x7e,
    0x04, 0xa0, 0x00, 0x26, 0x88, 0x82, 0x72, 0xa0, 0x73, 0x13, 0x98, 0x00, 0x16, 0x58, 0x05, 0x48,
    0x30, 0x5d, 0x91, 0x75, 0x38, 0xb3, 0x24, 0x7f, 0x5e, 0x40, 0x7f, 0x2b, 0x70, 0x03, 0x35, 0xb2,
    0x60, 0xfb, 0xf1, 0x43, 0x37, 0xc5, 0x80, 0xf5, 0x15, 0x81, 0x53, 0xc0, 0x82, 0x2e, 0x88, 0x80,
    0x06, 0x10, 0x83, 0x4a, 0x58, 0x5f, 0x02, 0x48, 0x7d, 0x0d, 0x90, 0x83, 0x52, 0x90, 0x49, 0xf8,
    0x84, 0x81, 0x25, 0x35, 0x5e, 0x61, 0x41, 0x47, 0x61, 0xf0, 0x7c, 0x3e, 0x50, 0x04, 0x3f, 0x80,
    0x03, 0x30, 0x80, 0x03, 0x45, 0xa0, 0x04, 0x4d, 0xb0, 0x60, 0xbe, 0xd3, 0x3f, 0x1c, 0xd0, 0x00,
    0xdc, 0xc7, 0x7d, 0x2e, 0x28, 0x7e, 0xe2, 0x67, 0x80, 0x06, 0x10, 0x87, 0x93, 0xb7, 0x00, 0x0d,
    0xc0, 0x03, 0xf8, 0xb7, 0x62, 0x91, 0x31, 0x06, 0x5e, 0xb0, 0x1f, 0x4c, 0x30, 0x04, 0x26, 0x55,
    0x06, 0xc2, 0x86, 0x3d, 0x6c, 0xe0, 0x05, 0x1f, 0x70, 0x1c, 0x3f, 0x10, 0x3a, 0xa9, 0xff, 0xc2,
    0x4d, 0x47, 0xa0, 0x04, 0x6c, 0x58, 0x05, 0x90, 0x02, 0x02, 0x06, 0x80, 0x7b, 0x98, 0x88, 0x89,
    0x07, 0xc8, 0x7b, 0x9c, 0x58, 0x80, 0x06, 0x98, 0x89, 0x99, 0xb8, 0x80, 0x8c, 0x06, 0x07, 0x42,
    0x17, 0x07, 0x70, 0xd0, 0x1a, 0x55, 0x30, 0x88, 0xed, 0x34, 0x75, 0x15, 0x94, 0x88, 0x8b, 0xf8,
    0x01, 0x63, 0x68, 0x70, 0x84, 0xa2, 0x04, 0xad, 0x51, 0x8b, 0x55, 0x50, 0x03, 0x35, 0x00, 0x02,
    0x0c, 0x50, 0x7d, 0x71, 0x98, 0x00, 0xe2, 0x07, 0x79, 0x90, 0xf7, 0x8b, 0x78, 0x98, 0x00, 0x0c,
    0xc0, 0x87, 0x51, 0x80, 0x76, 0x69, 0x97, 0x05, 0xfb, 0xd1, 0x1d, 0x92, 0xf4, 0x4c, 0x0f, 0x91,
    0x06, 0xae, 0x38, 0x2a, 0xc1, 0xd4, 0x4a, 0x4e, 0xf0, 0x05, 0x2c, 0x46, 0x06, 0x66, 0xd0, 0x05,
    0x3a, 0x40, 0x03, 0x34, 0x30, 0x03, 0xde, 0xf8, 0x8d, 0xde, 0x38, 0x02, 0xb8, 0x36, 0x02, 0xe0,
    0x28, 0x8e, 0x10, 0x46, 0x8e, 0xe0, 0x18, 0x8e, 0xbb, 0xd8, 0x8b, 0x0c, 0x30, 0x03, 0x3a, 0xa0,
    0x03, 0xfb, 0xb1, 0x11, 0x6f, 0x00, 0x07, 0x61, 0xb0, 0x88, 0x1d, 0x20, 0x4a, 0x50, 0x07, 0x03,
    0xb0, 0xe4, 0x04, 0xc9, 0x25, 0x74, 0x6a, 0xb0, 0x8d, 0xdc, 0x18, 0x90, 0xdc, 0xf8, 0x8e, 0x34,
    0x80, 0x6b, 0x34, 0xf0, 0x8e, 0x04, 0x69, 0x90, 0x04, 0x19, 0x90, 0x3a, 0x30, 0x03, 0xac, 0xd7,
    0x89, 0xb5, 0x97, 0x00, 0x33, 0xc0, 0x8d, 0xe5, 0x61, 0x05, 0x1b, 0x11, 0x06, 0x60, 0xc0, 0x05,
    0x1b, 0x33, 0x48, 0xce, 0xa2, 0x04, 0xca, 0x86, 0x8c, 0x5a, 0x60, 0x05, 0x00, 0x29, 0x90, 0xdc,
    0x18, 0x8e, 0x72, 0x86, 0x8e, 0x26, 0x19, 0x64, 0xe8, 0x48, 0x92, 0x33, 0xa0, 0x00, 0x74, 0x28,
    0x7e, 0x0a, 0xe0, 0x8e, 0xf0, 0x68, 0x05, 0x57, 0xb0, 0x11, 0x1f, 0x70, 0x93, 0xbd, 0xff, 0xd1,
    0x02, 0x89, 0xb4, 0x4b, 0x5e, 0xe0, 0x06, 0x58, 0x40, 0x7d, 0x94, 0xb7, 0x00, 0x17, 0x30, 0x94,
    0x01, 0x29, 0x03, 0x32, 0x10, 0x03, 0x83, 0xe6, 0x7d, 0x28, 0x87, 0x6b, 0x10, 0x16, 0x6a, 0xa2,
    0x16, 0x62, 0x31, 0x60, 0x94, 0x25, 0xd9, 0x51, 0xe3, 0x67, 0x00, 0x1d, 0x75, 0x05, 0x6a, 0x10,
    0x06, 0x65, 0x90, 0x14, 0x1b, 0x61, 0x1c, 0xe3, 0xa2, 0x4c, 0xfd, 0xd1, 0x04, 0x64, 0x20, 0x07,
    0x59, 0xf0, 0x90, 0xb5, 0x67, 0x00, 0x16, 0x77, 0x01, 0x01, 0x19, 0x03, 0x6c, 0x39, 0x65, 0x55,
    0xb6, 0x74, 0x4c, 0x09, 0x01, 0x6e, 0x49, 0x65, 0x01, 0xc0, 0x96, 0x31, 0x70, 0x90, 0x33, 0xf0,
    0x6c, 0x05, 0x50, 0x80, 0xaf, 0xe7, 0x00, 0x43, 0x86, 0x5e, 0x6f, 0xb1, 0x11, 0xa2, 0x42, 0x39,
    0xca, 0x84, 0x04, 0x48, 0x20, 0x05, 0x63, 0x50, 0x61, 0x2e, 0x19, 0x7e, 0x87, 0x37, 0x94, 0x17,
    0x30, 0x91, 0x34, 0x60, 0x97, 0x07, 0x40, 0x68, 0x85, 0x16, 0x97, 0x10, 0x30, 0x68, 0x84, 0x76,
    0x00, 0x76, 0x39, 0x95, 0x9f, 0x76, 0x7e, 0xfd, 0x36, 0x61, 0x42, 0x21, 0x98, 0x38, 0xa3, 0x1d,
    0x43, 0x40, 0x04, 0xad, 0x85, 0x06, 0x70, 0xe0, 0x6c, 0x03, 0x15, 0x85, 0x09, 0x00, 0x02, 0x2f,
    0x10, 0x02, 0x47, 0x69, 0x97, 0xb2, 0x19, 0x8e, 0x08, 0x50, 0x7e, 0x01, 0x80, 0x00, 0xe8, 0x28,
    0x9b, 0xba, 0x39, 0x10, 0xc9, 0x98, 0x5f, 0x5b, 0x80, 0x5e, 0xce, 0x48, 0x11, 0x5e, 0x19, 0x21,
    0x2d, 0x20, 0x04, 0x66, 0x35, 0x10, 0x6a, 0xd0, 0x69, 0x7a, 0x29, 0x00, 0xad, 0x79, 0x03, 0x25,
    0xa0, 0x9b, 0xb2, 0x89, 0x97, 0x48, 0x56, 0x65, 0x03, 0xe0, 0x8e, 0x91, 0x09, 0x9d, 0x6c, 0x39,
    0x10, 0xba, 0xd5, 0x81, 0x1d, 0xb8, 0x14, 0x1e, 0x71, 0x93, 0x20, 0xa0, 0x5d, 0xe2, 0x4f, 0x45,
    0x69, 0x74, 0x80, 0x9a, 0x5b, 0x30, 0x4e, 0x0e, 0xa0, 0x79, 0x0d, 0x00, 0x02, 0x39, 0xf0, 0x9c,
    0xd8, 0x79, 0x97, 0xdd, 0xa8, 0x74, 0xd1, 0x06, 0x99, 0xef, 0x19, 0x03, 0x03, 0xb1, 0x95, 0x80,
    0x09, 0x1b, 0xc1, 0x39, 0x11, 0x61, 0x50, 0x75, 0xd3, 0xb1, 0x81, 0x03, 0xe1, 0x9b, 0xc9, 0xf8,
    0x18, 0x07, 0xf1, 0x37, 0x6e, 0x00, 0x14, 0x0c, 0x82, 0x6e, 0xdc, 0x29, 0x74, 0x04, 0x6a, 0x10,
    0x73, 0x91, 0x5e, 0xe9, 0xd5, 0x37, 0x49, 0x31, 0xa1, 0x66, 0x00, 0x18, 0x01, 0x01, 0x00, 0x21,
    0xf9, 0x04, 0x09, 0x08, 0x00, 0x72, 0x00, 0x2c, 0x00, 0x00, 0x00, 0x00, 0x60, 0x00, 0x60, 0x00,
    0x86, 0xff, 0xfd, 0xf3, 0xfb, 0xf4, 0xe9, 0xff, 0xeb, 0xd5, 0xf4, 0xec, 0xe2, 0xff, 0xe7, 0xd1,
    0xff, 0xe5, 0xcf, 0xfe, 0xe4, 0xce, 0xf9, 0xe1, 0xce, 0xee, 0xe0, 0xd3, 0xf2, 0xd9, 0xc5, 0xf4,
    0xca, 0xb7, 0xec, 0xd4, 0xc1, 0xe7, 0xb9, 0xa9, 0xc4, 0xbb, 0xb8, 0xd5, 0xb4, 0x7e, 0xd1, 0xae,
    0x96, 0x95, 0x68, 0x5b, 0x93, 0x67, 0x5a, 0x91, 0x65, 0x59, 0x8f, 0x63, 0x57, 0x58, 0x86, 0x7c,
    0x44, 0x61, 0x5e, 0x23, 0x57, 0x57, 0x7f, 0x4f, 0x47, 0x77, 0x50, 0x47, 0x76, 0x4f, 0x46, 0x75,
    0x4f, 0x46, 0x74, 0x4e, 0x45, 0x71, 0x4d, 0x44, 0x6a, 0x48, 0x41, 0x63, 0x41, 0x3e, 0x62, 0x41,
    0x3e, 0x77, 0x40, 0x41, 0x61, 0x40, 0x3d, 0x61, 0x40, 0x3c, 0x61, 0x3f, 0x3c, 0x60, 0x40, 0x3d,
    0x60, 0x3f, 0x3c, 0x60, 0x3e, 0x3b, 0x5f, 0x3f, 0x3d, 0x5f, 0x3e, 0x3b, 0x5e, 0x3e, 0x3c, 0x5e,
    0x3e, 0x3b, 0x5e, 0x3d, 0x3c, 0x5d, 0x3d, 0x3b, 0x5c, 0x3d, 0x3b, 0xaf, 0x36, 0x44, 0xaf, 0x30,
    0x40, 0x9e, 0x36, 0x44, 0x7c, 0x30, 0x3e, 0x76, 0x25, 0x35, 0x5c, 0x3c, 0x3a, 0x5b, 0x3c, 0x3a,
    0x5b, 0x3c, 0x39, 0x5b, 0x3b, 0x39, 0x59, 0x3c, 0x3b, 0x58, 0x35, 0x38, 0x6f, 0x1f, 0x30, 0x4e,
    0x37, 0x37, 0x4a, 0x32, 0x34, 0x49, 0x30, 0x34, 0x47, 0x30, 0x33, 0x48, 0x2f, 0x33, 0x47, 0x2f,
    0x33, 0x47, 0x2f, 0x32, 0x46, 0x2f, 0x33, 0x46, 0x2e, 0x33, 0x46, 0x2e, 0x32, 0x45, 0x2e, 0x33,
    0x45, 0x2e, 0x32, 0x44, 0x2e, 0x32, 0x45, 0x2d, 0x32, 0x44, 0x2d, 0x32, 0x44, 0x2d, 0x31, 0x44,
    0x2c, 0x31, 0x42, 0x2e, 0x31, 0x43, 0x2c, 0x31, 0x42, 0x2c, 0x31, 0x42, 0x2c, 0x30, 0x41, 0x2c,
    0x31, 0x41, 0x2b, 0x30, 0x3a, 0x2c, 0x31, 0x34, 0x25, 0x2c, 0x2e, 0x27, 0x2d, 0x2e, 0x24, 0x2b,
    0x2f, 0x23, 0x2b, 0x2d, 0x20, 0x29, 0x27, 0x23, 0x28, 0x27, 0x20, 0x26, 0x25, 0x20, 0x26, 0x23,
    0x20, 0x25, 0x1f, 0x1b, 0x21, 0x1d, 0x19, 0x1f, 0x1d, 0x19, 0x1e, 0x1c, 0x18, 0x1e, 0x1c, 0x18,
    0x1d, 0x1b, 0x18, 0x1e, 0x1b, 0x17, 0x1e, 0x19, 0x17, 0x1e, 0x1a, 0x16, 0x1d, 0x18, 0x16, 0x1d,
    0x18, 0x15, 0x1c, 0x17, 0x15, 0x1c, 0x17, 0x15, 0x1b, 0x17, 0x14, 0x1b, 0x16, 0x15, 0x1c, 0x16,
    0x14, 0x1c, 0x16, 0x15, 0x1b, 0x15, 0x14, 0x1b, 0x16, 0x14, 0x1a, 0x14, 0x12, 0x19, 0x13, 0x11,
    0x18, 0x10, 0x0f, 0x18, 0x0c, 0x0c, 0x13, 0x00, 0x00, 0x00, 0x00, 0x00, 0x00, 0x00, 0x00, 0x00,
    0x00, 0x00, 0x00, 0x00, 0x00, 0x00, 0x00, 0x00, 0x00, 0x00, 0x00, 0x00, 0x00, 0x00, 0x00, 0x00,
    0x00, 0x00, 0x00, 0x00, 0x00, 0x00, 0x00, 0x00, 0x00, 0x00, 0x00, 0x00, 0x00, 0x00, 0x00, 0x00,
    0x00, 0x08, 0xff, 0x00, 0xe5, 0x08, 0x1c, 0x48, 0xb0, 0xa0, 0xc1, 0x83, 0x08, 0x13, 0x2a, 0x5c,
    0xc8, 0xb0, 0xa1, 0xc3, 0x87, 0x10, 0x23, 0x4a, 0x9c, 0x48, 0xb1, 0xa2, 0xc5, 0x8b, 0x18, 0x33,
    0x6a, 0xdc, 0xc8, 0xb1, 0xa3, 0xc7, 0x8f, 0x20, 0x43, 0x8a, 0x1c, 0x49, 0xb2, 0xa4, 0xc9, 0x93,
    0x28, 0x53, 0xaa, 0x5c, 0xc9, 0xb2, 0xa5, 0xcb, 0x97, 0x30, 0x63, 0xca, 0x9c, 0x49, 0xb3, 0xa6,
    0xcd, 0x9b, 0x38, 0x73, 0xea, 0xdc, 0x99, 0xf0, 0x8c, 0xcf, 0x35, 0x40, 0x7d, 0x9e, 0xe1, 0xb9,
    0x11, 0x8d, 0x19, 0x33, 0x64, 0x92, 0x1e, 0x45, 0x43, 0x54, 0xe3, 0x98, 0xa7, 0x67, 0xd6, 0x9c,
    0x79, 0x3a, 0xa6, 0xa9, 0x45, 0x9f, 0x63, 0xa0, 0x24, 0x81, 0x32, 0x50, 0x2b, 0x94, 0x31, 0x3e,
    0xad, 0x4a, 0x34, 0x1a, 0x26, 0x09, 0x8f, 0x22, 0x03, 0x8b, 0xf0, 0x48, 0x12, 0xc6, 0x0c, 0x53,
    0xb1, 0x10, 0xcf, 0x98, 0xc9, 0x2a, 0x04, 0xc9, 0x40, 0x24, 0x42, 0xbe, 0x9a, 0x19, 0x0a, 0xf7,
    0xe1, 0x1a, 0x32, 0x7c, 0x0f, 0xfe, 0x5d, 0xd3, 0xf7, 0x21, 0x1b, 0x32, 0x6c, 0x12, 0x0e, 0x2e,
    0xec, 0x50, 0x4c, 0x18, 0x31, 0x8a, 0xc9, 0x10, 0x6e, 0x2a, 0xb4, 0x72, 0x9b, 0x2e, 0x1c, 0x30,
    0x64, 0xd8, 0xac, 0x41, 0x84, 0x09, 0x16, 0x5b, 0x93, 0xb0, 0x30, 0x21, 0x42, 0x03, 0x06, 0x0e,
    0x52, 0xaa, 0x54, 0x19, 0x73, 0x54, 0x28, 0xcf, 0x35, 0x69, 0x62, 0xcb, 0x66, 0xc3, 0x65, 0x03,
    0x86, 0xdb, 0xb7, 0x3d, 0x84, 0x28, 0x71, 0x96, 0x47, 0x89, 0x10, 0x1e, 0x6e, 0x6b, 0x48, 0x5d,
    0xa5, 0x0c, 0xd0, 0xd8, 0x93, 0x75, 0x86, 0xf1, 0xc2, 0xbc, 0xf9, 0x98, 0x2d, 0x99, 0x35, 0x48,
    0xdf, 0xb0, 0x5b, 0xc5, 0x90, 0x26, 0x45, 0x5a, 0xa8, 0x38, 0x61, 0x1b, 0xb5, 0x14, 0x29, 0x5c,
    0x9a, 0x7b, 0xff, 0x09, 0x63, 0xd3, 0xf2, 0x17, 0x1c, 0x2d, 0x68, 0xa8, 0x5f, 0xdf, 0x22, 0x84,
    0xfb, 0xf7, 0x25, 0x46, 0xb0, 0x48, 0x2d, 0x45, 0xc8, 0x0f, 0x1e, 0x27, 0xdc, 0xb3, 0xd8, 0x3f,
    0x83, 0x3d, 0x8e, 0x2f, 0x6d, 0x54, 0x06, 0x13, 0x6c, 0xb1, 0xb1, 0x01, 0x46, 0x0b, 0x1f, 0xbc,
    0xf7, 0x9e, 0x08, 0x25, 0x34, 0xe8, 0x60, 0x7c, 0xf3, 0xa9, 0xc6, 0x04, 0x5e, 0x2a, 0x34, 0x38,
    0xc2, 0x85, 0x0a, 0x7e, 0xd0, 0x02, 0x18, 0x6c, 0xc8, 0x96, 0x5c, 0x4b, 0xcb, 0x31, 0x17, 0xc6,
    0x16, 0x34, 0xec, 0xf6, 0xe0, 0x89, 0x0f, 0xca, 0xf7, 0x5d, 0x7d, 0xf7, 0xb1, 0xa0, 0x42, 0x85,
    0x28, 0x86, 0x40, 0xc3, 0x16, 0x21, 0x8e, 0xd7, 0x52, 0x54, 0xe7, 0xa5, 0xa7, 0x5e, 0x0b, 0x28,
    0xf6, 0x78, 0xe2, 0x7e, 0x2e, 0xaa, 0xc0, 0x02, 0x0f, 0x42, 0xf0, 0x00, 0x23, 0x8a, 0x3a, 0xd2,
    0xd0, 0xc2, 0x0d, 0x5f, 0x48, 0xa5, 0x12, 0x6c, 0x07, 0x26, 0x08, 0x9f, 0x8f, 0x54, 0x5e, 0x38,
    0x42, 0x83, 0x2a, 0xfc, 0x80, 0xc4, 0x0f, 0x47, 0x9e, 0xf8, 0xde, 0x08, 0x21, 0xcc, 0x00, 0x46,
    0x1a, 0x1f, 0x9a, 0x14, 0x06, 0x18, 0x24, 0x9a, 0x48, 0xe5, 0x9a, 0x28, 0x66, 0xb9, 0xa5, 0x76,
    0x5d, 0x9e, 0x28, 0x82, 0x86, 0x5b, 0x80, 0x41, 0x5e, 0x4a, 0x35, 0xb0, 0xc0, 0x23, 0x9b, 0x7c,
    0x9e, 0x98, 0x65, 0x11, 0x45, 0xfc, 0x70, 0x5f, 0x9c, 0x0d, 0x86, 0xb0, 0x41, 0x06, 0x1b, 0xe8,
    0x59, 0x83, 0x4a, 0x22, 0xe8, 0x76, 0xe5, 0x83, 0x28, 0x44, 0x2a, 0x69, 0x9f, 0x0f, 0xfe, 0x09,
    0x68, 0xa0, 0x84, 0xfe, 0x96, 0x81, 0x66, 0x22, 0x84, 0x60, 0x82, 0x4a, 0x28, 0x54, 0xf7, 0xa2,
    0x83, 0x1e, 0x94, 0x6a, 0xea, 0x94, 0x7c, 0xaa, 0xc0, 0x83, 0xa0, 0x80, 0x72, 0xd9, 0xa3, 0xa1,
    0x88, 0x7e, 0xff, 0xf0, 0xc1, 0x08, 0x27, 0xa1, 0xe0, 0x19, 0x96, 0x44, 0xf2, 0x80, 0x42, 0x09,
    0x1e, 0x4c, 0x20, 0xc1, 0xaf, 0x12, 0x4c, 0x80, 0x81, 0x06, 0xd4, 0x51, 0xfa, 0x62, 0x0b, 0x5a,
    0xba, 0xfa, 0x6a, 0x08, 0x1f, 0x1c, 0x6a, 0x9a, 0x66, 0x24, 0xa1, 0xa0, 0x1b, 0x96, 0xc9, 0xee,
    0xea, 0x81, 0x04, 0x10, 0x64, 0x0b, 0x41, 0x04, 0xb8, 0x99, 0x28, 0xe9, 0xa4, 0x3d, 0xba, 0xa9,
    0xac, 0x8f, 0x21, 0x6c, 0x8a, 0x5b, 0x06, 0x24, 0x99, 0xa0, 0xa6, 0xb8, 0xd6, 0x4e, 0x10, 0x81,
    0x04, 0x11, 0xbc, 0x3b, 0x6c, 0xb1, 0xbc, 0x9a, 0x5a, 0xaa, 0x8f, 0xe2, 0xe6, 0xa7, 0xa6, 0x97,
    0xe6, 0xe2, 0x16, 0x12, 0x8e, 0x25, 0x3a, 0x28, 0x6e, 0x85, 0x21, 0xe0, 0x86, 0xad, 0x04, 0x1e,
    0xfc, 0x56, 0x82, 0xb4, 0xbe, 0x02, 0x3b, 0x81, 0x07, 0xbb, 0xfa, 0xf9, 0x43, 0x12, 0x3e, 0xd8,
    0x46, 0x2f, 0xbf, 0xb8, 0x9d, 0xd6, 0x85, 0x93, 0x1d, 0xa1, 0x91, 0x86, 0x17, 0x01, 0x53, 0xbb,
    0x25, 0xc1, 0xe6, 0x46, 0x00, 0x01, 0xc2, 0x11, 0x4b, 0x8b, 0xad, 0xb6, 0x12, 0x7c, 0xa0, 0x42,
    0xc4, 0x02, 0x4f, 0x5c, 0xf1, 0xb0, 0xfb, 0x3a, 0x58, 0x6e, 0xc6, 0x1c, 0x70, 0xa1, 0xc6, 0x5b,
    0x1c, 0x9d, 0xf1, 0x71, 0xc0, 0x2f, 0x0e, 0x59, 0x24, 0xc9, 0xb7, 0xf9, 0x3a, 0x41, 0x08, 0x2c,
    0xec, 0xaa, 0xf2, 0xb6, 0x26, 0x23, 0xfc, 0x41, 0xc2, 0x95, 0xca, 0x6c, 0xae, 0x6e, 0x35, 0xc3,
    0x6a, 0x6e, 0xce, 0x6a, 0x04, 0xb6, 0x91, 0xcf, 0x20, 0x87, 0xa0, 0xaa, 0x10, 0x3e, 0x04, 0x59,
    0xa8, 0x69, 0x1b, 0xec, 0xc0, 0xc3, 0x0e, 0x82, 0xea, 0xca, 0x2b, 0xb6, 0xf1, 0xc6, 0xfb, 0xeb,
    0xc3, 0x30, 0x67, 0x99, 0xc4, 0x0e, 0xee, 0x4a, 0xa0, 0xd9, 0xc5, 0x85, 0x32, 0x6b, 0x1a, 0xd6,
    0x5a, 0x6b, 0xff, 0xd4, 0x06, 0x1b, 0x61, 0x94, 0x38, 0xf0, 0x83, 0x37, 0x6b, 0x00, 0x04, 0x13,
    0x49, 0x18, 0x11, 0xa8, 0xb5, 0x6c, 0xb7, 0x9d, 0x2d, 0xca, 0x31, 0xcf, 0x3d, 0xc1, 0xc9, 0xb7,
    0x65, 0x50, 0xf3, 0xd8, 0xa7, 0x79, 0xc1, 0x46, 0x1b, 0x1e, 0x81, 0x81, 0xa6, 0xe0, 0x42, 0x30,
    0x21, 0x44, 0x97, 0x21, 0x70, 0xa0, 0x01, 0x07, 0x3e, 0x20, 0x71, 0xe9, 0x0f, 0x8c, 0x33, 0xed,
    0x76, 0x04, 0x70, 0x47, 0x4e, 0x37, 0xe5, 0xb9, 0xb9, 0xe7, 0x65, 0x77, 0x34, 0x82, 0xb1, 0xf5,
    0x1a, 0x60, 0xa0, 0xc7, 0xa3, 0x8a, 0x55, 0x48, 0xa1, 0x82, 0x08, 0xc4, 0x8b, 0x80, 0x82, 0xd9,
    0x67, 0x5d, 0xba, 0xf8, 0xda, 0xae, 0xdb, 0x7d, 0xdb, 0xbe, 0x72, 0xcf, 0xfe, 0xee, 0xaf, 0xf3,
    0x56, 0xed, 0x5e, 0x0b, 0x2d, 0xe0, 0x00, 0x06, 0xc7, 0x16, 0x79, 0xec, 0x05, 0x82, 0xbb, 0x01,
    0x2f, 0x05, 0x0d, 0x2b, 0x94, 0xbf, 0xc2, 0x0c, 0x4a, 0x40, 0x81, 0x9d, 0xf2, 0xac, 0x33, 0xaf,
    0x2d, 0xb7, 0x9a, 0x41, 0x3f, 0xf1, 0x0e, 0x2b, 0x67, 0x0b, 0x3f, 0x06, 0x97, 0x37, 0x38, 0x67,
    0x0b, 0x5e, 0xa4, 0xc1, 0x73, 0x45, 0x5c, 0x0b, 0x99, 0xf8, 0x3c, 0xd0, 0x81, 0x02, 0x16, 0x50,
    0x07, 0x08, 0x0c, 0x02, 0xfb, 0xda, 0xf5, 0xb6, 0x09, 0x08, 0x0b, 0x51, 0xf2, 0x93, 0x5c, 0xb0,
    0xde, 0x36, 0xaf, 0x13, 0xbc, 0xe8, 0x82, 0x84, 0xa3, 0x41, 0xff, 0xfa, 0x36, 0x91, 0x00, 0x9a,
    0x48, 0x45, 0x56, 0x88, 0x82, 0x03, 0x46, 0x48, 0x42, 0x12, 0xea, 0xa0, 0x09, 0x0a, 0xc4, 0x54,
    0x83, 0x4a, 0x15, 0x02, 0xb3, 0xed, 0xe0, 0x37, 0x35, 0xb3, 0xd4, 0x0e, 0x66, 0x08, 0x1c, 0xaa,
    0xf1, 0x46, 0x50, 0x69, 0x3b, 0x92, 0x8c, 0x36, 0x88, 0x91, 0xbf, 0x05, 0xee, 0x83, 0xf3, 0x09,
    0x61, 0x09, 0xff, 0x87, 0xa8, 0x03, 0x28, 0xac, 0xae, 0x4b, 0xd6, 0x61, 0xc2, 0x10, 0x32, 0x65,
    0xa9, 0x24, 0x24, 0x61, 0x08, 0x49, 0x8b, 0x98, 0xa5, 0x5a, 0xa5, 0x43, 0x1a, 0x8c, 0xa9, 0x4c,
    0x13, 0xf1, 0x5c, 0x9a, 0x2c, 0x14, 0x21, 0x11, 0x0e, 0xd1, 0x84, 0x6a, 0xc9, 0x61, 0x83, 0x22,
    0xc5, 0x82, 0x64, 0xc5, 0xe9, 0x58, 0x3f, 0x60, 0x1f, 0x12, 0xd3, 0x78, 0x44, 0x9b, 0xd1, 0x80,
    0x0b, 0x62, 0xa8, 0x0a, 0x45, 0xa2, 0xd2, 0x3b, 0xec, 0xf9, 0x49, 0x08, 0x89, 0x43, 0x20, 0x02,
    0x77, 0x50, 0x03, 0x12, 0x62, 0x60, 0x03, 0x1b, 0xb0, 0x20, 0x8c, 0x54, 0xc5, 0x2a, 0x15, 0x0a,
    0x6c, 0x55, 0x3f, 0x08, 0x82, 0x22, 0xa9, 0x18, 0x35, 0x35, 0x56, 0xca, 0x08, 0x4d, 0xf8, 0x4a,
    0x58, 0x22, 0xe2, 0x3d, 0xf0, 0x49, 0x0c, 0x50, 0x4d, 0xc8, 0xe4, 0x56, 0x76, 0x40, 0xc2, 0x0b,
    0xdc, 0xe6, 0x03, 0xc4, 0xa3, 0x96, 0x23, 0x63, 0x56, 0x04, 0x23, 0x38, 0x01, 0x0a, 0x4e, 0x60,
    0x24, 0x29, 0xdb, 0x28, 0x30, 0x1f, 0x0c, 0x81, 0x09, 0xac, 0xf9, 0x9f, 0x43, 0x3c, 0xd8, 0x26,
    0x36, 0x2a, 0x32, 0x08, 0x3d, 0x48, 0x82, 0x0e, 0xfc, 0x08, 0x48, 0x41, 0x8a, 0x92, 0x95, 0xa2,
    0x0c, 0x82, 0x1e, 0x15, 0x38, 0xae, 0x12, 0x4c, 0xd1, 0x90, 0xa2, 0x6c, 0x02, 0x6b, 0x38, 0xc8,
    0x10, 0x5a, 0x5e, 0x52, 0x79, 0x80, 0x12, 0x26, 0x02, 0x79, 0xe0, 0x03, 0x1f, 0xa4, 0x2d, 0x3f,
    0x28, 0x60, 0xa3, 0x2a, 0xb1, 0xd4, 0x03, 0x28, 0xe8, 0xe0, 0x01, 0x0c, 0x78, 0x80, 0x0e, 0x9c,
    0xd0, 0x83, 0x35, 0x8e, 0x32, 0x99, 0xcb, 0x94, 0x08, 0x2d, 0xad, 0xf4, 0x4b, 0x68, 0x16, 0x21,
    0x93, 0x4d, 0x70, 0x62, 0x12, 0x90, 0x80, 0x97, 0x19, 0xa0, 0x60, 0x06, 0xda, 0x44, 0xa6, 0x31,
    0xbb, 0xa9, 0xff, 0x03, 0x06, 0x28, 0x80, 0x01, 0x45, 0x0c, 0x82, 0x39, 0x81, 0x69, 0xcc, 0x34,
    0x2a, 0x93, 0x4c, 0xea, 0xfc, 0xd9, 0x6e, 0x80, 0xd4, 0x4e, 0x68, 0xde, 0x12, 0x87, 0x69, 0x33,
    0xa0, 0x0f, 0xce, 0xb9, 0x4f, 0x6f, 0xfa, 0x93, 0x01, 0x37, 0xf8, 0xc1, 0x0e, 0x06, 0xaa, 0x4a,
    0x34, 0xbe, 0xd3, 0x0b, 0x4f, 0x49, 0x68, 0xd7, 0x22, 0x24, 0x05, 0x16, 0x88, 0xe0, 0x98, 0xee,
    0xfc, 0x01, 0x9c, 0xee, 0xd9, 0x01, 0x70, 0x8a, 0xd3, 0x09, 0x29, 0x2c, 0xa6, 0x0a, 0xf8, 0x79,
    0x51, 0x08, 0x38, 0xf0, 0x03, 0x71, 0xcb, 0x27, 0x97, 0x4e, 0x8a, 0xc8, 0x4b, 0x35, 0x01, 0x09,
    0x4d, 0x90, 0x88, 0x0f, 0x4b, 0x14, 0xc4, 0x92, 0x9e, 0x34, 0x9f, 0xca, 0x1b, 0xc2, 0x10, 0x7c,
    0x00, 0x43, 0x0f, 0x98, 0xa0, 0x03, 0x17, 0x1d, 0x67, 0x4c, 0x91, 0xe8, 0x03, 0x27, 0xf4, 0xf3,
    0x9f, 0xf6, 0x4b, 0x58, 0x08, 0xae, 0x74, 0xcc, 0x9d, 0xa2, 0x74, 0x08, 0x3f, 0x38, 0x82, 0x44,
    0xce, 0x94, 0x26, 0x92, 0x9a, 0x14, 0xa5, 0x97, 0x5a, 0xc2, 0x4f, 0x6d, 0xb0, 0x23, 0x1b, 0x78,
    0xc0, 0xa5, 0x52, 0xed, 0xa8, 0x0a, 0x5a, 0x60, 0x04, 0x6f, 0xba, 0x34, 0x58, 0x13, 0x48, 0x81,
    0x0d, 0x66, 0xe0, 0xd1, 0x23, 0x1e, 0xd5, 0x9d, 0x41, 0x10, 0x6b, 0x44, 0xf2, 0xd4, 0x82, 0x13,
    0x18, 0x33, 0x74, 0xa3, 0xfb, 0x2b, 0x34, 0xaf, 0x03, 0xc7, 0x1a, 0x79, 0x01, 0x0c, 0x5e, 0xc8,
    0x42, 0x16, 0xb0, 0x80, 0x84, 0x21, 0xf8, 0x95, 0x90, 0x48, 0x80, 0x63, 0x64, 0xb1, 0x90, 0x85,
    0x2d, 0x78, 0x36, 0x3c, 0x5b, 0xd8, 0x52, 0x0a, 0x2f, 0x8b, 0xd4, 0x22, 0x04, 0x56, 0x22, 0x8d,
    0x7a, 0x4f, 0x36, 0x47, 0xa6, 0xd8, 0x4b, 0x0d, 0x01, 0x08, 0x4d, 0x40, 0xc3, 0x1b, 0xdc, 0xb0,
    0x06, 0x35, 0xff, 0x00, 0x45, 0x0d, 0x6c, 0x80, 0x03, 0x1c, 0xde, 0xd0, 0x04, 0xcb, 0x52, 0xf1,
    0xaf, 0x50, 0x68, 0xc3, 0x1b, 0xde, 0xa0, 0x5b, 0x38, 0xb0, 0xe1, 0xb8, 0xc3, 0x6d, 0x43, 0x6f,
    0x8b, 0xa0, 0x54, 0xdf, 0x7a, 0xb5, 0xb4, 0xa7, 0x8d, 0x88, 0xba, 0x4e, 0x90, 0x9e, 0x1a, 0x98,
    0xf1, 0xa4, 0x75, 0xa1, 0x27, 0x12, 0x92, 0xb0, 0x04, 0x26, 0x40, 0x21, 0x0b, 0x5a, 0xd0, 0x02,
    0x19, 0x8e, 0x72, 0x14, 0x32, 0x5c, 0xe1, 0xbc, 0x95, 0x5d, 0x5d, 0x0b, 0x50, 0x80, 0xac, 0x22,
    0x20, 0xe1, 0xbc, 0xf0, 0xbd, 0x02, 0x6b, 0xc8, 0xa0, 0x85, 0xc9, 0x42, 0x81, 0x09, 0x6a, 0x6d,
    0xc2, 0x12, 0x7e, 0x8b, 0xd6, 0xe8, 0x42, 0xc4, 0x04, 0x1e, 0x98, 0xd1, 0x18, 0xb8, 0x80, 0x9d,
    0x9d, 0x46, 0x48, 0x35, 0xaa, 0xe1, 0x42, 0x19, 0xb2, 0xd0, 0x80, 0x06, 0x6b, 0xc1, 0x0d, 0x49,
    0x71, 0xc3, 0x15, 0x10, 0x30, 0x00, 0x04, 0x04, 0xf4, 0x52, 0x3d, 0xf0, 0x41, 0x0f, 0x82, 0xe0,
    0x4d, 0x0a, 0x0f, 0xe0, 0xc3, 0x08, 0xb8, 0x02, 0x1c, 0xb2, 0xe0, 0x52, 0x2c, 0x98, 0x01, 0xa4,
    0x62, 0xf0, 0x42, 0x81, 0x87, 0xd7, 0x5f, 0xc1, 0x42, 0xa4, 0x51, 0x2d, 0x08, 0x83, 0x1b, 0xc4,
    0xb0, 0x62, 0x11, 0x1c, 0x18, 0xc1, 0xb9, 0xdd, 0x42, 0x83, 0x1b, 0xa0, 0x85, 0x37, 0x94, 0xa1,
    0x0c, 0x6f, 0xb8, 0xc2, 0x00, 0x00, 0x30, 0x80, 0x1b, 0x38, 0x41, 0x9b, 0x50, 0x48, 0xf2, 0x0f,
    0x9c, 0x70, 0x83, 0x00, 0x00, 0xe0, 0xc9, 0x44, 0xbe, 0x42, 0x1c, 0xb0, 0x70, 0xd1, 0x2d, 0xc0,
    0x81, 0xb6, 0x69, 0xa0, 0x31, 0xa6, 0x5a, 0x0b, 0x28, 0xb0, 0xba, 0xf8, 0x21, 0x35, 0x48, 0xc1,
    0x0d, 0x34, 0xa7, 0x65, 0x03, 0x13, 0x07, 0xc1, 0x58, 0xd0, 0xc2, 0x14, 0x76, 0x7c, 0x85, 0x34,
    0x78, 0x2e, 0xff, 0x0d, 0x13, 0xae, 0x70, 0x11, 0x55, 0x67, 0x5a, 0x3d, 0xd6, 0x55, 0x07, 0x1e,
    0x06, 0xf1, 0x15, 0x82, 0x7c, 0xd1, 0x29, 0xd4, 0x97, 0x0c, 0x69, 0x18, 0x43, 0x8d, 0x51, 0xfa,
    0xd3, 0xa0, 0x46, 0x64, 0x39, 0x6d, 0x09, 0xf4, 0xa0, 0x83, 0x00, 0x49, 0xcd, 0x61, 0x01, 0x9c,
    0x0c, 0x18, 0x40, 0x00, 0x06, 0x50, 0x01, 0x0b, 0x58, 0xda, 0xd2, 0x15, 0xc8, 0xf4, 0x16, 0xca,
    0xc0, 0x85, 0x24, 0x30, 0xe1, 0x9b, 0xe1, 0xc4, 0x42, 0x1b, 0xb6, 0x90, 0xe9, 0x52, 0x57, 0xda,
    0xd2, 0x3b, 0x66, 0x40, 0x38, 0x1f, 0x1c, 0x86, 0x41, 0x6b, 0xf3, 0x3a, 0x20, 0x95, 0x23, 0x44,
    0x08, 0x64, 0x06, 0x45, 0x6f, 0x59, 0x05, 0x47, 0x38, 0xa5, 0x18, 0xdc, 0x90, 0x05, 0x7f, 0x2a,
    0xc0, 0xc9, 0x94, 0xbe, 0xb4, 0xb0, 0x2d, 0x20, 0x06, 0x36, 0x88, 0x21, 0x09, 0x4a, 0xb8, 0x2a,
    0x03, 0xb2, 0xf0, 0x06, 0x31, 0x0c, 0x5b, 0xd8, 0x3b, 0x56, 0xc0, 0x3f, 0xb3, 0xe0, 0x86, 0x56,
    0xdf, 0xfa, 0xd5, 0x07, 0xc5, 0x62, 0x33, 0x7d, 0x52, 0x6b, 0x41, 0x07, 0x6a, 0xbd, 0x2c, 0xd0,
    0xa3, 0x17, 0x78, 0xad, 0x6a, 0x06, 0x00, 0xfb, 0xd4, 0xcf, 0x16, 0x03, 0x1a, 0xc4, 0x90, 0x64,
    0x50, 0x3f, 0xa0, 0xc7, 0x60, 0x78, 0xf6, 0xa5, 0x53, 0x3d, 0xed, 0x6a, 0x6f, 0xc9, 0x48, 0xad,
    0xbd, 0x4e, 0x3a, 0xe7, 0x38, 0x97, 0xe5, 0xe6, 0xd2, 0xdd, 0x59, 0x18, 0xf1, 0x8e, 0xcf, 0x6d,
    0x69, 0x0a, 0x18, 0xfc, 0xd2, 0x60, 0x28, 0x03, 0x19, 0xc2, 0xb0, 0x9c, 0xc9, 0x66, 0x41, 0x0c,
    0x65, 0x88, 0x77, 0xc1, 0x0f, 0x6e, 0x81, 0x0a, 0x48, 0x7a, 0x00, 0x3b, 0xee, 0xb1, 0x17, 0x6c,
    0x60, 0xc1, 0x76, 0xea, 0x7b, 0x2f, 0x15, 0xf9, 0x5b, 0x19, 0x9e, 0x60, 0xd9, 0x20, 0x58, 0xf5,
    0xa2, 0x5a, 0xff, 0x88, 0x83, 0x16, 0x06, 0x4e, 0xe4, 0x53, 0x1b, 0x9c, 0x02, 0x97, 0x4e, 0xc3,
    0x70, 0x67, 0x5e, 0xdc, 0xe1, 0xa6, 0xe1, 0xd2, 0x2f, 0xc7, 0xf4, 0x90, 0x03, 0x90, 0xf1, 0x37,
    0x44, 0x89, 0x41, 0x05, 0x75, 0xad, 0x32, 0xdd, 0x52, 0x91, 0x2e, 0x70, 0x21, 0xb4, 0xd6, 0x24,
    0x82, 0x45, 0xff, 0x39, 0x85, 0x2d, 0xac, 0xb9, 0xc1, 0x04, 0xaf, 0xc0, 0xcb, 0x4b, 0x1d, 0xdf,
    0xaa, 0xc3, 0xb7, 0xd4, 0x53, 0xaf, 0xf8, 0xce, 0x77, 0x9c, 0x05, 0x34, 0x70, 0x81, 0xe3, 0x17,
    0x6c, 0x6f, 0x97, 0x95, 0x39, 0x49, 0x88, 0x18, 0xc7, 0x0b, 0x1d, 0xe0, 0x00, 0x07, 0x2c, 0x48,
    0x03, 0x29, 0x58, 0x61, 0x09, 0x0b, 0x28, 0xc0, 0x01, 0x54, 0xfd, 0x80, 0x29, 0x70, 0x21, 0x0a,
    0x3b, 0x2f, 0x77, 0x02, 0x0e, 0x70, 0x80, 0x04, 0xf8, 0xfd, 0xc3, 0x03, 0xf0, 0xbb, 0xe0, 0x13,
    0x00, 0x78, 0xc1, 0xeb, 0xdd, 0xef, 0xc0, 0x6e, 0x7a, 0x16, 0xee, 0xbb, 0x84, 0x20, 0x40, 0x34,
    0x9f, 0xfe, 0x55, 0xa7, 0x19, 0xb6, 0xb0, 0x01, 0x4f, 0x2e, 0xd4, 0xed, 0x51, 0x48, 0x80, 0x00,
    0x0a, 0x20, 0x6d, 0x06, 0xa4, 0x3c, 0x0b, 0x3b, 0x97, 0xb6, 0x02, 0x08, 0x20, 0x80, 0xd2, 0x97,
    0x1e, 0xca, 0x02, 0x20, 0x80, 0xea, 0x49, 0x8f, 0xfa, 0xd4, 0x8b, 0x9e, 0xf4, 0x02, 0x00, 0xb6,
    0x16, 0xe0, 0x50, 0x06, 0x26, 0x00, 0xc1, 0xb7, 0xee, 0x64, 0x6e, 0x58, 0x2b, 0x72, 0xf6, 0xb4,
    0x73, 0x80, 0x04, 0x25, 0x08, 0x62, 0x14, 0x16, 0x90, 0x80, 0x05, 0xd0, 0x7d, 0xcf, 0x13, 0x9e,
    0x74, 0xb9, 0x89, 0x3f, 0xf8, 0x00, 0x38, 0xbf, 0x00, 0x06, 0x88, 0xbe, 0x01, 0x0a, 0xe0, 0xfc,
    0x00, 0xf8, 0xdd, 0xf8, 0xaa, 0x66, 0x3e, 0xb0, 0xaf, 0xe0, 0x06, 0x02, 0xe3, 0x3e, 0xf7, 0x85,
    0xc6, 0x88, 0xff, 0xd1, 0xcb, 0x4a, 0x9c, 0x28, 0x98, 0xff, 0xfc, 0x55, 0x08, 0x61, 0x9f, 0xb5,
    0x50, 0x75, 0x2d, 0x64, 0x7e, 0xf3, 0x05, 0x88, 0xbf, 0xfc, 0x0b, 0x20, 0x80, 0x04, 0x44, 0x81,
    0xfd, 0x58, 0xc8, 0xff, 0x15, 0xdc, 0xaf, 0x79, 0xfb, 0x63, 0xa1, 0x0a, 0x74, 0x96, 0x7b, 0xb0,
    0x16, 0x52, 0x17, 0xe1, 0x06, 0x6c, 0x30, 0x06, 0x34, 0xe0, 0x01, 0x07, 0x66, 0x05, 0x0c, 0xd8,
    0x80, 0xe9, 0x17, 0x05, 0x55, 0x16, 0x07, 0xc5, 0xa5, 0x5b, 0x71, 0xb0, 0x05, 0x09, 0x40, 0x00,
    0xd3, 0x37, 0x7f, 0xd0, 0x47, 0x00, 0x09, 0xb0, 0x05, 0x12, 0x38, 0x81, 0x15, 0xd8, 0x7f, 0x51,
    0x60, 0x05, 0x52, 0x10, 0x80, 0x8b, 0x75, 0x38, 0xb1, 0x24, 0x7e, 0x47, 0x47, 0x03, 0x25, 0x30,
    0x03, 0x2b, 0xb2, 0x22, 0x08, 0xf6, 0x80, 0x2e, 0x75, 0x7f, 0xed, 0x97, 0x79, 0x18, 0xa8, 0x81,
    0x1b, 0x68, 0x7f, 0xec, 0x17, 0x5f, 0xee, 0x47, 0x7c, 0x0b, 0x30, 0x82, 0x25, 0x08, 0x28, 0xda,
    0xe5, 0x53, 0xde, 0x05, 0x16, 0xcc, 0x34, 0x4b, 0x6b, 0x80, 0x76, 0x1b, 0xc0, 0x01, 0x3c, 0x30,
    0x04, 0x3c, 0x40, 0x03, 0x2a, 0x40, 0x03, 0x43, 0x80, 0x04, 0x4c, 0x10, 0x83, 0xc1, 0x53, 0x40,
    0x1a, 0xe0, 0x83, 0x83, 0xe7, 0x77, 0x19, 0x28, 0x7d, 0xd2, 0x17, 0x7f, 0x06, 0xb0, 0x85, 0xc5,
    0x57, 0x7c, 0x3a, 0x10, 0x05, 0x4b, 0xb0, 0x5d, 0x74, 0x86, 0x04, 0xf4, 0x91, 0x04, 0x41, 0xd0,
    0x04, 0xb1, 0x86, 0x11, 0x68, 0xa0, 0x06, 0xb5, 0x31, 0x2c, 0x3d, 0x20, 0x3a, 0xb6, 0x92, 0x4d,
    0xee, 0x65, 0x85, 0x52, 0x30, 0x03, 0x36, 0xd0, 0x01, 0x07, 0x60, 0x7a, 0x80, 0x98, 0x7a, 0x05,
    0xb0, 0x7a, 0x84, 0x48, 0x00, 0x83, 0x18, 0x88, 0xa6, 0x77, 0x00, 0x51, 0xf0, 0x7f, 0x47, 0xa0,
    0x48, 0x4a, 0xff, 0x75, 0x04, 0x55, 0x40, 0x05, 0x55, 0xc0, 0x86, 0x43, 0x27, 0x4b, 0x1d, 0x24,
    0x87, 0x99, 0x51, 0x36, 0x4e, 0xc8, 0x62, 0x69, 0x84, 0x04, 0x31, 0x48, 0x82, 0x26, 0xf0, 0x54,
    0xcc, 0x27, 0x86, 0x07, 0x60, 0x00, 0x7d, 0xb7, 0x85, 0xa5, 0x78, 0x8a, 0x62, 0xf8, 0x83, 0x24,
    0xf8, 0x04, 0xf0, 0x94, 0x49, 0x2b, 0x82, 0x1d, 0x92, 0x74, 0x84, 0x71, 0x81, 0x89, 0xc3, 0xe2,
    0x4b, 0x41, 0xd7, 0x04, 0x70, 0x24, 0x06, 0xbc, 0xc8, 0x05, 0x39, 0x20, 0x03, 0x32, 0x10, 0x03,
    0xc2, 0x38, 0x8c, 0xc3, 0xb8, 0x63, 0xc4, 0x28, 0x8c, 0xc6, 0x78, 0x8c, 0xc3, 0x48, 0x1c, 0x5c,
    0xc0, 0x70, 0x8f, 0xe1, 0x8b, 0x39, 0x90, 0x03, 0xc4, 0xb1, 0x11, 0x7f, 0xe3, 0x05, 0xd1, 0x01,
    0x4a, 0x40, 0xa7, 0x02, 0xae, 0xd4, 0x04, 0xc2, 0x35, 0x73, 0x68, 0xf0, 0x8b, 0xd1, 0x18, 0x8e,
    0xe2, 0x28, 0x03, 0x3b, 0x26, 0x03, 0xe3, 0x58, 0x8e, 0xe2, 0x28, 0x8e, 0x0d, 0xe8, 0x06, 0x34,
    0xf7, 0x8d, 0xe6, 0x38, 0x8d, 0x1a, 0xc1, 0x1c, 0xd0, 0xf1, 0x47, 0x82, 0x74, 0x2c, 0x48, 0x70,
    0x4a, 0xf1, 0x95, 0x05, 0x56, 0x00, 0x8c, 0xfc, 0xd8, 0x8f, 0xc2, 0x08, 0x02, 0xc9, 0x48, 0x8c,
    0x3b, 0x06, 0x02, 0xc2, 0xd8, 0x8f, 0xc0, 0xb8, 0x04, 0xe6, 0x97, 0x8f, 0x56, 0x10, 0x8e, 0xaa,
    0x61, 0x05, 0x1b, 0xc1, 0x01, 0x4b, 0x98, 0x20, 0x27, 0x80, 0x48, 0x41, 0x00, 0x04, 0x49, 0xc0,
    0x05, 0x6c, 0x70, 0x05, 0xa3, 0x58, 0x7c, 0x27, 0x23, 0x01, 0xe6, 0x28, 0x03, 0x2e, 0xf0, 0x02,
    0x2e, 0xe0, 0x61, 0xce, 0x87, 0x71, 0x3b, 0xd6, 0x60, 0x92, 0x36, 0x69, 0x15, 0x16, 0x92, 0x2e,
    0x60, 0x8e, 0x31, 0xb0, 0x91, 0x82, 0xb7, 0x00, 0x57, 0x80, 0x06, 0x20, 0x95, 0x14, 0x1b, 0xd1,
    0x2d, 0x41, 0xff, 0x57, 0x04, 0xf6, 0xc1, 0x04, 0x62, 0x00, 0x07, 0x57, 0xa0, 0x79, 0xaa, 0x27,
    0x00, 0x07, 0xf0, 0x72, 0x1f, 0xc9, 0x92, 0x4e, 0x06, 0x65, 0x3c, 0x77, 0x92, 0x0d, 0x70, 0x94,
    0x4f, 0x16, 0x00, 0x2c, 0xe9, 0x92, 0x7f, 0x58, 0x88, 0xf5, 0xc7, 0x6c, 0xe3, 0x45, 0x74, 0x1a,
    0xb1, 0x29, 0x1a, 0x50, 0x1d, 0x6c, 0x74, 0x04, 0x47, 0x00, 0x05, 0x61, 0x10, 0x64, 0x0b, 0x60,
    0x8a, 0xd3, 0x97, 0x00, 0x10, 0x40, 0x01, 0x1e, 0x09, 0x8c, 0x2c, 0x99, 0x67, 0x1f, 0xa6, 0x94,
    0x0d, 0x00, 0x78, 0x20, 0xf6, 0x94, 0x39, 0x10, 0x03, 0x09, 0x20, 0x96, 0xd1, 0x57, 0x8a, 0x32,
    0x09, 0x61, 0xae, 0x71, 0x95, 0x34, 0x63, 0x4c, 0x41, 0x20, 0x04, 0x2e, 0x66, 0x06, 0xe4, 0x26,
    0x6d, 0x07, 0xc0, 0x81, 0x1c, 0x90, 0x02, 0x1e, 0x00, 0x03, 0x2e, 0x90, 0x98, 0x8a, 0x99, 0x98,
    0xff, 0x98, 0x92, 0x25, 0x49, 0x90, 0x31, 0xb0, 0x98, 0x8a, 0x29, 0x92, 0xbe, 0x36, 0x7d, 0x06,
    0xd0, 0x79, 0xd4, 0x66, 0x06, 0x1e, 0x81, 0x1b, 0x12, 0x09, 0x04, 0xbb, 0x27, 0x10, 0x68, 0xe0,
    0x06, 0x54, 0x26, 0x6d, 0xf4, 0x77, 0x00, 0x1d, 0x30, 0x03, 0x1e, 0x20, 0x99, 0x89, 0xf9, 0x02,
    0x2f, 0xe0, 0x92, 0x4c, 0x09, 0x00, 0x01, 0x10, 0x03, 0xbf, 0xc8, 0x9a, 0xaa, 0xe9, 0x02, 0xbe,
    0x46, 0x7f, 0x9c, 0xf7, 0x4f, 0x58, 0xe0, 0x06, 0x96, 0x88, 0x11, 0x10, 0xc9, 0x01, 0xe9, 0x61,
    0x03, 0x9e, 0x66, 0x68, 0x72, 0x00, 0x98, 0x24, 0x96, 0x7d, 0xc5, 0xd7, 0x01, 0x6e, 0x55, 0x9b,
    0x89, 0xe9, 0x92, 0x3b, 0x07, 0x6c, 0xb2, 0x09, 0x92, 0xcc, 0xb9, 0x7c, 0xc5, 0x47, 0x77, 0x99,
    0xe9, 0x11, 0x5e, 0xc0, 0x05, 0xe1, 0xc1, 0x1c, 0x54, 0x61, 0x10, 0x92, 0x95, 0x05, 0xf0, 0x45,
    0x12, 0xf0, 0x29, 0xf5, 0x9d, 0x21, 0xf1, 0x37, 0x6c, 0x00, 0x14, 0x04, 0x82, 0x45, 0x6e, 0xb0,
    0x9e, 0xeb, 0xf9, 0x06, 0x24, 0x31, 0x5b, 0xec, 0xe9, 0x06, 0xff, 0x42, 0x5e, 0xf4, 0xc9, 0x41,
    0x49, 0x71, 0x9f, 0x64, 0x40, 0x12, 0xf8, 0x69, 0x93, 0x17, 0x11, 0x10, 0x00, 0x3b
};
const size_t speak_gif_size = 34766;
